condition_id,mode_id,seed,completion,fuel_L100,speed_sd,acceleration_rms,stopped_vehicle_s,mean_speed,total_fuel_L,minimum_gap,violations,legacy_filter_count,hdv_filter_count,cav_filter_count,filter_mean_delta,filter_max_delta,mean_information_age,maximum_information_age,realized_packet_loss,jerk_rms,hold_events,hold_vehicle_s
1,1,0,100,8.63610591995945,6.81397611025648,0.763647412440432,286.9,16.5665466824306,4.88608685744537,2.00000001277715,0,20340,1299,17382,0.199191516493171,5.81823419188348,0,0,0,0.604147901524002,0,0
1,1,1,100,8.52668870015134,6.71868755727146,0.744390400031255,273.9,16.6759479806119,4.85606170748479,2.00000005011361,0,20670,824,19424,0.212317531629868,5.8,0,0,0,0.510412199596584,0,0
1,1,2,100,8.54254334021996,6.71030527044203,0.746967953252692,278.1,16.5720314357303,4.83465461616725,2.00000003185903,0,21115,1301,19814,0.213876731656693,5.8,0,0,0,0.559639225667067,0,0
1,1,3,100,8.39718554727488,6.62271070781981,0.732353120267505,269,16.7458847320876,4.80230800677471,2.00000005888251,0,19440,1284,16738,0.207633839202642,5.8,0,0,0,0.548641234267423,0,0
1,1,4,100,8.37002607727743,6.51338989297817,0.727710401634742,263.9,16.6175674094078,4.75010112519007,2.00000010584097,0,21098,773,19943,0.21538728825713,5.8,0,0,0,0.498989118744265,0,0
1,1,5,100,8.49566128727477,6.63822392291402,0.741178046947404,274.9,16.5723699278352,4.80822975838138,2.00000004431706,0,20138,1011,19127,0.219802372849148,5.8,0,0,0,0.51446191537801,0,0
1,1,6,100,8.4934573273937,6.6544652563405,0.746543400289959,275.1,16.6310106683065,4.82410654698201,2.00000004500782,0,21820,1137,20666,0.215598656050138,5.8,0,0,0,0.510318470179837,0,0
1,1,7,100,8.54114596471103,6.74127593894307,0.749580164781265,279.2,16.6431280699229,4.85464697455357,2.00000002801653,0,19827,1335,16363,0.199562602162807,5.8,0,0,0,0.542743810303702,0,0
1,1,8,100,8.46896386306787,6.61215487671763,0.747612632709498,277.3,16.5920482956504,4.79882097582981,2.00000002644992,0,21259,1041,20218,0.214901953776848,6.29336964962211,0,0,0,0.604007889266272,0,0
1,1,9,100,8.63578061026452,6.81497879301852,0.761359628458374,287.6,16.5727482442518,4.88760589891057,2.00000001058447,0,19726,1312,17331,0.202209260884572,6.28388883482433,0,0,0,0.613180577160706,0,0
1,1,10,100,8.68606688102535,6.80695418522632,0.76484734917022,291.2,16.3220868804076,4.84161526823657,2.00000001137664,0,21802,1148,20116,0.209355881148777,5.8,0,0,0,0.554724057860778,0,0
1,1,11,100,8.39175103013996,6.51331411754277,0.733134635252985,269.4,16.6232793795206,4.76413396414196,2.00000010003419,0,21047,793,19851,0.21451598384885,5.8,0,0,0,0.4858574541824,0,0
1,1,12,100,8.7105110275537,6.85031401455061,0.771840554069722,292.4,16.3232496739113,4.85569264202725,2.00000001047999,0,20136,1516,16950,0.207717673819943,5.8,0,0,0,0.559973317510116,0,0
1,1,13,100,8.55034081983828,6.72064898484869,0.746021672347164,281.3,16.5390712424418,4.82945310330335,2.00000002670072,0,20822,1263,18769,0.21346906359988,5.8,0,0,0,0.545824767088163,0,0
1,1,14,100,8.68359866700073,6.82755400671677,0.762693895161864,291.9,16.3366739904168,4.84460105912326,2.00000001067394,0,20135,1490,16958,0.205681976324799,5.8,0,0,0,0.551348463497563,0,0
1,1,15,100,8.52480803417735,6.70384400410583,0.744706213444248,277.2,16.5917498834198,4.83044072946338,2.00000003373816,0,21056,1296,19760,0.205913704394896,5.8,0,0,0,0.540362370874335,0,0
1,1,16,100,8.68795014603302,6.83396673074207,0.766369160018517,290.2,16.3711350273519,4.85723470459999,2.00000001150886,0,20255,1856,17130,0.209569665942709,5.8,0,0,0,0.556811822809588,0,0
1,1,17,100,8.57322236828643,6.77429485343957,0.752935802992689,278.1,16.6396027070611,4.87190297846151,2.00000002737568,0,20002,1524,15980,0.193193883387468,5.8,0,0,0,0.534963648333908,0,0
1,1,18,100,8.71370043606644,6.85475303075284,0.767938872018898,289.1,16.3439277274304,4.86354167232171,2.00000001241995,0,20132,976,17981,0.195470219669534,5.8,0,0,0,0.597257294122856,0,0
1,1,19,100,8.6975254512714,6.84207144734982,0.766464353735452,291.2,16.3717820787606,4.86275639228422,2.00000001114279,0,21088,1193,19597,0.215834495854275,5.8,0,0,0,0.563960769918062,0,0
1,2,0,100,8.41589664373817,6.58718102444409,0.747398612882789,264.3,16.8132556002759,4.83270541150415,2.10000001819549,0,20605,1049,18405,0.225854178684967,6.26544596089779,0,0,0,0.608379166560556,0,0
1,2,1,100,8.3588348796579,6.55775337362153,0.726235310853572,257,16.81155385257,4.79937637856758,2.10000013156491,0,20603,746,19472,0.229827465544532,5.82216702779685,0,0,0,0.485263876331408,0,0
1,2,2,100,8.40402260708691,6.56674361673934,0.732180714573238,263.8,16.6833246785834,4.78854437703856,2.10000005748725,0,21066,1244,19822,0.233372680210271,6.86542897502121,0,0,0,0.61411120667901,0,0
1,2,3,100,8.39303215032684,6.58676605355328,0.735536598364712,261.5,16.7833133375632,4.81098496706975,2.10000006503878,0,19353,1220,16682,0.224266259242344,6.5792851135454,0,0,0,0.604482442358058,0,0
1,2,4,100,8.35543054216258,6.48243873468472,0.726674883431139,259,16.6147296806215,4.74128670545741,2.10000011909563,0,20727,770,19555,0.229879697937376,5.8,0,0,0,0.480986731024133,0,0
1,2,5,100,8.35719440480174,6.49920577375413,0.725405265083349,259.4,16.6873203698356,4.76301326028783,2.10000011312468,0,20140,978,19162,0.233052152478131,5.8,0,0,0,0.484839967432954,0,0
1,2,6,100,8.34211494283586,6.50075118871082,0.729892497986539,258.2,16.7634413727062,4.77610841434142,2.10000012133924,0,21861,1003,20858,0.231353859934657,5.8,0,0,0,0.485806522250731,0,0
1,2,7,100,8.39776558540106,6.59787207744278,0.737819534913921,260.5,16.8279040007693,4.82651301647798,2.10000006767223,0,20029,1167,16694,0.21734565995069,6.31245728435654,0,0,0,0.597661777224375,0,0
1,2,8,100,8.34126592530003,6.45857199262106,0.733590642486824,262.4,16.6787062941873,4.75149837117635,2.1000000250516,0,21131,991,20140,0.234884725145975,6.27716592112086,0,0,0,0.59241599599499,0,0
1,2,9,100,8.40853384463041,6.57726467014257,0.743530457713127,264.4,16.809466089605,4.82740187006758,2.10000001877881,0,19964,1067,18535,0.231118600934846,6.26844469922441,0,0,0,0.602896806338467,0,0
1,2,10,100,8.45648592891196,6.62829846229755,0.744028123472961,264.6,16.7142886983856,4.82740601723045,2.10000005079223,0,22302,911,21265,0.218117999286947,6.69971161365311,0,0,0,0.613934205589698,0,0
1,2,11,100,8.33796466049766,6.41336676315052,0.72328331779214,253.7,16.6731647139187,4.7480108208847,2.10000020413258,0,20803,716,19691,0.229208198156944,5.8,0,0,0,0.471187241308583,0,0
1,2,12,100,8.47411195766395,6.67419741469941,0.751479234301388,266.7,16.730602112473,4.84212582888703,2.1000000426792,0,20391,1166,17660,0.218975572633816,6.86498783914782,0,0,0,0.620362846937931,0,0
1,2,13,100,8.39928925521508,6.56155790253731,0.732489305986443,262.9,16.6982338579194,4.79016258307834,2.10000006166104,0,20837,1174,18867,0.228546054490594,6.82719443666969,0,0,0,0.612729249724288,0,0
1,2,14,100,8.46604715670915,6.65523985092122,0.743211665139851,266.9,16.7281862632729,4.8368961204132,2.10000004367896,0,20407,1143,17716,0.217255713193072,6.79097639245629,0,0,0,0.615089998096488,0,0
1,2,15,100,8.38702435766787,6.55318433024188,0.730054913782071,262.8,16.6993483089942,4.78339732864511,2.10000005568406,0,21052,1193,19859,0.233187780917364,6.8583478065832,0,0,0,0.613924745136529,0,0
1,2,16,100,8.49209520862964,6.68235307192239,0.746704627637785,266.5,16.767010650965,4.86299098192485,2.10000004446306,0,20160,1437,17207,0.221662143370959,6.73392552333902,0,0,0,0.614881798456728,0,0
1,2,17,100,8.51716835094552,6.71644956376497,0.751715237370786,267,16.802174960697,4.88764442867733,2.10000004397943,0,19320,1268,15500,0.211369963312218,5.8,0,0,0,0.583357203029916,0,0
1,2,18,100,8.42767959096834,6.57986242668198,0.745130022039833,263.9,16.5974238041684,4.77727288327792,2.10000005302345,0,20646,842,19418,0.224810682174509,6.82936878052067,0,0,0,0.621483454487961,0,0
1,2,19,100,8.46970826960556,6.66079502782429,0.74681487043369,264.8,16.7636850051386,4.84921613005295,2.10000004839321,0,21523,960,20495,0.225102059754969,6.84508116105747,0,0,0,0.620993852096392,0,0
1,3,0,100,8.207288127399,6.35576536300554,0.68685637831128,243.5,17.0204186994258,4.77084858403751,2.00000031309696,0,21400,1010,19226,0.205861408457764,5.8,0,0,0,0.451700119228787,0,0
1,3,1,100,8.21392558638128,6.35773630409269,0.686245384256557,243.4,17.0104708003615,4.77190177206605,2.00000031620993,0,21357,696,20239,0.211853703495941,5.8,0,0,0,0.447134014451885,0,0
1,3,2,100,8.22508659894961,6.33561771769106,0.685737399494295,244.1,16.94177795193,4.75908609918551,2.00000031842865,0,21837,1052,20765,0.21429784398474,5.8,0,0,0,0.446223752617288,0,0
1,3,3,100,8.21644092180462,6.38810914537748,0.690167806612919,242.8,17.0811792717875,4.79324115122342,2.00000033194533,0,20480,1019,18021,0.202706215673999,5.8,0,0,0,0.444935802495417,0,0
1,3,4,100,8.20610058243735,6.29686875012238,0.686902017389421,247,16.8086024680655,4.71073275694485,2.00000025715929,0,21381,730,20250,0.211756638773702,5.8,0,0,0,0.444410774835821,0,0
1,3,5,100,8.20983897916915,6.31348350903128,0.686118216430935,245.2,16.8844828770287,4.73417233362433,2.00000029358989,0,20853,929,19904,0.214785948046324,5.8,0,0,0,0.44808234906796,0,0
1,3,6,100,8.19815887390075,6.3058601998037,0.69013718885085,242.9,16.9595497892444,4.7484659215256,2.00000033240201,0,22594,943,21629,0.214634566517012,5.8,0,0,0,0.448643952846486,0,0
1,3,7,100,8.21703661002724,6.39397720021645,0.691787504402172,240.9,17.1236976298823,4.80552895423999,2.00000037481925,0,21180,1007,18021,0.195856016641942,5.8,0,0,0,0.447693881360019,0,0
1,3,8,100,8.20866704213522,6.30375844491134,0.686630925260707,247.4,16.8438670503654,4.72209108382288,2.00000024707151,0,21710,901,20790,0.214654906256732,5.8,0,0,0,0.441238881547412,0,0
1,3,9,100,8.20303352801676,6.33618687293288,0.682341867779504,241.6,17.0148220388306,4.76681337976987,2.00000036559857,0,20833,1035,19376,0.21132809464503,5.8,0,0,0,0.44421381730789,0,0
1,3,10,100,8.22189828815107,6.32725020603929,0.686464904806631,242.1,17.005385931797,4.77509923468379,2.00000035063454,0,23357,822,22513,0.214091763738985,5.8,0,0,0,0.446128932853794,0,0
1,3,11,100,8.21533537733199,6.28911215747261,0.691919718109407,244.6,16.8194624813518,4.71907495302022,2.00000030740955,0,21391,725,20244,0.213849165946078,5.8,0,0,0,0.450061414490282,0,0
1,3,12,100,8.21363995844207,6.37368705219772,0.692964920734119,242.2,17.062919031376,4.78646720354166,2.00000034735228,0,21410,1051,18833,0.203881047077194,5.8,0,0,0,0.443726847232756,0,0
1,3,13,100,8.223464003262,6.34639318366471,0.686660941203221,245.3,16.9495826383498,4.76033419461715,2.0000002949032,0,21556,1005,19741,0.208960679304665,5.8,0,0,0,0.446928635279441,0,0
1,3,14,100,8.21474967178242,6.36971354181777,0.685304191065334,243.1,17.0485193643112,4.78309027091628,2.0000003292073,0,21417,1029,18843,0.202178486631246,5.8,0,0,0,0.441603076537466,0,0
1,3,15,100,8.21887803607906,6.32834587747321,0.683361628945425,244.6,16.943376688412,4.7559441568973,2.00000029874479,0,21825,1023,20782,0.214004915187192,5.8,0,0,0,0.445111508084192,0,0
1,3,16,100,8.2369779613477,6.41623306225323,0.69021461187626,242,17.1473507121655,4.82385040027368,2.00000035401092,0,21653,1267,19251,0.205848631973153,5.8,0,0,0,0.446107942015804,0,0
1,3,17,100,8.26858782652788,6.49989165907083,0.695964000301706,240.8,17.3114068865005,4.88873104256355,2.00000037827533,0,21250,1073,17052,0.178897425562688,5.8,0,0,0,0.448676480972607,0,0
1,3,18,100,8.19703952347906,6.28885563755052,0.685250349108637,245.3,16.8431064425642,4.71519604906167,2.00000029017247,0,21429,791,20226,0.21208431098441,5.8,0,0,0,0.448621397576955,0,0
1,3,19,100,8.22205986747829,6.36048849604616,0.687507418963383,242,17.055184364699,4.78918639125752,2.00000034992775,0,22531,861,21648,0.214392701372689,5.8,0,0,0,0.445265762786676,0,0
2,1,0,100,8.57934356352123,6.74925912994854,0.762488799550927,278.7,16.6786489378079,4.88674869518952,2.00000001864976,0,20735,1185,18368,0.200645173178408,6.4729111906246,0.0998888888888889,0.100000000000009,0,0.621876841888879,0,0
2,1,1,100,8.47298156033876,6.67266373729679,0.740613078537626,267.6,16.7523173874744,4.84761662412354,2.00000007699987,0,20907,733,19773,0.214659667658853,5.8,0.0998888888888889,0.100000000000009,0,0.50767005823557,0,0
2,1,2,100,8.4741119309983,6.63644510946037,0.739777339857405,269.2,16.667142266465,4.82351118533324,2.00000005662037,0,21293,1108,20185,0.219143502846652,5.8,0.0998888888888889,0.100000000000009,0,0.552556025942482,0,0
2,1,3,100,8.39246151386541,6.61649135081143,0.732444995621,267.1,16.7738509982739,4.80764739533269,2.00000006816106,0,19568,1229,16921,0.207940949915871,5.8,0.0998888888888889,0.100000000000009,0,0.54613678593467,0,0
2,1,4,100,8.36917695513956,6.50128964022883,0.727997280200673,262.4,16.6294052930999,4.75301061796195,2.00000012246596,0,21108,759,19967,0.215807400918204,5.8,0.0998888888888889,0.100000000000009,0,0.496037244106431,0,0
2,1,5,100,8.46045610991558,6.60531630195279,0.740566666707734,269.6,16.6375621660764,4.80718809071638,2.00000006379753,0,20410,969,19441,0.220097343368287,5.8,0.0998888888888889,0.100000000000009,0,0.509731018111273,0,0
2,1,6,100,8.44446256851028,6.60852859962739,0.743693472471147,268.5,16.711194559077,4.81932259348899,2.00000006940854,0,22060,994,21066,0.218237568319604,5.8,0.0998888888888889,0.100000000000009,0,0.509079804930159,0,0
2,1,7,100,8.49149784212468,6.69900933784034,0.746352448471884,271.4,16.7586203583933,4.85998595572601,2.00000004621813,0,20135,1112,16894,0.20101339063981,5.8,0.0998888888888889,0.100000000000009,0,0.541083888427017,0,0
2,1,8,100,8.40094685355949,6.51171713444238,0.739829654524761,266.1,16.675821654442,4.78436136872088,2.00000005418258,0,21253,903,20350,0.220946777527276,6.48807876746168,0.0998888888888889,0.100000000000009,0,0.602070984393438,0,0
2,1,9,100,8.55910892879809,6.74627504712839,0.757165873402988,278.8,16.6832549483318,4.87659679486033,2.0000000188179,0,20159,1210,18503,0.203017708427075,6.47740448458685,0.0998888888888889,0.100000000000009,0,0.614592734438301,0,0
2,1,10,100,8.646484402643,6.76461388148251,0.76170716530352,281,16.4931950508529,4.87016441667463,2.00000002168917,0,21691,1063,20053,0.209461095636251,5.8,0.0998888888888889,0.100000000000009,0,0.554105353504996,0,0
2,1,11,100,8.34436670804956,6.44135376174119,0.725917419115005,261.9,16.678543932337,4.75301457520192,2.00000016468846,0,21028,741,19884,0.215873338823581,5.8,0.0998888888888889,0.100000000000009,0,0.484425242766988,0,0
2,1,12,100,8.65689299635186,6.79751455317101,0.767755266105883,281.2,16.5011910564153,4.87848941507553,2.0000000213397,0,19947,1360,16948,0.20798529043033,5.8,0.0998888888888889,0.100000000000009,0,0.559201876174945,0,0
2,1,13,100,8.47805432449839,6.63999401159598,0.740291267187674,269.8,16.6672458272243,4.82581179917954,2.00000005471225,0,20987,1073,19124,0.21429247585447,5.8,0.0998888888888889,0.100000000000009,0,0.539965507741297,0,0
2,1,14,100,8.63234372219526,6.77428272857942,0.759128552981278,280.7,16.5225389800003,4.87088942094412,2.00000002178592,0,20056,1318,17034,0.205976357335946,5.8,0.0998888888888889,0.100000000000009,0,0.551211451508372,0,0
2,1,15,100,8.46376678987653,6.62400914083021,0.737370319411411,268.3,16.6791639715672,4.82117490898293,2.00000005995719,0,21230,1075,20155,0.218829968576852,5.8,0.0998888888888889,0.100000000000009,0,0.534314323891404,0,0
2,1,16,100,8.642256780116,6.78864009290022,0.762704745250261,280.4,16.5448795365636,4.88305260616836,2.00000002187801,0,20124,1634,17202,0.209617097776758,5.8,0.0998888888888889,0.100000000000009,0,0.557208999172812,0,0
2,1,17,100,8.5573060050029,6.7512215850378,0.752946915007246,272.7,16.7300240975199,4.8893209820345,2.00000003902051,0,19884,1376,15993,0.192903228203115,5.8,0.0998888888888889,0.100000000000009,0,0.539110755509674,0,0
2,1,18,100,8.61300468182186,6.77709321065826,0.763081087199214,279.1,16.4600261008124,4.84158181636134,2.00000002363538,0,20578,924,19170,0.197835525513207,5.8,0.0998888888888889,0.100000000000009,0,0.593715985982181,0,0
2,1,19,100,8.64775841636819,6.79144452436446,0.76158792283472,280,16.5493035163774,4.88756380388743,2.00000002314482,0,20980,1079,19586,0.216057202265817,5.8,0.0998888888888889,0.100000000000009,0,0.536384545113955,0,0
2,2,0,100,8.43063861566566,6.57193883035863,0.753249369897482,262,16.8270075321401,4.84513831697162,2.10000001928779,0,20635,1042,18442,0.228307638194428,6.42292640103263,0.0998888888888889,0.100000000000009,0,0.607706458782291,0,0
2,2,1,100,8.37733303185355,6.55413580241037,0.730047862608854,256.5,16.8161091507993,4.8113016530063,2.10000014219031,0,20634,748,19501,0.22974338933223,5.82216702779685,0.0998888888888889,0.100000000000009,0,0.48956189239033,0,0
2,2,2,100,8.39843154307545,6.54351033114447,0.733998783833675,260.5,16.7242235438218,4.79711491514715,2.10000007324754,0,21050,1129,19921,0.233745167307573,6.90111700161854,0.0998888888888889,0.100000000000009,0,0.611114841759229,0,0
2,2,3,100,8.40259416775206,6.58499372302579,0.739554381338605,259.1,16.8303191678919,4.82997874128037,2.10000007526571,0,19530,1113,16966,0.224667340006916,6.55933173402196,0.0998888888888889,0.100000000000009,0,0.601674614925435,0,0
2,2,4,100,8.37170283932894,6.47902506933965,0.7301207258562,258.5,16.6182193862252,4.75151874446656,2.10000012891101,0,20714,775,19537,0.229962140834744,5.8,0.0998888888888889,0.100000000000009,0,0.484401496969107,0,0
2,2,5,100,8.3806750475539,6.49639837007006,0.73033358989195,258.8,16.6921557489357,4.77778697231463,2.10000012395471,0,20127,979,19148,0.233161090775615,5.8,0.0998888888888889,0.100000000000009,0,0.489314499842127,0,0
2,2,6,100,8.36739293868902,6.49799765383509,0.734714124771272,257.2,16.7675624009299,4.79176536007303,2.10000013259196,0,21836,984,20852,0.231626377804492,5.8,0.0998888888888889,0.100000000000009,0,0.491058056148099,0,0
2,2,7,100,8.40707273752034,6.60289967547572,0.741715448528725,259.2,16.8668537913164,4.84306578909363,2.10000007257372,0,20259,1088,17003,0.217610398351182,6.3726211352391,0.0998888888888889,0.100000000000009,0,0.597163824583992,0,0
2,2,8,100,8.35508137361075,6.45245003622517,0.736672527987763,261.6,16.6828330844185,4.76055118134105,2.10000002550885,0,21087,958,20129,0.235075301276013,6.44082855844466,0.0998888888888889,0.100000000000009,0,0.594180289667324,0,0
2,2,9,100,8.42700879378242,6.56069434167597,0.75040860769509,261.9,16.8226267157583,4.84180637168677,2.10000001971821,0,20012,1048,18602,0.233826609346683,6.43872658533131,0.0998888888888889,0.100000000000009,0,0.60242336025909,0,0
2,2,10,100,8.45113997548831,6.61332913101694,0.746692053845604,262.7,16.7442913055443,4.83303441932928,2.10000005991037,0,22382,874,21508,0.224239855915711,6.53241243306813,0.0998888888888889,0.100000000000009,0,0.604402238044559,0,0
2,2,11,100,8.33947651771747,6.39173035040601,0.724577444635662,250.6,16.6928035428824,4.75447771514922,2.10000025557474,0,20776,665,19715,0.229287880833652,5.8,0.0998888888888889,0.100000000000009,0,0.474009096965206,0,0
2,2,12,100,8.47873201889021,6.66742610081509,0.755077810712929,264.7,16.7638420143653,4.85440382409613,2.10000005019253,0,20430,1153,17789,0.221598962764784,6.88820524537018,0.0998888888888889,0.100000000000009,0,0.616936667830255,0,0
2,2,13,100,8.39161320253792,6.54114797123402,0.733760723033385,259.6,16.739450365995,4.79762344313414,2.10000007858014,0,20795,1073,18926,0.229392619606417,6.64298279740082,0.0998888888888889,0.100000000000009,0,0.602067910302302,0,0
2,2,14,100,8.47136652184165,6.64854281727388,0.747435678158856,264.7,16.7641971281511,4.85037259937559,2.10000005109612,0,20479,1129,17840,0.220327659714497,6.67361928310878,0.0998888888888889,0.100000000000009,0,0.607740972689644,0,0
2,2,15,100,8.39057445149099,6.53773591959555,0.732470817698908,260.8,16.7269855244227,4.7933628075394,2.10000006854091,0,21047,1107,19940,0.233481722939079,6.92294285739606,0.0998888888888889,0.100000000000009,0,0.612529324282931,0,0
2,2,16,100,8.49384564078164,6.69734258329442,0.750011013609697,265.5,16.8190064381757,4.87910468966987,2.10000004855272,0,20170,1402,17335,0.221927459814502,6.63158976629078,0.0998888888888889,0.100000000000009,0,0.607428373830453,0,0
2,2,17,100,8.53056971616223,6.72806061513586,0.756746818899026,264.5,16.870746787539,4.91534528659948,2.10000005049869,0,19205,1237,15428,0.212159419651494,5.86727574441201,0.0998888888888889,0.100000000000009,0,0.587223778444382,0,0
2,2,18,100,8.42776179132714,6.55021076640207,0.747842561773394,260.8,16.6191188588179,4.78357320423802,2.10000006826215,0,20629,802,19441,0.229835502242415,6.91377154252843,0.0998888888888889,0.100000000000009,0,0.618999958702515,0,0
2,2,19,100,8.48009400854727,6.64753767403546,0.752760848471414,262.4,16.7946973172547,4.8641639799228,2.10000005640688,0,21625,924,20701,0.228978187456129,6.85298161619173,0.0998888888888889,0.100000000000009,0,0.617972219307898,0,0
2,3,0,100,8.21005589296253,6.36378122544333,0.688130841992708,244.9,17.0144075143154,4.7707678269837,2.0000003107632,0,21364,1010,19191,0.206143458380996,5.8,0.0998888888888889,0.100000000000009,0,0.453360874989661,0,0
2,3,1,100,8.21668752408619,6.36568829474056,0.687502632630164,244.9,17.0044596179687,4.77181532005137,2.00000031390312,0,21328,696,20211,0.212082750752708,5.8,0.0998888888888889,0.100000000000009,0,0.448851923135019,0,0
2,3,2,100,8.2276888055847,6.34351935888075,0.686914215769525,245.1,16.9357667512693,4.75889847579842,2.0000003164198,0,21801,1052,20730,0.214549118735091,5.8,0.0998888888888889,0.100000000000009,0,0.447835991972616,0,0
2,3,3,100,8.21921144213452,6.39613534493748,0.691449129608817,244,17.0751680972227,4.79316587080804,2.00000032952403,0,20447,1019,17989,0.202988275583226,5.8,0.0998888888888889,0.100000000000009,0,0.4467752211819,0,0
2,3,4,100,8.20886849487269,6.30472375303464,0.688184477963807,248.5,16.8025912115118,4.71063226534142,2.00000025545546,0,21345,730,20215,0.212031845541455,5.8,0.0998888888888889,0.100000000000009,0,0.446189326672813,0,0
2,3,5,100,8.21258574570098,6.32137768476412,0.687364169312823,246.3,16.8784716679718,4.73406607569748,2.00000029153284,0,20821,929,19873,0.215029863261315,5.8,0.0998888888888889,0.100000000000009,0,0.44984796627922,0,0
2,3,6,100,8.20098136483651,6.31380591490199,0.691387837762091,244,16.9535386161944,4.74841296799872,2.00000033007746,0,22571,943,21607,0.214802164680028,5.8,0.0998888888888889,0.100000000000009,0,0.450469987558374,0,0
2,3,7,100,8.21991541611504,6.40196896419018,0.693004282537884,242.2,17.1176864762425,4.80552088892209,2.00000037224936,0,21152,1007,17994,0.196065377655737,5.8,0.0998888888888889,0.100000000000009,0,0.449300946745318,0,0
2,3,8,100,8.21133199008025,6.3117009742081,0.687925809736322,248.7,16.8378557889527,4.72193418601556,2.0000002452789,0,21676,901,20757,0.214948834367175,5.8,0.0998888888888889,0.100000000000009,0,0.443074338249302,0,0
2,3,9,100,8.20583765229538,6.34409206200479,0.683554427227098,242.7,17.008810888719,4.76675410179008,2.00000036314805,0,20800,1035,19344,0.21158087859904,5.8,0.0998888888888889,0.100000000000009,0,0.445953688051423,0,0
2,3,10,100,8.2248162274201,6.33523581711907,0.68767525875547,243.4,16.9993747614232,4.77510123361274,2.00000034842844,0,23329,822,22486,0.21426516328351,5.8,0.0998888888888889,0.100000000000009,0,0.447691527762071,0,0
2,3,11,100,8.21828631625817,6.2968633544866,0.693091517091643,245.9,16.8134512808793,4.7190786981142,2.00000030547642,0,21362,725,20216,0.214060896611816,5.8,0.0998888888888889,0.100000000000009,0,0.451612975616784,0,0
2,3,12,100,8.21661589845608,6.38161884693931,0.694207639506215,243.6,17.0569078426814,4.78651042710617,2.00000034493928,0,21378,1051,18802,0.204127702819917,5.8,0.0998888888888889,0.100000000000009,0,0.445488271290917,0,0
2,3,13,100,8.22628121032655,6.35431270160606,0.687855645703073,246.3,16.9435714215475,4.76027200616672,2.00000029303544,0,21522,1005,19708,0.209207574136528,5.8,0.0998888888888889,0.100000000000009,0,0.448455213054324,0,0
2,3,14,100,8.21743649255333,6.37770724929694,0.686555602606362,244.2,17.0425081826621,4.78296352843593,2.00000032691696,0,21387,1029,18814,0.202415343051091,5.8,0.0998888888888889,0.100000000000009,0,0.443454849756359,0,0
2,3,15,100,8.22198421732786,6.33619605941476,0.684652738592641,245.8,16.9373654828643,4.75604947921165,2.0000002966583,0,21803,1023,20761,0.214177143967273,5.8,0.0998888888888889,0.100000000000009,0,0.446832306401191,0,0
2,3,16,100,8.23967251633699,6.42419861506207,0.691434467036005,243.2,17.1413395525992,4.82373269105065,2.00000035161861,0,21621,1267,19220,0.206078566406084,5.8,0.0998888888888889,0.100000000000009,0,0.447638803741166,0,0
2,3,17,100,8.27158002164893,6.50786980898023,0.697203895446921,242,17.3053957436251,4.88879785922667,2.00000037554594,0,21225,1073,17028,0.179080175703722,5.8,0.0998888888888889,0.100000000000009,0,0.450427144445897,0,0
2,3,18,100,8.20000067153068,6.29673592022772,0.686495466559769,246.5,16.8370952310824,4.71521181394644,2.00000028823615,0,21401,791,20199,0.212285419038313,5.8,0.0998888888888889,0.100000000000009,0,0.450275747748532,0,0
2,3,19,100,8.22481109291687,6.36842225831464,0.68875563349257,243.4,17.0491731869793,4.78909624778867,2.00000034741333,0,22500,861,21618,0.214614281487787,5.8,0.0998888888888889,0.100000000000009,0,0.447041212390388,0,0
3,1,0,100,8.69534197395054,6.85193651898139,0.788233795995183,277.1,16.6183167800034,4.93499580405031,2.00000002691036,0,19707,1043,17522,0.216389024331499,5.8,0.299333333333339,0.300000000000011,0,0.552941032757129,0,0
3,1,1,100,9.25799323648001,7.32306072244883,0.825870297737016,297.8,15.2797397949744,4.83044847473039,2.00000000014393,0,17844,1023,16295,0.228484458707904,6.91143534834542,0.299333333333339,0.300000000000011,0,0.670377065082101,0,0
3,1,2,100,8.5690955508096,6.67233847117463,0.759777513975317,263.5,16.6658645946011,4.87728851072105,2.0000000723918,0,20847,1012,19835,0.224095071559936,5.8,0.299333333333339,0.300000000000011,0,0.527556455608747,0,0
3,1,3,100,8.50964717840071,6.68877396030769,0.751460098399507,265.9,16.7490741816379,4.86759561397355,2.00000006317828,0,19776,1211,17147,0.206236221617875,5.8,0.299333333333339,0.300000000000011,0,0.523711756773433,0,0
3,1,4,100,8.47295245558046,6.35166600678804,0.7563933537573,230,16.6513439586066,4.8183093533109,2.00000018152093,0,21312,716,20214,0.22405436995115,6.54977167740341,0.299333333333339,0.300000000000011,0,0.619747275258,0,0
3,1,5,100,8.66065634579427,6.80080429728829,0.765253847412616,273,16.4051900776719,4.85217938821511,2.0000000629218,0,19684,907,18777,0.225293518836823,5.8,0.299333333333339,0.300000000000011,0,0.516671406779765,0,0
3,1,6,100,8.58270201301264,6.71186988445106,0.768824887053944,269.9,16.6253982229419,4.8731047721617,2.000000073303,0,21747,948,20799,0.22215901405161,5.8,0.299333333333339,0.300000000000011,0,0.522468590429889,0,0
3,1,7,100,8.58841868423835,6.76134566742076,0.764875401370268,266.6,16.745524206138,4.91156857151956,2.00000005643437,0,19934,1049,16756,0.206662259135869,5.8,0.299333333333339,0.300000000000011,0,0.54577684685048,0,0
3,1,8,100,8.48428848012253,6.55661766565049,0.754495482363392,263.4,16.6411694603695,4.82186294185479,2.00000007322535,0,20980,815,20165,0.224325474415579,5.8,0.299333333333339,0.300000000000011,0,0.566730888059196,0,0
3,1,9,100,8.64607030551093,6.78251757085542,0.780589275882661,273.4,16.6836145544068,4.92625858327832,2.00000003090997,0,19365,1048,17917,0.21827893639465,5.8,0.299333333333339,0.300000000000011,0,0.59561802538885,0,0
3,1,10,100,8.69491696483651,6.79075568275381,0.788474737638045,268.6,16.6309059897758,4.93849686793927,2.00000004337926,0,21453,817,20461,0.218942835676495,5.8,0.299333333333339,0.300000000000011,0,0.561497847745858,0,0
3,1,11,100,8.75675445794487,6.80074682838619,0.783703303937009,291.9,16.3720489834323,4.89598378306781,2.0000000259065,0,20428,615,19410,0.214581764498669,5.8,0.299333333333339,0.300000000000011,0,0.507354712610578,0,0
3,1,12,100,8.58938532359964,6.5647959026281,0.759823528694668,202.4,16.5751609087211,4.86215175120771,2.0000005670812,0,20005,1338,17163,0.21991804900039,5.8,0.299333333333339,0.300000000000011,0,0.578150027434282,0,0
3,1,13,100,8.58840409000077,6.69905900909397,0.761714141283211,264.1,16.6477183522938,4.88289087135359,2.00000006743744,0,20716,991,18935,0.21926553033566,5.8,0.299333333333339,0.300000000000011,0,0.53290076468327,0,0
3,1,14,100,8.75498170138773,6.88484944570839,0.784578406882217,284.4,16.4895092314522,4.93018492174816,2.00000001670503,0,19352,1124,16705,0.21579739731394,5.8,0.299333333333339,0.300000000000011,0,0.551866123015693,0,0
3,1,15,100,8.55333633082761,6.65815315958247,0.756298227966531,263.8,16.6764171883287,4.87141882303203,2.00000006890036,0,20805,995,19810,0.222521927191991,5.8,0.299333333333339,0.300000000000011,0,0.5439192732209,0,0
3,1,16,100,8.81664039017524,6.95619615536513,0.792969634859641,289.4,16.4401928611813,4.94999282612137,2.00000001100011,0,18953,1465,16375,0.220029426685796,5.8,0.299333333333339,0.300000000000011,0,0.58903675906118,0,0
3,1,17,100,8.68284248695008,6.85762999448247,0.775861152390442,268.8,16.7402306716984,4.96397570121007,2.00000004952904,0,17999,1208,14743,0.208375425734524,5.8,0.299333333333339,0.300000000000011,0,0.559982332331631,0,0
3,1,18,100,9.39913642096672,7.30925254287496,0.828564098302694,292.4,14.8554971917262,4.76779621987947,2.00000000024568,0,17091,1304,15253,0.226495057762852,5.8,0.299333333333339,0.300000000000011,0,0.595194592092323,0,0
3,1,19,100,8.71423177981724,6.83783272609686,0.791885813011504,271.6,16.6693441477291,4.96091566815416,2.00000003478829,0,20855,895,19960,0.226609863593944,5.8,0.299333333333339,0.300000000000011,0,0.560883745834758,0,0
3,2,0,100,8.68756078235832,6.78469161484206,0.78586154106868,264.6,16.6393357417463,4.93701447356652,2.10000002173501,0,20341,1117,18073,0.221481129927884,6.28000880124521,0.299333333333339,0.300000000000011,0,0.601198426176861,0,0
3,2,1,100,8.51520991543402,6.46967689073044,0.756679808385127,230.1,16.8021985942438,4.88650826641221,2.1000000983629,0,21053,781,19887,0.234642752028075,6.08495754697518,0.299333333333339,0.300000000000011,0,0.59254846460472,0,0
3,2,2,100,8.5861890177302,6.66398473931254,0.759375952197293,254.7,16.6183191329437,4.87319648499638,2.10000008048883,0,20847,1074,19773,0.236430158795051,5.8,0.299333333333339,0.300000000000011,0,0.559878172432432,0,0
3,2,3,100,8.60226046557092,6.72491804884567,0.762105885186828,256.8,16.6096553390109,4.87975803968608,2.10000007355552,0,18677,1134,16092,0.2280240906319,5.8,0.299333333333339,0.300000000000011,0,0.554143516772012,0,0
3,2,4,100,8.39538681831169,5.94907319657507,0.728007346510588,168.6,16.7185378635861,4.79374879248137,2.10000258984519,0,21919,878,20639,0.232498212464155,5.8,0.299333333333339,0.300000000000011,0,0.494721220880374,0,0
3,2,5,100,8.6080227772872,6.67455611588637,0.758575782505152,259.2,16.5312818758775,4.86004673768477,2.10000012390299,0,19888,943,18945,0.235160708482946,5.8,0.299333333333339,0.300000000000011,0,0.491825267690803,0,0
3,2,6,100,8.55471708990648,6.62130999742265,0.758586063993936,253.4,16.6653006428172,4.86911163279915,2.10000017648099,0,21656,925,20731,0.232598893904393,5.8,0.299333333333339,0.300000000000011,0,0.485557920451852,0,0
3,2,7,100,8.61146627352121,6.74773353174136,0.764171238973188,255.9,16.6413104465888,4.89433111793401,2.1000000751211,0,19276,1152,15956,0.220475494866329,5.8,0.299333333333339,0.300000000000011,0,0.557440656894976,0,0
3,2,8,100,8.51299745833626,6.53577922469029,0.765868692641074,253.1,16.6267585688595,4.83408078210863,1.9718010768994,0,21032,771,20261,0.237478555731544,6.38825702740613,0.299333333333339,0.300000000000011,0,0.603541096113284,0,0
3,2,9,100,8.66319532417755,6.70257911339815,0.785898328333163,252,16.7289001121181,4.94963592540639,2.10000005704831,0,19783,943,18478,0.233812775519071,6.36750398678441,0.299333333333339,0.300000000000011,0,0.606401879228948,0,0
3,2,10,100,8.67048141453021,6.77598879177293,0.776568790259758,262.9,16.5954437204499,4.91428141423528,2.10000004736344,0,21554,911,20200,0.225784528989928,5.8,0.299333333333339,0.300000000000011,0,0.550690843680873,0,0
3,2,11,100,8.51690486580301,6.49927543129886,0.757509285561837,250.2,16.6265623206037,4.83637556277827,2.10000025530223,0,20495,510,19589,0.233848486720855,5.8,0.299333333333339,0.300000000000011,0,0.492647206111333,0,0
3,2,12,100,8.58067468050434,6.55226454605468,0.763896317834405,231.2,16.7459866495231,4.90749100218691,2.10000016005131,0,20447,1240,17719,0.228936923713685,5.8,0.299333333333339,0.300000000000011,0,0.504216292031895,0,0
3,2,13,100,8.57504714948007,6.66898889395673,0.756639466467386,257.7,16.6165969958811,4.8664627327352,2.10000007968222,0,20527,1049,18682,0.23238903817327,5.8,0.299333333333339,0.300000000000011,0,0.514357510946044,0,0
3,2,14,100,8.72590558070761,6.84241522523847,0.777050450202815,270,16.5040752546017,4.91843069824949,2.10000003427444,0,19439,1206,16567,0.225630195114443,5.8,0.299333333333339,0.300000000000011,0,0.558780576366662,0,0
3,2,15,100,8.55264397143818,6.6269864352662,0.756209747334827,253.4,16.6574230411323,4.86561507872645,2.10000008242037,0,20900,1039,19861,0.23575758760318,5.8,0.299333333333339,0.300000000000011,0,0.551312797730214,0,0
3,2,16,100,8.72038646273203,6.8279768108428,0.781261665952777,267.1,16.5944928752775,4.94223858028801,2.10000003489108,0,19387,1488,16593,0.230045403319957,5.8,0.299333333333339,0.300000000000011,0,0.56074543009269,0,0
3,2,17,100,8.78382096393637,6.92470070507546,0.786563361354295,273.2,16.4738488001891,4.94191408316706,2.10000002689958,0,18101,1376,14679,0.224786704523441,5.8,0.299333333333339,0.300000000000011,0,0.575762987501204,0,0
3,2,18,100,8.55382818851431,6.48662604249007,0.75856139980489,233.1,16.5655903634189,4.8393794594467,2.10000013979425,0,20874,903,19585,0.225571854753811,5.8,0.299333333333339,0.300000000000011,0,0.536905139157165,0,0
3,2,19,100,8.75942440372891,6.87362975016288,0.783349517411771,267.4,16.5123252096665,4.93982042937988,2.10000003659502,0,20083,1012,18718,0.234032465361534,5.8,0.299333333333339,0.300000000000011,0,0.529224137506654,0,0
3,3,0,100,8.21615704044444,6.38195011151413,0.689871171533739,247.4,16.9979710619121,4.76969140286658,2.00000030826982,0,20785,1010,18617,0.210875825708956,5.8,0.299333333333339,0.300000000000011,0,0.459591569706911,0,0
3,3,1,100,8.22274682224837,6.38368424756615,0.689221468930806,247.2,16.9880231587514,4.77070879969013,2.0000003114335,0,20759,696,19647,0.216738074358105,5.8,0.299333333333339,0.300000000000011,0,0.455097282652477,0,0
3,3,2,100,8.23374640171026,6.36140616606192,0.688524513446596,247.7,16.9193305138298,4.75777062821852,2.00000031417449,0,21238,1052,20172,0.218999382007276,5.8,0.299333333333339,0.300000000000011,0,0.453996891615009,0,0
3,3,3,100,8.22545815378394,6.41433825317977,0.6932221873401,246.5,17.0587317214969,4.79218180129565,2.00000032697892,0,19870,1019,17417,0.207939441545229,5.8,0.299333333333339,0.300000000000011,0,0.453199707407595,0,0
3,3,4,100,8.21505074379429,6.32249368170584,0.689967506349352,250.7,16.7861549080805,4.70955886294044,2.00000025352676,0,20769,730,19644,0.216708282861723,5.8,0.299333333333339,0.300000000000011,0,0.452428411577684,0,0
3,3,5,100,8.21865159751821,6.33924193129098,0.689081546662574,248.8,16.8620352283047,4.73293954814059,2.00000028926331,0,20253,929,19310,0.219765049334075,5.8,0.299333333333339,0.300000000000011,0,0.456052788771902,0,0
3,3,6,100,8.20720876082919,6.3317436037336,0.693122805956517,246.7,16.9371022049582,4.74740197956195,2.00000032766559,0,21996,943,21037,0.219259705732459,5.8,0.299333333333339,0.300000000000011,0,0.456720621294389,0,0
3,3,7,100,8.22622242513085,6.42017148363037,0.694689818341334,244.6,17.1012503881919,4.80458079868765,2.00000036942185,0,20573,1007,17420,0.200796328695585,5.8,0.299333333333339,0.300000000000011,0,0.455632464751442,0,0
3,3,8,100,8.2172113499822,6.32952593026973,0.689737087396511,251,16.8214194764381,4.72069283386447,2.00000024331882,0,21113,901,20199,0.219507789507095,5.8,0.299333333333339,0.300000000000011,0,0.449740817356433,0,0
3,3,9,100,8.21199307035565,6.3620889132095,0.685215812626478,245.1,16.9923745849568,4.76571042566229,2.00000036044969,0,20226,1035,18775,0.216378272394265,5.8,0.299333333333339,0.300000000000011,0,0.452206227984857,0,0
3,3,10,100,8.2312953704035,6.35339254487948,0.689355291378286,245.8,16.982938513144,4.77423265726733,2.00000034595473,0,22750,822,21912,0.218581346572054,5.8,0.299333333333339,0.300000000000011,0,0.453924525648082,0,0
3,3,11,100,8.22473666499097,6.31445153544941,0.694689352560272,248.4,16.7970148575881,4.71815604936654,2.00000030330932,0,20786,725,19645,0.218781378594151,5.8,0.299333333333339,0.300000000000011,0,0.457629646497024,0,0
3,3,12,100,8.22335133792833,6.39966796724923,0.695925996313134,245.8,17.0404718714753,4.78580845112255,2.00000034227844,0,20801,1051,18230,0.208850687064571,5.8,0.299333333333339,0.300000000000011,0,0.451623831400902,0,0
3,3,13,100,8.23253532750811,6.37227152177497,0.689491205718276,249.1,16.927135080832,4.75926014179039,2.0000002909087,0,20952,1005,19143,0.213800248042639,5.8,0.299333333333339,0.300000000000011,0,0.454672442112874,0,0
3,3,14,100,8.2233223209147,6.39584272875886,0.688277659261252,246.9,17.0260718483336,4.78176365095175,2.00000032438084,0,20814,1029,18246,0.207089648107228,5.8,0.299333333333339,0.300000000000011,0,0.449892014706952,0,0
3,3,15,100,8.22888716593317,6.35393210425179,0.686472307040758,248.4,16.9209291208025,4.75541366036816,2.00000029451076,0,21237,1023,20200,0.218767835292283,5.8,0.299333333333339,0.300000000000011,0,0.453346487692246,0,0
3,3,16,100,8.24552606255357,6.44236349293161,0.693097966395888,245.8,17.1249032000618,4.82252129704426,2.00000034897698,0,21042,1267,18646,0.210716643141999,5.8,0.299333333333339,0.300000000000011,0,0.453832511684152,0,0
3,3,17,100,8.27835850774486,6.52604977655815,0.698948059692386,244.5,17.2889595815898,4.88814754855274,2.00000037272446,0,20646,1073,16454,0.183557309373683,5.8,0.299333333333339,0.300000000000011,0,0.456714522865791,0,0
3,3,18,100,8.20675500879589,6.31449697062386,0.68824637512999,249.1,16.8206587477078,4.7144792822756,2.00000028606735,0,20829,791,19632,0.216971191830675,5.8,0.299333333333339,0.300000000000011,0,0.456499386412836,0,0
3,3,19,100,8.23079770625409,6.38645767150404,0.690466534372043,245.8,17.0327370930555,4.78795223449174,2.00000034472021,0,21925,861,21048,0.219030114660114,5.8,0.299333333333339,0.300000000000011,0,0.453305984549442,0,0
4,1,0,100,9.12380278469422,7.10794007803708,0.83172329591655,292.6,16.001165366954,4.98543682916857,2.00000001491094,0,18930,1300,15987,0.209668381245847,5.8,0.498333333333333,0.500000000000014,0,0.594402680511519,0,0
4,1,1,100,9.57952267113479,7.53093111439501,0.854209732779222,257.2,14.8322602843002,4.85161236078211,2.00000000280295,0,16688,1167,14810,0.225474824998351,5.8,0.498333333333333,0.500000000000014,0,0.565841509305846,0,0
4,1,2,66.6666666666667,9.80749214025983,7.98149223109663,0.818716839601971,412.7,12.9190757565531,4.32578754642135,2.00000000000227,0,18579,2123,16392,0.219805086043119,5.8,0.498333333333333,0.500000000000014,0,0.525800611559249,0,0
4,1,3,100,9.1693092659125,7.0435024733476,0.809126230422257,194.9,15.7061796545754,4.91794345842855,2.00000024079657,0,16860,1739,13514,0.2106762046367,5.8,0.498333333333333,0.500000000000014,0,0.555661630458484,0,0
4,1,4,100,9.23279306675707,7.24138068558536,0.807980999972604,213.1,15.0743725942651,4.75250437587367,2.00000000140551,0,16770,1036,15231,0.229023237829141,5.8,0.498333333333333,0.500000000000014,0,0.534521169101638,0,0
4,1,5,66.6666666666667,9.78775589124231,7.92079455172538,0.843383506405967,373,12.9731019423813,4.33517351459782,2.00000000000659,0,17980,1823,15727,0.218501217535755,5.8,0.498333333333333,0.500000000000014,0,0.612973729824387,0,0
4,1,6,91.6666666666667,9.4590784168012,7.69914145734521,0.803347347514577,317,14.0951897046586,4.55234303880791,2.00000000003422,0,18259,1903,16007,0.222166862305137,5.8,0.498333333333333,0.500000000000014,0,0.54209059563112,0,0
4,1,7,100,9.18783431214802,7.29450977327367,0.782135690299928,206.7,14.9642905609311,4.69469349543838,2.00000016522313,0,18965,2016,14820,0.213144295587373,5.8,0.498333333333333,0.500000000000014,0,0.515347153976538,0,0
4,1,8,100,9.38632043212983,7.2619353361179,0.832329016079453,240.5,14.850916505791,4.75971159944434,2.00000005825007,0,20524,1388,18997,0.224212657257066,5.8,0.498333333333333,0.500000000000014,0,0.565052098927917,0,0
4,1,9,100,8.96500579676764,7.09215173292405,0.820814418309824,280,16.3443569708029,5.00390386536484,2.00000000906346,0,17233,1155,15422,0.228756831049453,7.21951536437915,0.498333333333333,0.500000000000014,0,0.663835821121028,0,0
4,1,10,100,9.62647079460498,7.70116881935792,0.838726816938562,343.6,14.2460443436855,4.68249139013998,2.00000000077841,0,18252,1622,16420,0.226417191194191,5.8,0.498333333333333,0.500000000000014,0,0.551286309146578,0,0
4,1,11,100,8.76965109169178,6.84232818017722,0.775890458746681,270.9,16.2990038198146,4.88127016129019,2.00000012987607,0,20733,636,19694,0.221788616172581,5.8,0.498333333333333,0.500000000000014,0,0.509185545989191,0,0
4,1,12,100,9.16925501684906,7.04259991356932,0.809934813751712,242.2,15.3852224022464,4.81723152413316,2.00000000968009,0,20657,1838,17181,0.213766875535982,5.8,0.498333333333333,0.500000000000014,0,0.559954209031731,0,0
4,1,13,66.6666666666667,9.4508682651195,7.86515119981396,0.770804740984134,287.2,13.0646970034423,4.2156522945879,2.00000000028672,0,19724,2155,16676,0.21884195789271,5.8,0.498333333333333,0.500000000000014,0,0.519968614210434,0,0
4,1,14,100,8.99960264644609,6.87860111492013,0.821524049564794,250.8,16.2021984260003,4.97954787563043,1.86103703860374,0,16986,1301,14162,0.226844376159677,5.8,0.498333333333333,0.500000000000014,0,0.60460286744079,0,0
4,1,15,100,8.83351247973759,6.85454814198674,0.785416590500316,243.7,16.2551596702117,4.90362119987112,2.00000009509165,0,19113,1314,17799,0.225149214273094,7.57631499357309,0.498333333333333,0.500000000000014,0,0.678278473889767,0,0
4,1,16,100,9.76856494356443,7.7693014349978,0.860711992026222,385.3,14.5187293950172,4.84258807560617,2.00000000013574,0,16615,2200,13169,0.217334603764858,5.8,0.498333333333333,0.500000000000014,0,0.576687520599589,0,0
4,1,17,83.3333333333333,9.5604429966096,7.79923648284979,0.801527753164779,231.7,13.4690561242038,4.39650752886406,2.00000000464797,0,20794,2787,15660,0.201137339020845,5.8,0.498333333333333,0.500000000000014,0,0.539256009192259,0,0
4,1,18,100,8.98142652210257,6.87531947076451,0.853296177719058,227.9,16.4050346580776,5.03182677029357,2.00000009899998,0,19453,778,18207,0.229366530128378,5.8,0.498333333333333,0.500000000000014,0,0.628951066569644,0,0
4,1,19,100,9.12991473427827,7.08810607066695,0.84089522707487,288.7,16.0295814543405,4.99779000025567,2.00000001209253,0,18798,1077,17609,0.231481050166841,6.64970723644096,0.498333333333333,0.500000000000014,0,0.640824065223983,0,0
4,2,0,100,8.95366955247971,7.10310847198995,0.801619663978855,264.6,16.2117303358978,4.95726042585533,2.10000005118229,0,18817,1205,15927,0.222972442936733,5.8,0.498333333333333,0.500000000000014,0,0.516249992398347,0,0
4,2,1,100,8.7093911411008,6.72692827976734,0.778198186609604,226.5,16.5891608221748,4.93444138501671,2.1000002533516,0,20243,766,19092,0.233808776065852,5.82216702779685,0.498333333333333,0.500000000000014,0,0.518038703830149,0,0
4,2,2,100,8.91160433423919,6.98922904155143,0.785883467080214,271.5,15.8920948042284,4.8366139251643,2.10000001537981,0,19533,1391,18142,0.243099399952445,5.8,0.498333333333333,0.500000000000014,0,0.5879864106191,0,0
4,2,3,100,9.16402714106007,7.14642225329531,0.773062864900296,246.2,14.9959665287836,4.6927110286203,2.10000004510937,0,20159,1963,16495,0.219574068306533,5.8,0.498333333333333,0.500000000000014,0,0.509240633863152,0,0
4,2,4,100,8.65829770114443,6.57406162791945,0.773197151831046,219.7,16.4753425168221,4.87175278262656,2.10000034549978,0,20562,658,19502,0.237477700467396,5.8,0.498333333333333,0.500000000000014,0,0.503521470137643,0,0
4,2,5,100,9.30721606002495,7.08898439240389,0.804210903344274,237.7,15.1595685524179,4.81804167746156,2.10000005396239,0,19393,1433,17689,0.231934037191951,5.8,0.498333333333333,0.500000000000014,0,0.526035742222825,0,0
4,2,6,100,8.88168591011513,6.96147818631606,0.78921263556131,267,16.0503233916241,4.8683518618854,2.10000009353666,0,20559,1176,19383,0.235529725051429,5.8,0.498333333333333,0.500000000000014,0,0.506682093935614,0,0
4,2,7,100,9.22090288436639,7.20496218454156,0.781027259671444,249.1,14.9529755814449,4.70826304597975,2.10000003958669,0,20809,1965,16428,0.212088771119022,5.8,0.498333333333333,0.500000000000014,0,0.502692441589932,0,0
4,2,8,100,8.75936405723263,6.90285636325135,0.774795079435625,265.6,16.2663900711945,4.86611542800826,2.10000008924794,0,20695,880,19815,0.239284920028114,5.8,0.498333333333333,0.500000000000014,0,0.500729132930874,0,0
4,2,9,100,8.97157502071954,7.13305425972954,0.802715097540531,263.6,16.1968347603608,4.96257250295552,2.10000003248149,0,18031,1198,15788,0.225775552015426,5.8,0.498333333333333,0.500000000000014,0,0.504456693028472,0,0
4,2,10,100,9.00502160433916,7.06500312753393,0.81089136117062,274.6,15.923253968221,4.89685316593007,2.10000001364585,0,19609,1121,17962,0.233247974713793,5.8,0.498333333333333,0.500000000000014,0,0.5899445513409,0,0
4,2,11,100,8.77186737911203,6.8482396535578,0.769715504372267,270,16.1917764870169,4.85066694572512,2.10000010973727,0,20380,714,19270,0.235151029085449,5.8,0.498333333333333,0.500000000000014,0,0.485362070212489,0,0
4,2,12,100,8.86063948770553,6.83127966651303,0.803355563694273,231.2,16.3483302971832,4.94717417399391,2.10000009272255,0,19274,1348,16288,0.234525821351945,5.89648964308209,0.498333333333333,0.500000000000014,0,0.590493728502489,0,0
4,2,13,100,8.88281457308845,6.99456825081979,0.774854279160568,271.3,15.9009657719788,4.8236932595476,2.10000005066763,0,19293,1324,17173,0.236828929149189,5.8,0.498333333333333,0.500000000000014,0,0.556745696126617,0,0
4,2,14,100,9.35987125601633,7.24213972482571,0.797814255542532,237.7,15.0234573077307,4.80177111774439,2.1000000824838,0,19208,1779,15658,0.220579591856773,5.8,0.498333333333333,0.500000000000014,0,0.507981886134867,0,0
4,2,15,100,8.86186010789451,6.94204640562619,0.779385999430814,266.1,16.0219971009628,4.84899723661267,2.10000004082178,0,19441,1306,18135,0.24276453217837,5.8,0.498333333333333,0.500000000000014,0,0.587970130128081,0,0
4,2,16,100,9.19048879328064,7.19623402387206,0.824868359770141,295.9,15.58238918307,4.89062483157802,2.1000000102282,0,18619,1828,15534,0.231623312704817,5.8,0.498333333333333,0.500000000000014,0,0.57719158145577,0,0
4,2,17,100,9.29894746431513,7.34302202619029,0.826901149757118,310.7,15.2763694967181,4.85091982222826,2.1000000053665,0,18748,1770,14932,0.221910806627647,5.8,0.498333333333333,0.500000000000014,0,0.559935576087509,0,0
4,2,18,100,8.81142628366461,6.78142540890096,0.800994428767213,222.1,16.3896791402476,4.93216042357481,2.10000017150094,0,19782,868,18311,0.219595886296462,5.92259876151461,0.498333333333333,0.500000000000014,0,0.604859122623947,0,0
4,2,19,100,9.44078193675228,7.26313242404136,0.83045599060388,215.5,14.8364358871388,4.78287760186027,2.10000006744156,0,20836,1521,18846,0.225612661015915,5.8,0.498333333333333,0.500000000000014,0,0.560834824149963,0,0
4,3,0,100,8.22333308004941,6.40120737502971,0.691103892675257,250.3,16.9741086622831,4.76714294144745,2.00000030717399,0,20454,1010,18302,0.213967335919237,5.8,0.498333333333333,0.500000000000014,0,0.473005863270922,0,0
4,3,1,100,8.22970824014923,6.40272003691369,0.690448653770375,250.1,16.9641607453677,4.7680281582606,2.00000031039463,0,20434,696,19337,0.219821827518615,5.8,0.498333333333333,0.500000000000014,0,0.468619360648928,0,0
4,3,2,100,8.24066217114343,6.38026662062966,0.689665830061723,250.4,16.8954685427714,4.75503845576824,2.00000031339073,0,20904,1052,19852,0.222027303241703,5.8,0.498333333333333,0.500000000000014,0,0.467449106124486,0,0
4,3,3,100,8.23241930187396,6.43366727845397,0.694480172503611,249.4,17.0348694535642,4.78951567190614,2.0000003259097,0,19534,1019,17097,0.211227216993888,5.8,0.498333333333333,0.500000000000014,0,0.466868652988092,0,0
4,3,4,100,8.22211979880715,6.34111502484133,0.691236544079533,253.6,16.7622928589376,4.70689819207139,2.00000025276881,0,20434,730,19322,0.219808276210603,5.8,0.498333333333333,0.500000000000014,0,0.466065075528477,0,0
4,3,5,100,8.22550371392725,6.35805452429224,0.69030907644264,251.6,16.838172878528,4.73016943426293,2.00000028829686,0,19917,929,18988,0.222963261911108,5.8,0.498333333333333,0.500000000000014,0,0.4696187512932,0,0
4,3,6,100,8.21421891154868,6.35069251130714,0.694351865853014,249.4,16.9132398715993,4.74475007431975,2.00000032674359,0,21663,943,20720,0.222160667754541,5.8,0.498333333333333,0.500000000000014,0,0.470159072830668,0,0
4,3,7,100,8.23336082006199,6.43956415921576,0.695893486291572,247.5,17.0773886467512,4.8020276865764,2.00000036827987,0,20232,1007,17096,0.203993012543249,5.8,0.498333333333333,0.500000000000014,0,0.469160786033706,0,0
4,3,8,100,8.22388045409208,6.34817557165234,0.691047523291822,254.1,16.7975574148255,4.71780946746555,2.00000024246822,0,20787,901,19886,0.22253102812215,5.8,0.498333333333333,0.500000000000014,0,0.463598510098175,0,0
4,3,9,100,8.2189224748953,6.38118041469402,0.68640304063504,248,16.9685124293269,4.76302113665425,2.0000003593982,0,19899,1035,18464,0.219466101539568,5.8,0.498333333333333,0.500000000000014,0,0.465803821890791,0,0
4,3,10,100,8.2385288172361,6.37261719060257,0.690552862787584,248.7,16.959076482652,4.77170148693967,2.00000034509355,0,22414,822,21592,0.221381204745116,5.8,0.498333333333333,0.500000000000014,0,0.467521049738325,0,0
4,3,11,100,8.2322858348872,6.33283016951035,0.695863915143386,251.1,16.7731525382655,4.71576503854101,2.00000030255717,0,20461,725,19333,0.22188846843967,5.8,0.498333333333333,0.500000000000014,0,0.470966855272185,0,0
4,3,12,100,8.23103695983421,6.41888573156433,0.697157181964969,248.7,17.0166103869607,4.78356094281111,2.00000034117443,0,20468,1051,17913,0.211949818408582,5.8,0.498333333333333,0.500000000000014,0,0.465350852081464,0,0
4,3,13,100,8.23957390169203,6.39121679016345,0.690672439366073,251.8,16.9032729269325,4.75660163936345,2.00000029013825,0,20629,1005,18834,0.216846106487831,5.8,0.498333333333333,0.500000000000014,0,0.468141148108717,0,0
4,3,14,100,8.23001657045225,6.41507168791567,0.689509693288349,249.6,17.0022096669402,4.77893654369583,2.0000003233323,0,20484,1029,17932,0.210170202233215,5.8,0.498333333333333,0.500000000000014,0,0.463561816900644,0,0
4,3,15,100,8.23658463027849,6.37265429452278,0.687777647808076,250.9,16.8970669178378,4.75313686647747,2.00000029371449,0,20905,1023,19882,0.22179081030066,5.8,0.498333333333333,0.500000000000014,0,0.467028667594632,0,0
4,3,16,100,8.25212021089862,6.46175930474722,0.694270017306997,248.4,17.1010409601903,4.81964018767343,2.00000034793891,0,20703,1267,18323,0.213800440101839,5.8,0.498333333333333,0.500000000000014,0,0.467448348968892,0,0
4,3,17,100,8.28609620572507,6.54561830584574,0.700207921132296,247.2,17.2650976903193,4.8859510110561,2.00000037157747,0,20306,1073,16131,0.186596195595448,5.8,0.498333333333333,0.500000000000014,0,0.470189707236616,0,0
4,3,18,100,8.2144970280085,6.33313494656677,0.689521031084319,251.9,16.7967963159018,4.71221965571341,2.00000028522118,0,20503,791,19320,0.220038973731773,5.8,0.498333333333333,0.500000000000014,0,0.469967713111851,0,0
4,3,19,100,8.23755552802445,6.40563679373689,0.691683698542289,248.6,17.0088753646918,4.78515757813068,2.00000034358061,0,21586,861,20725,0.22195955146762,5.8,0.498333333333333,0.500000000000014,0,0.46693757262287,0,0
5,1,0,100,8.63150537783185,6.81420738698067,0.763607703685582,287.1,16.5690352293089,4.88422119903623,2.00000001277795,0,20385,1297,17423,0.19913668726033,5.81642563283367,0.00489583333333332,0.300000000000001,0.0471180555555556,0.605090412039968,0,0
5,1,1,100,8.5254578136204,6.71834548195669,0.74416680145966,273.9,16.6761390252021,4.85541662513747,2.00000005012873,0,20690,822,19447,0.212317898416381,5.8,0.00516319444444444,0.300000000000004,0.0493402777777778,0.511441222282063,0,0
5,1,2,100,8.52407062472807,6.69000297409152,0.744988433664506,275.8,16.5957714645788,4.83112318301062,2.00000003671539,0,21161,1277,19884,0.215358691499404,5.8,0.00547916666666665,0.400000000000006,0.0518055555555556,0.560489669690316,0,0
5,1,3,100,8.3972750070864,6.62309594714536,0.732482912628009,269.1,16.7460363405812,4.80240337107459,2.00000005893719,0,19441,1283,16740,0.207586718305353,5.8,0.00498263888888889,0.300000000000004,0.0479861111111111,0.548827076295048,0,0
5,1,4,100,8.36785527024236,6.5065650326344,0.727603085575629,262.8,16.6251554624745,4.75104084822688,2.00000011363682,0,21102,773,19947,0.215411517848302,5.8,0.00532291666666666,0.5,0.0504513888888889,0.49967860919085,0,0
5,1,5,100,8.48547085936845,6.6307280479601,0.740509610691368,273.7,16.5874474507461,4.80684000480433,2.00000004761193,0,20169,997,19172,0.219902436515064,5.8,0.00531944444444444,0.300000000000004,0.0508680555555556,0.515162866432476,0,0
5,1,6,100,8.48918409927388,6.65335434146051,0.746129898346594,275.2,16.6346543816011,4.82273835797706,2.00000004502419,0,21841,1112,20728,0.215546330229982,5.8,0.00533680555555555,0.300000000000001,0.0509375,0.511576753555594,0,0
5,1,7,100,8.51089193270356,6.71294744689593,0.747099184061628,274.5,16.7004734800185,4.85414550284345,2.00000003722562,0,19936,1279,16528,0.199592011011101,5.8,0.0051701388888889,0.200000000000003,0.0490972222222222,0.542752581068136,0,0
5,1,8,100,8.46909433618615,6.61232158928827,0.747653051734967,277.3,16.5918559725957,4.79883947645604,2.00000002647459,0,21262,1041,20221,0.214881130999396,6.29395847251712,0.00536805555555555,0.399999999999999,0.0509027777777778,0.604586434084748,0,0
5,1,9,100,8.62015058677112,6.80854498698475,0.761021736881787,286.4,16.5901283312054,4.88389162781975,2.00000001137778,0,19807,1304,17495,0.201434475510024,6.2853071027586,0.0053125,0.300000000000011,0.050625,0.614620774674347,0,0
5,1,10,100,8.68348238513605,6.80133140449009,0.764704053340152,290,16.3329338247821,4.8433968554972,2.00000001221872,0,21824,1145,20111,0.20938766068724,5.8,0.00557638888888888,0.299999999999997,0.0527083333333333,0.555835386519655,0,0
5,1,11,100,8.39056128110326,6.51252121361841,0.732901139716847,269.5,16.6234656168138,4.76351233308092,2.00000010008387,0,21051,793,19855,0.214510750029031,5.8,0.00521874999999999,0.399999999999999,0.0495138888888889,0.486866723008683,0,0
5,1,12,100,8.71036405460056,6.85071278588073,0.771799680721675,292.5,16.3229006851014,4.85550661207926,2.00000001049989,0,20124,1516,16940,0.207782257611976,5.8,0.00532291666666666,0.300000000000011,0.0505555555555556,0.55975048367357,0,0
5,1,13,100,8.54143074648219,6.71279826034606,0.745250787933174,280.2,16.5527114599055,4.82840644873266,2.00000002865579,0,20854,1254,18810,0.213374066550649,5.8,0.00542013888888889,0.299999999999997,0.0521527777777778,0.546510438700388,0,0
5,1,14,100,8.67903190842505,6.8272405635554,0.762095335564494,292,16.3449048859658,4.84449368163521,2.00000001065416,0,20156,1485,16982,0.205653519125325,5.8,0.00528125,0.300000000000001,0.0500694444444444,0.552656930754069,0,0
5,1,15,100,8.52097138480744,6.70303816503946,0.744202533657581,277.2,16.5942638411255,4.82899837980624,2.00000003369132,0,21083,1290,19793,0.205915795647113,5.8,0.00548958333333333,0.300000000000004,0.0515972222222222,0.541429177874841,0,0
5,1,16,100,8.6851289550307,6.83377967741637,0.765923373935471,290.2,16.3764377429308,4.85723319281898,2.00000001151045,0,20303,1853,17176,0.209546185861162,5.8,0.00548263888888886,0.300000000000004,0.0515972222222222,0.558422204574125,0,0
5,1,17,100,8.57048611709608,6.76740125232148,0.75274048788687,276.9,16.6489035997573,4.8730723695063,2.00000002935985,0,20018,1518,15980,0.193202064787689,5.8,0.00517708333333334,0.200000000000003,0.0495486111111111,0.536326335316259,0,0
5,1,18,100,8.70767348778842,6.85489150137701,0.767838123524875,289.1,16.3489149071071,4.86166689454384,2.0000000124428,0,20172,974,18073,0.194854572271794,5.8,0.00531944444444444,0.300000000000001,0.0506944444444444,0.596938610355135,0,0
5,1,19,100,8.69239871047032,6.83895367618238,0.766510471479148,290,16.3966411741517,4.86728017374184,2.00000001197873,0,21055,1180,19585,0.215887886633938,5.8,0.00550347222222221,0.299999999999997,0.0524305555555556,0.563816444528748,0,0
5,2,0,100,8.41531205991754,6.58724385492093,0.747265518388089,264.4,16.8125943495133,4.83217946914053,2.10000001815558,0,20611,1049,18411,0.226036821366956,6.26456662077907,0.00489583333333332,0.300000000000001,0.0471180555555556,0.608936423785215,0,0
5,2,1,100,8.35903446515106,6.55799371300579,0.726298690680939,257.1,16.811229587846,4.7993982012286,2.10000013160663,0,20610,746,19479,0.229756418526292,5.82216702779685,0.00516319444444444,0.300000000000004,0.0493402777777778,0.485986394456058,0,0
5,2,2,100,8.40395283665745,6.56776015805159,0.732219236449067,263.8,16.6818112872257,4.78806992971265,2.1000000575533,0,21062,1248,19814,0.233333383513971,6.8570901097504,0.00547916666666665,0.400000000000006,0.0518055555555556,0.614693733172826,0,0
5,2,3,100,8.39308978066729,6.58708410550213,0.735562245205152,261.6,16.7837678227852,4.81114880970745,2.10000006517168,0,19352,1217,16684,0.224306554193118,6.55827814321521,0.00498263888888889,0.300000000000004,0.0479861111111111,0.604177298845117,0,0
5,2,4,100,8.35560815022929,6.48242048614548,0.726793357121723,259,16.6148054542913,4.74140903328003,2.10000011900615,0,20728,770,19556,0.229929517301018,5.8,0.00532291666666666,0.5,0.0504513888888889,0.482246697798796,0,0
5,2,5,100,8.35492667859209,6.49260082043901,0.725456728033301,258.4,16.6952790278067,4.76399532135988,2.10000012154796,0,20129,976,19153,0.233103400604404,5.8,0.00531944444444444,0.300000000000004,0.0508680555555556,0.48546890682388,0,0
5,2,6,100,8.340223539181,6.4933247733901,0.729911449681732,257,16.7714020786297,4.77729633128453,2.10000013010153,0,21857,999,20858,0.231435498921324,5.8,0.00533680555555555,0.300000000000001,0.0509375,0.486554190967067,0,0
5,2,7,100,8.39766110091164,6.59871326283004,0.737832858303371,260.5,16.8267590879047,4.82612458803784,2.10000006771418,0,20031,1168,16695,0.217327815399646,6.30591294012468,0.0051701388888889,0.200000000000003,0.0490972222222222,0.597970965599587,0,0
5,2,8,100,8.3415203410963,6.45886081782909,0.733604296736294,262.4,16.6784624623673,4.75157381964173,2.10000002500885,0,20902,989,19913,0.237359441844731,6.47169355198533,0.00536805555555555,0.399999999999999,0.0509027777777778,0.592545989585753,0,0
5,2,9,100,8.4093301805086,6.57737510290289,0.743710985196944,264.4,16.8093934661834,4.82783814260375,2.10000001882861,0,19962,1067,18533,0.231099244383746,6.26884920110633,0.0053125,0.300000000000011,0.050625,0.603507858125605,0,0
5,2,10,100,8.45481312159901,6.62753797090006,0.743988446304061,264.6,16.7164724104909,4.82708344027815,2.10000005079837,0,22306,902,21314,0.218601244975222,6.70246267237937,0.00557638888888888,0.299999999999997,0.0527083333333333,0.614873310540874,0,0
5,2,11,100,8.33488033871025,6.40573716899851,0.723005809686067,252.5,16.6807366991272,4.74841309912923,2.10000021923622,0,20791,699,19696,0.229406161200065,5.8,0.00521874999999999,0.399999999999999,0.0495138888888889,0.471906690832684,0,0
5,2,12,100,8.47448003049039,6.67473337048727,0.75143011534906,266.6,16.7295722562545,4.84203758212584,2.10000004316521,0,20383,1167,17647,0.218965944368213,6.85470492215369,0.00532291666666666,0.300000000000011,0.0505555555555556,0.6205330084033,0,0
5,2,13,100,8.39890073695858,6.56153660077547,0.732520652779987,262.9,16.6988385037045,4.79011477102262,2.10000006163443,0,20836,1170,18870,0.228568650621215,6.82800308196702,0.00542013888888889,0.299999999999997,0.0521527777777778,0.613224053132793,0,0
5,2,14,100,8.46156321049043,6.64885123748336,0.74312283806082,265.7,16.7402637101377,4.83782981642564,2.10000004689073,0,20412,1133,17754,0.217445513558973,6.78897573510862,0.00528125,0.300000000000001,0.0500694444444444,0.615511858471979,0,0
5,2,15,100,8.38746132976469,6.55350178817326,0.73018569014968,262.9,16.6990107192538,4.78355053509258,2.10000005582401,0,21055,1195,19860,0.233082023905793,6.85201774718422,0.00548958333333333,0.300000000000004,0.0515972222222222,0.614059976053575,0,0
5,2,16,100,8.49171918916658,6.68304098181752,0.746713650727256,266.5,16.7685655304135,4.86322748443078,2.10000004447204,0,20183,1433,17218,0.221788846020537,6.72800385356032,0.00548263888888886,0.300000000000004,0.0515972222222222,0.615155403989031,0,0
5,2,17,100,8.51803514365991,6.71695908252629,0.752081375149542,267.2,16.802679401183,4.88828944138796,2.10000004401468,0,19303,1265,15497,0.211500209401914,5.8,0.00517708333333334,0.200000000000003,0.0495486111111111,0.58397289250976,0,0
5,2,18,100,8.42790544759234,6.5797451720112,0.745179468574436,263.8,16.597252861165,4.77735173502565,2.10000005322763,0,20641,840,19415,0.22487661072857,6.82969457252064,0.00531944444444444,0.300000000000001,0.0506944444444444,0.621822122985028,0,0
5,2,19,100,8.46839353079425,6.6605789005126,0.746812171231489,264.7,16.765016727421,4.84884986794581,2.10000004868459,0,21530,955,20528,0.225250586232066,6.83276111785173,0.00550347222222221,0.299999999999997,0.0524305555555556,0.62150446744385,0,0
5,3,0,100,8.20746524806123,6.35633338004593,0.686988420695131,243.7,17.0201267919325,4.77086948282652,2.00000031295872,0,21395,1010,19221,0.205889901403227,5.8,0.00489583333333332,0.300000000000001,0.0471180555555556,0.453526248936109,0,0
5,3,1,100,8.21415140005278,6.35830612812741,0.686345406236594,243.4,17.0100322007399,4.77190961128083,2.00000031604918,0,21359,696,20241,0.211828761656278,5.8,0.00516319444444444,0.300000000000004,0.0493402777777778,0.449312538562018,0,0
5,3,2,100,8.22524143324513,6.33613342157771,0.685814367556741,244.1,16.9415012166355,4.75909765106403,2.00000031833156,0,21838,1052,20766,0.214285901281606,5.8,0.00547916666666665,0.400000000000006,0.0518055555555556,0.447488037836226,0,0
5,3,3,100,8.21659980370767,6.38856106738619,0.69017815472238,242.8,17.0806257915054,4.7931781526241,2.00000033183142,0,20478,1019,18019,0.202735992212089,5.8,0.00498263888888889,0.300000000000004,0.0479861111111111,0.446264209508091,0,0
5,3,4,100,8.20617857831975,6.2972587099525,0.686948010657173,247,16.8083387884713,4.71070342063105,2.00000025701854,0,21378,730,20247,0.211781510789086,5.8,0.00532291666666666,0.5,0.0504513888888889,0.445314049316306,0,0
5,3,5,100,8.21009526434456,6.31407251609559,0.686258316575131,245.2,16.884128692158,4.73422052147129,2.0000002935268,0,20851,929,19902,0.214814151623643,5.8,0.00531944444444444,0.300000000000004,0.0508680555555556,0.449509507566738,0,0
5,3,6,100,8.19826990467729,6.30619778728192,0.690198936477035,242.9,16.9593357495864,4.74847012399016,2.00000033217862,0,22595,943,21630,0.21463921156024,5.8,0.00533680555555555,0.300000000000001,0.0509375,0.449726962355518,0,0
5,3,7,100,8.21719354473986,6.39433829346594,0.691877581027846,240.9,17.1234748429866,4.80555808022006,2.00000037466998,0,21180,1007,18021,0.195866301062765,5.8,0.0051701388888889,0.200000000000003,0.0490972222222222,0.449540981958318,0,0
5,3,8,100,8.2088759513782,6.30427822119222,0.686769448567839,247.5,16.8434477107896,4.72209343429911,2.00000024697374,0,21710,901,20790,0.21466763109758,5.8,0.00536805555555555,0.399999999999999,0.0509027777777778,0.443022850736751,0,0
5,3,9,100,8.203248707743,6.33670388580634,0.682397019042089,241.7,17.0142315638321,4.76677264252958,2.00000036544566,0,20829,1035,19372,0.211354743781554,5.8,0.0053125,0.300000000000011,0.050625,0.445854131226612,0,0
5,3,10,100,8.22206045952207,6.32766830533376,0.686531304704818,242.2,17.0050522182463,4.77509950423753,2.0000003504507,0,23351,822,22507,0.214139181831931,5.8,0.00557638888888888,0.299999999999997,0.0527083333333333,0.448073016502003,0,0
5,3,11,100,8.21550505590742,6.28956437264389,0.691992644223032,244.6,16.8192054289432,4.71910008097539,2.00000030737613,0,21389,725,20242,0.213863180104059,5.8,0.00521874999999999,0.399999999999999,0.0495138888888889,0.451612061794798,0,0
5,3,12,100,8.21384271818505,6.37418299194131,0.693045183474356,242.3,17.0625649774858,4.78648574239113,2.00000034730272,0,21409,1051,18832,0.203886066295082,5.8,0.00532291666666666,0.300000000000011,0.0505555555555556,0.445303639080623,0,0
5,3,13,100,8.22360006516908,6.34690938917227,0.686732632743569,245.4,16.9492884438401,4.76033001930148,2.0000002948243,0,21554,1005,19739,0.20897651794587,5.8,0.00542013888888889,0.299999999999997,0.0521527777777778,0.4481009744472,0,0
5,3,14,100,8.21490016771312,6.37026223573653,0.685416781243556,243.3,17.0482527670299,4.78310285139112,2.00000032910566,0,21414,1029,18840,0.202196495858197,5.8,0.00528125,0.300000000000001,0.0500694444444444,0.442877706965004,0,0
5,3,15,100,8.21907884643053,6.32887880852201,0.683415286596314,244.7,16.9428968133782,4.75592531624917,2.00000029856233,0,21828,1023,20785,0.213992807320509,5.8,0.00548958333333333,0.300000000000004,0.0515972222222222,0.446483084412253,0,0
5,3,16,100,8.2370955505153,6.41656756736233,0.690258724111324,242,17.1470751416293,4.82384156678913,2.00000035399387,0,21654,1267,19252,0.205831054141143,5.8,0.00548263888888886,0.300000000000004,0.0515972222222222,0.447230411324287,0,0
5,3,17,100,8.26867232783645,6.50012618761476,0.695999501449773,240.8,17.3112614132355,4.88873980282996,2.00000037810207,0,21251,1073,17053,0.178920866069293,5.8,0.00517708333333334,0.200000000000003,0.0495486111111111,0.449367247615021,0,0
5,3,18,100,8.19718296399705,6.2892263435516,0.68528749606174,245.3,16.8428314210479,4.71520135644651,2.00000029008868,0,21429,791,20226,0.212105398054774,5.8,0.00531944444444444,0.300000000000001,0.0506944444444444,0.448449923458822,0,0
5,3,19,100,8.22222933950801,6.36079258361249,0.687578801881541,242.1,17.0549986303561,4.78923281506026,2.00000034984362,0,22533,861,21650,0.214390077515795,5.8,0.00550347222222221,0.299999999999997,0.0524305555555556,0.446711086546396,0,0
6,1,0,100,8.63296551527729,6.81429068500642,0.763721889641547,287.3,16.568222181316,4.88480693222228,2.00000001278147,0,20350,1297,17414,0.199180564397729,5.81444830165652,0.0105590277777778,0.399999999999999,0.096875,0.605939251431964,0,0
6,1,1,100,8.51613403678852,6.7096749136679,0.743364694668951,272.7,16.6906580703111,4.85433685855815,2.00000005381867,0,20696,770,19525,0.212641170205528,5.8,0.0111875,0.400000000000002,0.100173611111111,0.511987536307424,0,0
6,1,2,100,8.51540130516349,6.68369083013424,0.743976690628012,274.6,16.609622828359,4.83024506753174,2.00000003941739,0,21160,1263,19897,0.215022924804115,5.8,0.0114409722222222,0.400000000000006,0.102326388888889,0.561098324550374,0,0
6,1,3,100,8.39806063590702,6.62362089671429,0.732645756517785,269,16.7458134605984,4.80278953585152,2.00000005894537,0,19428,1280,16730,0.207696562255237,5.8,0.0109270833333333,0.5,0.0988194444444444,0.55029042048607,0,0
6,1,4,100,8.36814079768085,6.50673897996557,0.727635880183931,262.8,16.624926181014,4.75113780623753,2.00000011367536,0,21098,774,19942,0.215470370627797,5.8,0.0112326388888889,0.5,0.100590277777778,0.500534538281898,0,0
6,1,5,100,8.48134460477038,6.62418828256698,0.740269665807875,272.6,16.5975942965715,4.80744734149514,2.0000000511817,0,20181,992,19189,0.219980037137146,5.8,0.0109201388888889,0.400000000000006,0.0987152777777778,0.516476640549457,0,0
6,1,6,100,8.48438631861852,6.64644014479775,0.745806874057691,274,16.6448789550456,4.82298089836066,2.00000004837341,0,21825,1079,20746,0.215886555170218,5.8,0.0114826388888889,0.4,0.102881944444444,0.512511658320903,0,0
6,1,7,100,8.51073032278488,6.71328711040656,0.747012904429269,274.5,16.7005004223005,4.85406193323566,2.0000000372321,0,19938,1276,16533,0.199614200814781,5.8,0.011,0.5,0.0997916666666667,0.544195108745647,0,0
6,1,8,100,8.46283152843218,6.60352924964826,0.746942744351561,276.2,16.6005787653619,4.79781681969835,2.00000002844399,0,21267,1035,20232,0.215119549299404,6.29502378693783,0.0110902777777778,0.4,0.100555555555556,0.605195428119226,0,0
6,1,9,100,8.62099555630016,6.80900780401086,0.76130066707361,286.5,16.5898403533728,4.88428615121416,2.00000001137732,0,19813,1304,17493,0.201568440100273,6.28617567899628,0.0112118055555556,0.399999999999999,0.101423611111111,0.615731817284823,0,0
6,1,10,100,8.67722471011992,6.79753643737579,0.764511731631551,288.8,16.3571602597458,4.84709562838121,2.00000001310502,0,21775,1133,20095,0.209445149886182,5.8,0.0114479166666667,0.400000000000006,0.103263888888889,0.557507035879989,0,0
6,1,11,100,8.38928847666748,6.51213326838229,0.732613188127895,269.5,16.6234506631791,4.76278600662202,2.00000010020301,0,21052,792,19857,0.214516321932316,5.8,0.0110381944444444,0.400000000000006,0.0994444444444444,0.48768595963932,0,0
6,1,12,100,8.7051482903608,6.84674179824404,0.771655414050029,291.3,16.3443248066344,4.85897749374736,2.0000000112758,0,20116,1506,16944,0.207745735920415,5.8,0.0113402777777778,0.400000000000006,0.100868055555556,0.559219685152778,0,0
6,1,13,100,8.53589294888945,6.70600528849461,0.744689790235371,279,16.5633382610036,4.82837892580524,2.00000003076946,0,20866,1247,18829,0.213435827487978,5.8,0.0113194444444444,0.400000000000006,0.103125,0.54630451959336,0,0
6,1,14,100,8.67643879946413,6.82376301438048,0.76236379997339,291,16.3631640802501,4.8484627231351,2.0000000114153,0,20121,1479,16982,0.205725555168599,5.8,0.0111111111111111,0.5,0.100381944444444,0.555114460572076,0,0
6,1,15,100,8.51785354035196,6.70195571247309,0.743719704437384,277.2,16.5955320587604,4.8276013173907,2.00000003370121,0,21100,1286,19814,0.20624520950258,5.8,0.0113993055555556,0.399999999999999,0.100798611111111,0.542522720727931,0,0
6,1,16,100,8.6805322723611,6.82976760488555,0.765792872495966,289.1,16.3965622054692,4.86063738954463,2.00000001236219,0,20285,1842,17160,0.209595041225036,5.8,0.0112916666666667,0.400000000000006,0.101215277777778,0.559072406414234,0,0
6,1,17,100,8.57139623604718,6.76826643119577,0.753009940574504,277,16.6526197922227,4.87467819097167,2.00000002934883,0,20036,1513,15983,0.193153493722374,5.8,0.0110243055555556,0.400000000000006,0.0995138888888889,0.537968401849088,0,0
6,1,18,100,8.70308122414494,6.84887870194025,0.767786836486168,288,16.3582398093299,4.86188042235238,2.00000001334752,0,20191,974,18115,0.194679189880301,5.8,0.01115625,0.400000000000006,0.100694444444444,0.598639368616126,0,0
6,1,19,100,8.68888720828354,6.83324943239881,0.766203926094302,288.9,16.4113662847417,4.86969036281913,2.00000001286367,0,21039,1178,19570,0.215895094791156,5.8,0.0111076388888889,0.5,0.100347222222222,0.565696753113809,0,0
6,2,0,100,8.41491326689559,6.58691496028182,0.747299702074518,264.5,16.8126848484924,4.83197677011665,2.10000001814171,0,20611,1048,18412,0.226229870254487,6.26478269565278,0.0105590277777778,0.399999999999999,0.096875,0.609689476977522,0,0
6,2,1,100,8.35865750142012,6.55813714462011,0.726349574107064,257.2,16.811231466993,4.79918227290907,2.1000001316163,0,20616,744,19487,0.229711961255751,5.82216702779685,0.0111875,0.400000000000002,0.100173611111111,0.486550206294196,0,0
6,2,2,100,8.40434541983982,6.56714485815324,0.732263770057713,264,16.6835379556572,4.78879080935842,2.10000005765392,0,21055,1241,19814,0.233272122176251,6.85612723984269,0.0114409722222222,0.400000000000006,0.102326388888889,0.615964023167712,0,0
6,2,3,100,8.39364016337627,6.58744726537884,0.735642848453493,261.7,16.7829999741033,4.81124400543996,2.10000006516952,0,19349,1217,16681,0.224345263450505,6.5489665611557,0.0109270833333333,0.5,0.0988194444444444,0.604590550946625,0,0
6,2,4,100,8.35600086540432,6.4824824638853,0.726864474321462,259.2,16.6147519387723,4.74161634992223,2.10000011906868,0,20727,770,19555,0.229957895483388,5.8,0.0112326388888889,0.5,0.100590277777778,0.482977519033295,0,0
6,2,5,100,8.3551462476785,6.49307188789365,0.725548533692684,258.4,16.6951507970556,4.76408429719185,2.100000121672,0,19904,976,18928,0.235647317203085,5.8,0.0109201388888889,0.400000000000006,0.0987152777777778,0.485781273010845,0,0
6,2,6,100,8.34052325521627,6.49364331377208,0.729968117090184,257.2,16.7711990145448,4.77741028293512,2.10000013020283,0,21632,998,20634,0.233760365397371,5.8,0.0114826388888889,0.4,0.102881944444444,0.48729946040905,0,0
6,2,7,100,8.39711165470055,6.59914629279981,0.737861532204207,260.6,16.8280585748327,4.82618193019361,2.1000000677152,0,20027,1162,16697,0.217480574791356,6.3010181047942,0.011,0.5,0.0997916666666667,0.598589347516686,0,0
6,2,8,100,8.34051774027268,6.4580470737234,0.733534405593093,262.5,16.678624585194,4.75104962030159,2.10000002503989,0,20900,981,19919,0.237360549337144,6.47270269259883,0.0110902777777778,0.4,0.100555555555556,0.59288763404383,0,0
6,2,9,100,8.40997353665867,6.5777530437159,0.743959890671683,264.6,16.8090565362039,4.82811091945634,2.10000001882622,0,19956,1067,18527,0.231252903440076,6.26952019341483,0.0112118055555556,0.399999999999999,0.101423611111111,0.604349113475904,0,0
6,2,10,100,8.45524000526736,6.62767545039426,0.744037584591444,264.7,16.7161755474509,4.82724137370178,2.10000005095162,0,22308,902,21315,0.218542028214626,6.66719622669434,0.0114479166666667,0.400000000000006,0.103263888888889,0.614079659070533,0,0
6,2,11,100,8.33922770865415,6.41382586698832,0.723510600274797,253.9,16.6728748970895,4.7486475762993,2.10000020454879,0,20798,717,19685,0.229232588154262,5.8,0.0110381944444444,0.400000000000006,0.0994444444444444,0.472616703005974,0,0
6,2,12,100,8.47280945159527,6.67486867679389,0.751522330519424,266.9,16.7333616931188,4.84218147221564,2.10000004323501,0,20400,1159,17710,0.219038554737989,6.85503970104256,0.0113402777777778,0.400000000000006,0.100868055555556,0.621073608247649,0,0
6,2,13,100,8.3986508741927,6.56156845335134,0.732507626650748,263,16.6990556012391,4.79003463565593,2.10000006160203,0,20840,1168,18876,0.228572450616114,6.82902754168749,0.0113194444444444,0.400000000000006,0.103125,0.613520100245897,0,0
6,2,14,100,8.45920780431518,6.64928127017308,0.743152725351752,265.9,16.7453175068686,4.83794481007694,2.10000004670053,0,20438,1126,17802,0.217922787450589,6.81636286955078,0.0111111111111111,0.5,0.100381944444444,0.617506215702095,0,0
6,2,15,100,8.38708063545923,6.55308997625186,0.730213932998435,263,16.6999783688595,4.78361130700442,2.10000005611312,0,21049,1188,19861,0.233195886703866,6.85428129427463,0.0113993055555556,0.399999999999999,0.100798611111111,0.614312040310198,0,0
6,2,16,100,8.49036300884377,6.685137971301,0.746575281680454,266.7,16.7755516525706,4.86447968379455,2.10000004451717,0,20176,1422,17217,0.221904814259166,6.72291780251292,0.0112916666666667,0.400000000000006,0.101215277777778,0.615732999293341,0,0
6,2,17,100,8.51685642848069,6.71192567779612,0.752222736471062,266.1,16.8122206447929,4.89039338544348,2.10000004727988,0,19291,1262,15492,0.211608274152525,5.8,0.0110243055555556,0.400000000000006,0.0995138888888889,0.585133355420436,0,0
6,2,18,100,8.42629736122213,6.57747387040488,0.745130056528309,264,16.5976533774386,4.77655578872221,2.10000005346149,0,20638,828,19424,0.225698137259504,7.00764337880877,0.01115625,0.400000000000006,0.100694444444444,0.622143289802272,0,0
6,2,19,100,8.46681506925525,6.66065901209539,0.746917820124162,264.9,16.7668728995727,4.84848462120192,2.10000004868448,0,21546,944,20579,0.225602654510233,6.8332704998005,0.0111076388888889,0.5,0.100347222222222,0.622195463388286,0,0
6,3,0,100,8.20758323448406,6.35696611416277,0.687074316884892,243.7,17.0196876088097,4.77081455438076,2.00000031293223,0,21392,1010,19218,0.205897736798503,5.8,0.0105590277777778,0.399999999999999,0.096875,0.454918834034621,0,0
6,3,1,100,8.21426551209268,6.35884961996828,0.686458917223802,243.6,17.0097820138504,4.77190546236636,2.00000031573006,0,21354,696,20236,0.211860441868543,5.8,0.0111875,0.400000000000002,0.100173611111111,0.449359762110598,0,0
6,3,2,100,8.22530229808934,6.33651963920612,0.68589280624618,244.2,16.9412403019196,4.75905934960551,2.0000003183186,0,21833,1052,20761,0.214313245033082,5.8,0.0114409722222222,0.400000000000006,0.102326388888889,0.449247339487225,0,0
6,3,3,100,8.21689608187068,6.38920333917735,0.690293404441525,242.9,17.0801215425658,4.79320916659146,2.00000033169943,0,20479,1019,18020,0.202750865681897,5.8,0.0109270833333333,0.5,0.0988194444444444,0.448163080731364,0,0
6,3,4,100,8.20637590470769,6.29773858633536,0.687026359747265,247.3,16.8079150619137,4.71069772089337,2.00000025696681,0,21378,730,20247,0.211776500308995,5.8,0.0112326388888889,0.5,0.100590277777778,0.447146609756841,0,0
6,3,5,100,8.21032777287796,6.31439325769491,0.686289406074786,245.3,16.8836720844171,4.73422637450636,2.00000029334217,0,20852,929,19903,0.214819721009964,5.8,0.0109201388888889,0.400000000000006,0.0987152777777778,0.451451943927593,0,0
6,3,6,100,8.19851431242664,6.30675261104396,0.690302988149251,243,16.9588995049159,4.74848922264508,2.00000033200104,0,22593,943,21628,0.214655477739757,5.8,0.0114826388888889,0.4,0.102881944444444,0.45153216764014,0,0
6,3,7,100,8.21733690449628,6.39483537266667,0.691942195999744,241.1,17.1231078777527,4.80553864332382,2.00000037463406,0,21178,1007,18019,0.195884570801668,5.8,0.011,0.5,0.0997916666666667,0.45088526157551,0,0
6,3,8,100,8.20900651054631,6.30466086768497,0.686852239502409,247.6,16.8432274311341,4.72210660620746,2.00000024695078,0,21710,901,20790,0.214679675112373,5.8,0.0110902777777778,0.4,0.100555555555556,0.444493266902835,0,0
6,3,9,100,8.20359456281221,6.3373347623018,0.682399387835268,241.8,17.0131639699806,4.76667393956542,2.00000036530378,0,20823,1035,19366,0.211413939725232,5.8,0.0112118055555556,0.399999999999999,0.101423611111111,0.447849822119652,0,0
6,3,10,100,8.22219161636833,6.32799318973319,0.686623706499495,242.2,17.0049370678415,4.77514322308433,2.00000035040443,0,23356,822,22512,0.21410237832049,5.8,0.0114479166666667,0.400000000000006,0.103263888888889,0.449010661403135,0,0
6,3,11,100,8.21567669966165,6.29002289370636,0.692060916328051,244.7,16.8188130414679,4.7190883264626,2.00000030732781,0,21390,725,20243,0.213858136066631,5.8,0.0110381944444444,0.400000000000006,0.0994444444444444,0.453207389563346,0,0
6,3,12,100,8.214129503362,6.37465701099157,0.693170021754901,242.4,17.0621961181588,4.78654918846514,2.00000034710456,0,21410,1051,18833,0.203882029902161,5.8,0.0113402777777778,0.400000000000006,0.100868055555556,0.447460264781316,0,0
6,3,13,100,8.22373478048731,6.34722445941957,0.686818516043283,245.4,16.9490607130782,4.76034393372481,2.00000029474018,0,21557,1005,19742,0.208951177423826,5.8,0.0113194444444444,0.400000000000006,0.103125,0.450053572829753,0,0
6,3,14,100,8.21497331190641,6.37074384389509,0.685498970326892,243.3,17.0479773787003,4.78306796930204,2.00000032906257,0,21411,1029,18837,0.202217763781211,5.8,0.0111111111111111,0.5,0.100381944444444,0.44421760616273,0,0
6,3,15,100,8.2192555549483,6.32929358644403,0.683540114250882,244.7,16.9427027622514,4.75597297632488,2.00000029853572,0,21826,1023,20783,0.21401301661421,5.8,0.0113993055555556,0.399999999999999,0.100798611111111,0.448118868566627,0,0
6,3,16,100,8.23725267575021,6.41706276058207,0.690342587244854,242.1,17.1467200082798,4.82383340267383,2.00000035387359,0,21650,1267,19248,0.205857537198747,5.8,0.0112916666666667,0.400000000000006,0.101215277777778,0.4486548608476,0,0
6,3,17,100,8.26882200151781,6.50056866050758,0.696014556319156,240.9,17.3107228558692,4.88867590467656,2.00000037807047,0,21248,1073,17050,0.178969502851702,5.8,0.0110243055555556,0.400000000000006,0.0995138888888889,0.451075721902713,0,0
6,3,18,100,8.19733907983561,6.28965435316726,0.685341845916303,245.4,16.8425023635964,4.71519878281274,2.00000028996817,0,21434,791,20231,0.2120767373819,5.8,0.01115625,0.400000000000006,0.100694444444444,0.448680886464958,0,0
6,3,19,100,8.222352744788,6.36124699676673,0.687683917448389,242.2,17.0547930512151,4.78924676647365,2.0000003497546,0,22529,861,21646,0.214421853223547,5.8,0.0111076388888889,0.5,0.100347222222222,0.448210154066658,0,0
7,1,0,100,8.62047952441883,6.80885931836686,0.764948969063762,286.1,16.5867931772451,4.88322699099302,2.00000001372928,0,20480,1286,17602,0.199025986925265,6.00313003974155,0.0242326388888889,0.5,0.197083333333333,0.608975264146963,0,0
7,1,1,100,8.50709095334211,6.70185140370384,0.74255495031887,271.7,16.7049257155834,4.85333570580153,2.00000005781692,0,20710,740,19569,0.21325696183597,5.8,0.0248541666666667,0.600000000000009,0.198854166666667,0.514155583165939,0,0
7,1,2,100,8.51201439643553,6.68139371711623,0.743841696545645,274.8,16.6126410798242,4.8292052615822,2.00000003946286,0,21205,1248,19957,0.21551271767817,5.8,0.02575,0.600000000000001,0.204166666666667,0.562213121609648,0,0
7,1,3,100,8.39641335680487,6.6225592269194,0.731948587832392,269,16.7443075178477,4.80141806669942,2.00000005899938,0,19498,1268,16812,0.207801264429008,5.8,0.0248923611111111,0.6,0.198923611111111,0.551335432275861,0,0
7,1,4,100,8.36757025491648,6.50623561771099,0.727680828428663,262.9,16.624694249215,4.75074897799403,2.00000011343468,0,21084,770,19932,0.21564001876273,5.8,0.02525,0.599999999999994,0.202013888888889,0.504018443467585,0,0
7,1,5,100,8.47089258512815,6.61695316937381,0.739480664041408,271.7,16.6127981295759,4.80593369512345,2.00000005499794,0,20235,979,19256,0.220185036376651,5.8,0.0246423611111111,0.5,0.198263888888889,0.519015663608435,0,0
7,1,6,100,8.46274423103124,6.63012120411504,0.743543667977497,271.8,16.6721391338925,4.81857221227328,2.00000005581319,0,21898,1019,20879,0.216837388765012,5.8,0.0259097222222222,0.600000000000009,0.205659722222222,0.514742445317598,0,0
7,1,7,100,8.49111919930115,6.70046891658863,0.745812486485807,272.2,16.7351938204471,4.85295668035413,2.00000004288688,0,19942,1120,16693,0.200752689073693,5.8,0.0249305555555556,0.600000000000009,0.199131944444444,0.546531333425079,0,0
7,1,8,100,8.43190875547882,6.55990839944288,0.74312915165913,271.5,16.6362007338742,4.79056177087961,2.00000003785249,0,21261,980,20281,0.217525003367921,6.29613466944564,0.0247118055555555,0.5,0.199236111111111,0.607065750268481,0,0
7,1,9,100,8.6212062994155,6.80918889625638,0.761277952720903,286.6,16.589486264904,4.88430232955198,2.00000001139676,0,19837,1304,17519,0.201502661306588,6.48394701210978,0.0249652777777777,0.5,0.200104166666667,0.618115277676744,0,0
7,1,10,100,8.67562670103365,6.79220878283326,0.764625930879937,288,16.3711656533439,4.85036195536599,2.00000001408409,0,21723,1130,20079,0.209676870526319,5.8,0.0253194444444444,0.600000000000001,0.20375,0.559208097865815,0,0
7,1,11,100,8.38464054575113,6.50313343517971,0.73206433147598,268.5,16.6308358769072,4.76226635728923,2.00000010769895,0,21052,788,19861,0.214702469614179,5.8,0.0249583333333333,0.600000000000001,0.199965277777778,0.489725394334446,0,0
7,1,12,100,8.69327524569717,6.8343055339787,0.770457426767674,289,16.3791970254793,4.8627190009784,2.00000001299338,0,20086,1490,16942,0.207736332327416,5.8,0.0256666666666666,0.700000000000003,0.202465277777778,0.56160229245013,0,0
7,1,13,100,8.52693479559361,6.69785403623566,0.743933246891518,277.8,16.5766118453542,4.82718688958579,2.00000003311845,0,20875,1234,18851,0.213487954999741,5.8,0.0251701388888889,0.600000000000009,0.203923611111111,0.546984778333166,0,0
7,1,14,100,8.66019750755613,6.80677737507064,0.76136786505146,287.6,16.417732076619,4.85555082812364,2.00000001413548,0,19660,1448,16689,0.208977267298933,5.8,0.0254236111111111,0.600000000000009,0.202465277777778,0.557629529405055,0,0
7,1,15,100,8.50260533340687,6.68177765439572,0.742089177319806,274.9,16.6179491885135,4.82548271740643,2.00000003888283,0,21140,1248,19892,0.209687805098497,5.8,0.0255902777777778,0.600000000000001,0.20125,0.544022841425104,0,0
7,1,16,100,8.67987110631881,6.82939339553675,0.76574459499193,289.2,16.3997493562787,4.86121367600449,2.00000001235196,0,20300,1837,17206,0.209527145976617,5.8,0.0255902777777778,0.5,0.203506944444444,0.561904102267228,0,0
7,1,17,100,8.57019889670788,6.76895036791009,0.752717487792327,277.3,16.6587759343771,4.87580295701402,2.00000002936747,0,20011,1496,15986,0.193171362620389,5.8,0.0248333333333334,0.600000000000001,0.200034722222222,0.540247187551405,0,0
7,1,18,100,8.69688758028615,6.84845575436972,0.767883599470467,288.3,16.3623561727306,4.85965001656203,2.00000001333751,0,20221,972,18218,0.194357405215123,5.8,0.0251944444444445,0.600000000000001,0.202395833333333,0.601761249963097,0,0
7,1,19,100,8.68574121930075,6.82777977769246,0.765978462161145,288,16.4266484686935,4.87246740587598,2.00000001385183,0,21043,1175,19578,0.216021486259929,5.8,0.0250520833333333,0.5,0.201145833333333,0.565910532306705,0,0
7,2,0,100,8.41643217609035,6.58663754197745,0.747794951310972,264.5,16.8126084894065,4.83282766249368,2.1000000180544,0,20600,1045,18404,0.226672476096163,6.45878235416864,0.0242326388888889,0.5,0.197083333333333,0.610956872291945,0,0
7,2,1,100,8.35879644302318,6.55862404323733,0.726742720229669,257.2,16.8115469649124,4.79935252762724,2.10000013175147,0,20625,742,19498,0.229575832905904,5.82216702779685,0.0248541666666667,0.600000000000009,0.198854166666667,0.487728134700011,0,0
7,2,2,100,8.40462312937213,6.5666810778927,0.732547983010922,264,16.6849555170858,4.78935801356459,2.10000005754864,0,21060,1236,19824,0.233305799877334,7.03467597169819,0.02575,0.600000000000001,0.204166666666667,0.616732269691194,0,0
7,2,3,100,8.39571697087902,6.58859729795333,0.736068875934241,261.8,16.7847213861592,4.81292913780271,2.10000006517271,0,19361,1196,16714,0.224602051077292,6.54017651247065,0.0248923611111111,0.6,0.198923611111111,0.605896141748047,0,0
7,2,4,100,8.35566319525711,6.47660182045433,0.72738212719364,258.1,16.6213221195943,4.74330173065404,2.10000012786588,0,20693,770,19521,0.230137965382609,5.8,0.02525,0.599999999999994,0.202013888888889,0.485084737147434,0,0
7,2,5,100,8.35631900208533,6.49377687610183,0.725862839328586,258.4,16.6945197596605,4.76457631007287,2.10000012186822,0,19904,974,18930,0.235688466643151,5.8,0.0246423611111111,0.5,0.198263888888889,0.48735173876117,0,0
7,2,6,100,8.34124775386128,6.49442322892022,0.730116880803632,257.3,16.7700695895834,4.77750355616988,2.10000013036063,0,21630,999,20631,0.233840569216386,5.8,0.0259097222222222,0.600000000000009,0.205659722222222,0.488646886514369,0,0
7,2,7,100,8.39682555098959,6.60063643655696,0.738041668685392,260.6,16.8292382900102,4.82635616969299,2.10000006782684,0,19972,1154,16650,0.218170857210916,6.26436101698877,0.0249305555555556,0.600000000000009,0.199131944444444,0.598359662843036,0,0
7,2,8,100,8.3373303660069,6.44987682043849,0.733530733114558,261.5,16.6867791013538,4.75156010859084,2.10000002694153,0,21112,968,20144,0.235038489217417,6.47269775599055,0.0247118055555555,0.5,0.199236111111111,0.593957928008763,0,0
7,2,9,100,8.41252731139643,6.57896368305181,0.7446573534385,264.6,16.8082236043149,4.82933783025373,2.10000001877847,0,19953,1069,18522,0.231280344901381,6.46633551488266,0.0249652777777777,0.5,0.200104166666667,0.605957405778496,0,0
7,2,10,100,8.45482133478084,6.62739376028438,0.744364384772205,264.8,16.7177654446801,4.82746440829954,2.10000005111294,0,22297,894,21342,0.219009667914405,6.63751646695417,0.0253194444444444,0.600000000000001,0.20375,0.615573492634884,0,0
7,2,11,100,8.33898861766089,6.41405506528304,0.723553726309236,253.7,16.672623405592,4.74844037217222,2.10000020537018,0,20786,715,19675,0.229204384307517,5.8,0.0249583333333333,0.600000000000001,0.199965277777778,0.474577687599362,0,0
7,2,12,100,8.46803156471919,6.66894026643887,0.751666811276293,265.8,16.7480504417562,4.843705406923,2.10000004644996,0,20200,1150,17558,0.222113656706454,6.84433600546642,0.0256666666666666,0.700000000000003,0.202465277777778,0.622559696107289,0,0
7,2,13,100,8.39880397027559,6.5619592699485,0.732539872600767,263.1,16.6989106484468,4.79008181662447,2.10000006186885,0,20835,1165,18874,0.22867490655195,6.79230888270011,0.0251701388888889,0.600000000000009,0.203923611111111,0.613237082650758,0,0
7,2,14,100,8.44967398051162,6.64295977473472,0.742478791954953,264.7,16.7634713027548,4.83773988909839,2.10000005024199,0,20281,1116,17655,0.221977430685589,6.98787606073515,0.0254236111111111,0.600000000000009,0.202465277777778,0.617127390278115,0,0
7,2,15,100,8.38172032503354,6.54470147990768,0.729909330013823,261.8,16.7123245638179,4.78409508655934,2.10000006059533,0,21041,1153,19888,0.233402929515211,6.85456984522576,0.0255902777777778,0.600000000000001,0.20125,0.615590555672246,0,0
7,2,16,100,8.49264055953677,6.68535302430768,0.747157905749994,266.7,16.7738902373744,4.8653031647686,2.10000004455992,0,20174,1423,17220,0.221863589900402,6.71854481269217,0.0255902777777778,0.5,0.203506944444444,0.61736137479585,0,0
7,2,17,100,8.51852202084253,6.71391383156681,0.752597693256827,266.2,16.817194370136,4.89279952019757,2.10000004732251,0,19285,1257,15495,0.211614054290164,5.8,0.0248333333333334,0.600000000000001,0.200034722222222,0.58778581210607,0,0
7,2,18,100,8.42817411796641,6.57850465276074,0.745496934045454,264.1,16.5967191985474,4.77735002151847,2.10000005343875,0,20641,829,19426,0.22552648825224,7.00900389687199,0.0251944444444445,0.600000000000001,0.202395833333333,0.624092144697718,0,0
7,2,19,100,8.47164040966023,6.660935793174,0.747670896829558,264.9,16.7663905197887,4.8511083725723,2.10000004881192,0,21558,942,20597,0.22582568100139,7.00340838279783,0.0250520833333333,0.5,0.201145833333333,0.624034244278867,0,0
7,3,0,100,8.20793937975216,6.3580743341582,0.687302743827503,243.8,17.0190342295585,4.77083782058626,2.00000031272316,0,21385,1010,19211,0.205932004452867,5.8,0.0242326388888889,0.5,0.197083333333333,0.456496635829525,0,0
7,3,1,100,8.21470781786579,6.35980080844339,0.686551237199521,243.6,17.0088707159475,4.77190614955708,2.00000031545267,0,21352,696,20234,0.211869744191977,5.8,0.0248541666666667,0.600000000000009,0.198854166666667,0.452441447580742,0,0
7,3,2,100,8.22562093574642,6.33755167883356,0.686085250272648,244.3,16.9406513801721,4.75907778244819,2.00000031795548,0,21827,1052,20755,0.214344641303727,5.8,0.02575,0.600000000000001,0.204166666666667,0.451659585612954,0,0
7,3,3,100,8.21735699467558,6.39066374591739,0.690423120299067,243,17.0786612833196,4.79306720816898,2.00000033131232,0,20474,1019,18016,0.2027877255749,5.8,0.0248923611111111,0.6,0.198923611111111,0.450902524745048,0,0
7,3,4,100,8.20681949044327,6.29887248733031,0.687150544424681,247.4,16.8065197544605,4.71056065341211,2.00000025672773,0,21358,730,20227,0.211947727721946,5.8,0.02525,0.599999999999994,0.202013888888889,0.450990140754147,0,0
7,3,5,100,8.21100759214443,6.31577447067392,0.686319629179674,245.4,16.8816983599721,4.73406379917454,2.00000029319142,0,20847,929,19899,0.214943044757724,5.8,0.0246423611111111,0.5,0.198263888888889,0.454559395426545,0,0
7,3,6,100,8.19883763416473,6.30794699026846,0.690449635687447,243,16.9579328367678,4.74840510297092,2.00000033165543,0,22600,943,21635,0.214615664666211,5.8,0.0259097222222222,0.600000000000009,0.205659722222222,0.453669277189695,0,0
7,3,7,100,8.2177132897989,6.39597127176651,0.69217392436375,241.1,17.122321095107,4.80553731928404,2.00000037447637,0,21173,1007,18014,0.195830203912155,5.8,0.0249305555555556,0.600000000000009,0.199131944444444,0.453706217710026,0,0
7,3,8,100,8.20960743857641,6.30617708833257,0.687192847740775,248,16.8424776364233,4.72224142784083,2.00000024676706,0,21712,901,20792,0.214651389856146,5.8,0.0247118055555555,0.5,0.199236111111111,0.448116195818225,0,0
7,3,9,100,8.2040834014031,6.33883864764693,0.682674492339316,242,17.0122012022497,4.7666874562574,2.00000036434813,0,20818,1035,19361,0.211479179976592,5.8,0.0249652777777777,0.5,0.200104166666667,0.451185083117123,0,0
7,3,10,100,8.22267040145677,6.32913226091724,0.686729811645123,242.3,17.0035565985453,4.77503295614271,2.00000035021424,0,23344,822,22500,0.214223456547983,5.8,0.0253194444444444,0.600000000000001,0.20375,0.452734554709614,0,0
7,3,11,100,8.21621885172956,6.29117983805398,0.692254508630538,245,16.8177367135753,4.71909703678486,2.00000030692593,0,21396,725,20249,0.213822057916757,5.8,0.0249583333333333,0.600000000000001,0.199965277777778,0.4566984985531,0,0
7,3,12,100,8.21480274349856,6.37640240809409,0.693315331491724,242.6,17.0602534955978,4.78639577111631,2.00000034696609,0,21364,1051,18787,0.204268389667032,5.8,0.0256666666666666,0.700000000000003,0.202465277777778,0.452304541700166,0,0
7,3,13,100,8.22408367784744,6.34812849179266,0.6870185789112,245.5,16.9485865967123,4.76041224473585,2.00000029445812,0,21555,1005,19740,0.208925215035796,5.8,0.0251701388888889,0.600000000000009,0.203923611111111,0.452352211610289,0,0
7,3,14,100,8.21537867093382,6.37203145934652,0.685722244731192,243.3,17.0470656772654,4.78304756307539,2.00000032878472,0,21399,1029,18825,0.202275859302468,5.8,0.0254236111111111,0.600000000000009,0.202465277777778,0.447737385954218,0,0
7,3,15,100,8.21977184963062,6.33019700165408,0.683675940702751,244.8,16.9418865922831,4.7560421758543,2.00000029834439,0,21819,1023,20776,0.214087713734033,5.8,0.0255902777777778,0.600000000000001,0.20125,0.451401857886492,0,0
7,3,16,100,8.23766701073193,6.41862610978495,0.690673832194039,242.1,17.1459236572284,4.82385124384975,2.00000035339099,0,21649,1267,19247,0.205824103275699,5.8,0.0255902777777778,0.5,0.203506944444444,0.451823479764537,0,0
7,3,17,100,8.26930220199543,6.50174024197562,0.696183089082958,240.9,17.3096946799438,4.88866871157321,2.00000037779614,0,21250,1073,17052,0.179005873722048,5.8,0.0248333333333334,0.600000000000001,0.200034722222222,0.453842422652695,0,0
7,3,18,100,8.19777291366557,6.29076439591192,0.685520028518101,245.5,16.8414962456437,4.71516594897761,2.00000028948546,0,21436,791,20233,0.212080439913583,5.8,0.0251944444444445,0.600000000000001,0.202395833333333,0.451869927111928,0,0
7,3,19,100,8.22265649097737,6.36220985161221,0.687829486607782,242.2,17.0539356305976,4.78918234843845,2.00000034943264,0,22524,861,21641,0.214465424173029,5.8,0.0250520833333333,0.5,0.201145833333333,0.450780676846291,0,0
8,1,0,100,8.63586131205489,6.81222636207852,0.764032007826598,285.8,16.5686285115946,4.88656854339719,2.01586840807579,0,19667,1298,16727,0.209982742281695,5.81003162583652,0,0,0,0.711845677776174,0,0
8,1,1,100,8.52698414392709,6.71733022294118,0.744654838668245,273.6,16.6767519673649,4.8564651196695,2.01284663019965,0,19876,828,18628,0.223622551183731,5.87225882756737,0,0,0,0.628915067672835,0,0
8,1,2,100,8.53989809035311,6.70720565798494,0.746939662384199,277.7,16.5769719656423,4.83460447529168,2.01491767363211,0,20337,1296,19041,0.224718162121249,5.8,0,0,0,0.675702073692051,0,0
8,1,3,100,8.39721217697609,6.62078606622207,0.732480680064692,268.4,16.748828360063,4.80317253698983,2.01103385323745,0,18725,1276,16031,0.218988517791539,5.8,0,0,0,0.665994429352389,0,0
8,1,4,100,8.37176961513997,6.51329847165801,0.728552219611527,264,16.618038478648,4.75122648540492,2.01875085673805,0,20339,770,19187,0.225633955323071,5.8,0,0,0,0.627747738908197,0,0
8,1,5,100,8.49377332938018,6.63604690323911,0.741488795856926,275,16.5763639311339,4.8083216636827,2.01361182835751,0,19511,1004,18507,0.229704785951627,5.8,0,0,0,0.637704997343379,0,0
8,1,6,100,8.49902111630118,6.66072843070732,0.747511259942108,276.5,16.6223308160392,4.82474730079546,2.01668799317997,0,21018,1143,19850,0.225988830458947,5.8,0,0,0,0.637397927707966,0,0
8,1,7,100,8.54185805291358,6.73940694575787,0.749729113538381,277.9,16.6439125544522,4.85529225775264,2.01520303087364,0,19025,1335,15561,0.211873242113242,5.8,0,0,0,0.655732419413895,0,0
8,1,8,100,8.47221295638737,6.61332494857072,0.748337497219777,277.6,16.591807768983,4.8005912683514,2.01187693740565,0,20661,1049,19612,0.223819732564635,6.32904187706776,0,0,0,0.710760395611149,0,0
8,1,9,100,8.62355773662851,6.80783303177518,0.761781650789229,286,16.5901180834733,4.8858211831812,2.00891384709757,0,19146,1303,16821,0.212250282035029,6.26977798346255,0,0,0,0.722937663207736,0,0
8,1,10,100,8.68442552002617,6.80475051402428,0.764967307906286,290.2,16.3233603085426,4.84107351230421,2.01433335018692,0,20964,1146,19265,0.220871382845156,5.8,0,0,0,0.678155397057362,0,0
8,1,11,100,8.39071175921057,6.50825076712365,0.733261947298508,268.6,16.6258207429143,4.76427566921287,2.02259851534052,0,20589,791,19395,0.221753897777429,5.8,0,0,0,0.616968989082305,0,0
8,1,12,100,8.71375807953191,6.85467551918582,0.773615155637503,293.5,16.3204514100157,4.85666637722454,2.00934782973513,0,19245,1516,16063,0.221286350636542,5.8,0,0,0,0.679744518662066,0,0
8,1,13,100,8.53327238126487,6.70373399731428,0.745081805892069,278.7,16.5663483138305,4.82777737143794,2.02153882766538,0,20053,1239,18024,0.225067715711615,5.8,0,0,0,0.663450463254791,0,0
8,1,14,100,8.68355788215357,6.82579096974519,0.763222020335852,291.6,16.3375473282861,4.84483816063944,2.00873261884362,0,19414,1490,16251,0.217520596597773,5.8,0,0,0,0.673059146380124,0,0
8,1,15,100,8.52507405314216,6.69925925989685,0.745095178906281,277.1,16.5891139468746,4.82982682614738,2.01150839497575,0,20284,1296,18988,0.219164399024278,5.8,0,0,0,0.661804587199231,0,0
8,1,16,100,8.68611281828336,6.83684349867877,0.76704689380769,292,16.375171895888,4.85741604199064,2.01022770961538,0,19374,1853,16261,0.222589493270039,5.8,0,0,0,0.675649878392074,0,0
8,1,17,100,8.57488098231104,6.77441946472119,0.753617531759481,278.8,16.6388260001746,4.87261866593074,2.01896178393167,0,19230,1524,15210,0.205415693185279,5.8,0,0,0,0.655225772021099,0,0
8,1,18,100,8.71868194126215,6.86019146851944,0.768550403941934,290.2,16.3339317303887,4.86333688612966,2.00810882715314,0,19298,978,17112,0.208097844341004,5.8,0,0,0,0.707475508313987,0,0
8,1,19,100,8.69389231972949,6.83948981548987,0.766596378790859,290.2,16.3975197357766,4.8685008588986,2.01758201859616,0,20119,1180,18626,0.228216061083398,5.8,0,0,0,0.659440475902342,0,0
8,2,0,100,8.41769795646372,6.58741119093392,0.748138196764543,265.1,16.8139997989848,4.83395449534994,2.10532433836966,0,19994,1050,17793,0.228874983849631,6.23088629624153,0,0,0,0.682503967062032,0,0
8,2,1,100,8.36092266337286,6.5580962971864,0.726722141100607,257.3,16.8107537568875,4.80034783768244,2.10407842935058,0,19943,745,18813,0.232953608192779,5.94918190449045,0,0,0,0.574364078594084,0,0
8,2,2,100,8.40475827372333,6.56653913714842,0.732682032451454,264.3,16.6849084989916,4.78941654225959,2.10285185710256,0,20239,1240,18999,0.238504974876926,6.87355850434735,0,0,0,0.688091597893775,0,0
8,2,3,100,8.39391713637312,6.58651732845995,0.736020727175315,261.2,16.783814090687,4.81163834418456,2.10283779529061,0,18712,1219,16042,0.22731226244705,6.55321993554992,0,0,0,0.681514798399871,0,0
8,2,4,100,8.35699119119692,6.48303733092665,0.727359784746306,259.9,16.6143769459298,4.74207278397347,2.1036836864364,0,20265,770,19093,0.230732996273756,5.8,0,0,0,0.575559401001379,0,0
8,2,5,100,8.35645583928405,6.49959785538447,0.725860447789234,259.6,16.688558774026,4.76294748286295,2.10328271625565,0,19518,976,18542,0.235929508121244,5.8,0,0,0,0.576525274990206,0,0
8,2,6,100,8.34406834614689,6.50138673819998,0.73054622760747,258.2,16.763881199443,4.7773564264881,2.10262392997492,0,21230,1008,20222,0.2339885925135,5.8,0,0,0,0.576408772305325,0,0
8,2,7,100,8.40276108547676,6.60385189689605,0.7385227864095,261.2,16.8152993922482,4.82576975794095,2.10231866007518,0,19374,1179,16027,0.220134697882321,6.19865681360305,0,0,0,0.67034101699745,0,0
8,2,8,100,8.34161840856312,6.4575724990342,0.733991015556285,262.5,16.6800235287822,4.75207511390969,2.10349672289624,0,20652,981,19671,0.236279025690561,6.27933958533254,0,0,0,0.666385339951591,0,0
8,2,9,100,8.40943283085322,6.57682195966969,0.744236409473885,264.9,16.8103705086849,4.82817930047177,2.10157320240319,0,19517,1066,18089,0.232527026204476,6.25649244316998,0,0,0,0.677779746646092,0,0
8,2,10,100,8.45684403340203,6.627932526671,0.744650915305602,264.9,16.7155515735653,4.82797257315578,2.10307322673657,0,21742,907,20730,0.219623227010937,6.77354206353043,0,0,0,0.693207415443969,0,0
8,2,11,100,8.34071479148823,6.41431665978414,0.723993174252452,254.1,16.6736688385474,4.7497220370305,2.10749047763625,0,20165,722,19047,0.232101401421199,5.8,0,0,0,0.560527285782298,0,0
8,2,12,100,8.47407919569984,6.67384502211053,0.751695937082269,266.4,16.7330245716758,4.84280165855726,2.10256826249577,0,19738,1163,17027,0.221870718366554,6.78339076969686,0,0,0,0.691470112451429,0,0
8,2,13,100,8.39919114566309,6.56107383419234,0.733054627559811,263.5,16.6996090116451,4.7905013268096,2.10471701874098,0,20173,1170,18207,0.231636798024121,6.84191623216074,0,0,0,0.686192814284759,0,0
8,2,14,100,8.46347208899538,6.64830820162128,0.743784026659761,266.2,16.7386901856655,4.83846486391617,2.10151534527984,0,19725,1139,17045,0.220256328657131,6.81264322564241,0,0,0,0.688376025712422,0,0
8,2,15,100,8.38908397759709,6.55401865035863,0.730801478729945,263.7,16.6979790032995,4.78418253808382,2.10278550081307,0,20396,1198,19198,0.236278865787107,6.85051828583652,0,0,0,0.688439376759166,0,0
8,2,16,100,8.49264195645538,6.68252324290162,0.747128059020992,267.7,16.7681476598159,4.86363997465229,2.10118707541039,0,19729,1438,16730,0.223010653598076,6.63899096300088,0,0,0,0.684892045213684,0,0
8,2,17,100,8.52003639411585,6.71681152832324,0.752333201075495,267.3,16.7995470215503,4.88852527632377,2.10506541643417,0,18653,1273,14846,0.214517863590043,5.8,0,0,0,0.659650535812156,0,0
8,2,18,100,8.43137726716329,6.58705781792802,0.746007044691526,265.8,16.5904007870664,4.77734297886053,2.1011870196271,0,20010,846,18778,0.227633054713777,6.83990714140843,0,0,0,0.691664322602369,0,0
8,2,19,100,8.47057366736722,6.66035956434778,0.747491290442232,265.5,16.7654827574223,4.85023804477301,2.10626339713644,0,20845,957,19829,0.227826637323087,6.84426722333576,0,0,0,0.697182910213538,0,0
8,3,0,100,8.20827427935639,6.35480584115069,0.687060281520416,243,17.0204884330443,4.77144164224491,2.02806914622431,0,20775,1010,18601,0.21452175082729,5.8,0,0,0,0.573427499442669,0,0
8,3,1,100,8.21430520381547,6.35570083062168,0.686627605631759,242.5,17.0118548726722,4.77251186407023,2.02079875958589,0,20897,696,19779,0.218542803210248,5.87225882756737,0,0,0,0.567717068110811,0,0
8,3,2,100,8.22531115918905,6.33249876513468,0.685679310952207,243.1,16.9428335430666,4.75951387399198,2.02222314022401,0,21365,1052,20293,0.220690490294529,5.8,0,0,0,0.573132315085379,0,0
8,3,3,100,8.21657788395583,6.3869771924215,0.690643875281809,243.1,17.0823873023221,4.79366131173575,2.01622776077636,0,19847,1019,17388,0.211736472955693,5.8,0,0,0,0.572164066657329,0,0
8,3,4,100,8.20697913500725,6.2976306561139,0.687556667053003,247,16.8086212682141,4.71124270395561,2.02433565319177,0,20843,730,19712,0.219007218088112,5.8,0,0,0,0.575672626289215,0,0
8,3,5,100,8.21005198448479,6.31058136428113,0.686323610057013,244.4,16.8869632177051,4.73499303884376,2.02202016730416,0,20183,929,19234,0.223886004399874,5.8,0,0,0,0.575401845548778,0,0
8,3,6,100,8.19853593982867,6.3015354295261,0.690139728742654,240.6,16.9615593022131,4.74924887834998,2.02368397915893,0,22301,943,21336,0.219054560151507,5.8,0,0,0,0.576481860200802,0,0
8,3,7,100,8.21760656512564,6.3921390002741,0.692032049694135,241,17.1246797353398,4.80613935041878,2.02389721113309,0,20550,1007,17391,0.204699906922326,5.8,0,0,0,0.568859611663557,0,0
8,3,8,100,8.20868747313632,6.30059837455372,0.686805138332154,246.1,16.8460360968273,4.72271246082885,2.01832046879952,0,21263,901,20343,0.221187410681613,5.8,0,0,0,0.567022893178435,0,0
8,3,9,100,8.20406492403059,6.33407121217304,0.682469649293476,240.2,17.0155019580169,4.76760423774606,2.0162619200795,0,20218,1035,18761,0.219796924766335,5.8,0,0,0,0.569728261994091,0,0
8,3,10,100,8.22263330201481,6.32616622335838,0.686991627708263,241.7,17.0063089064126,4.77578633851683,2.02481147217554,0,22661,822,21817,0.222017483838339,5.8,0,0,0,0.574509624945442,0,0
8,3,11,100,8.2159404743145,6.28885484229075,0.692408243490688,244.8,16.8200634230926,4.71959215254321,2.02690538169611,0,20743,725,19596,0.222516540582035,5.8,0,0,0,0.575652030251029,0,0
8,3,12,100,8.21465248425473,6.37429480177908,0.693499499409161,243,17.0627699005402,4.78701587586303,2.01458383648765,0,20777,1051,18200,0.212394392427878,5.8,0,0,0,0.568688177454726,0,0
8,3,13,100,8.22359364043153,6.34293644466727,0.686829633867055,244.4,16.9513327215348,4.76090276753156,2.03371820316568,0,21086,1005,19271,0.215566651976886,5.8,0,0,0,0.573333658310578,0,0
8,3,14,100,8.21903971202213,6.37639640617713,0.685398531435499,244.1,17.0411936853052,4.78352810108762,2.0186558907933,0,20714,1029,18141,0.210997298914883,5.8,0,0,0,0.570381047321529,0,0
8,3,15,100,8.21916806875395,6.32660596762305,0.683712995612684,243.3,16.9441179728281,4.75632070049309,2.01906408798004,0,21163,1023,20120,0.222266708146893,5.8,0,0,0,0.572835265941981,0,0
8,3,16,100,8.23741591875809,6.41583259578513,0.690742147716968,241.9,17.1478963859464,4.82426107852203,2.0200170296788,0,21139,1267,18737,0.212763498459409,5.8,0,0,0,0.570801322512594,0,0
8,3,17,100,8.2692177535255,6.4985866311611,0.696466980984923,240.4,17.3122752435277,4.88935009853716,2.03320590215139,0,20797,1073,16599,0.185738974417575,5.8,0,0,0,0.571089986965824,0,0
8,3,18,100,8.19790554303,6.28808936097249,0.68567053637124,245.7,16.8440059714086,4.71594742122985,2.01756485193039,0,20965,791,19762,0.218955405141738,5.8,0,0,0,0.570064492824676,0,0
8,3,19,100,8.22241969723879,6.35860684799869,0.687920148768574,241.7,17.0569329161928,4.78988888603903,2.02685200565929,0,21850,861,20967,0.222578514587383,5.8,0,0,0,0.573792449585342,0,0
9,1,0,100,8.77483133328503,6.84432089876452,0.788650339520642,291.8,16.495341120249,4.94312303968719,1.96192290396777,0,9137,709,8428,0.415869242717185,6.20808997843727,0,0,0,1.85344095500914,0,0
9,1,1,100,8.68739111543672,6.73995663762402,0.770101084503625,277.4,16.6238750042495,4.9321375590504,1.99825583191193,0,10737,417,10320,0.398964184337759,5.8286333919819,0,0,0,1.96595912336257,0,0
9,1,2,100,8.73400746004003,6.7436111992865,0.775059751679714,284.2,16.5049126642595,4.92300432136931,1.99004126297154,0,11225,735,10490,0.395358597910015,5.8,0,0,0,2.02246524484191,0,0
9,1,3,100,8.53556941165902,6.64852437875441,0.754881684179737,273.4,16.6938688094768,4.86637281569076,1.94906028034143,0,9239,668,8571,0.410469798735646,5.8,0,0,0,1.81485294463985,0,0
9,1,4,100,8.55157374596517,6.5383701402038,0.753927380721698,268,16.5699495938817,4.83921315946,1.98967714539663,0,11183,448,10735,0.405378359501127,5.8,0,0,0,2.02096704707068,0,0
9,1,5,100,8.66283262652581,6.65230652594861,0.768218236962311,274.1,16.5449617168845,4.89481415748782,1.98368789191989,0,11169,574,10595,0.403214999016714,5.8,0,0,0,1.99856146898351,0,0
9,1,6,100,8.68721361761595,6.67739638070709,0.775216381840833,277.8,16.5829192920629,4.91976356599867,1.99127346762509,0,11660,598,11062,0.397534297998066,5.8,0,0,0,2.06852944080828,0,0
9,1,7,100,8.6699371406398,6.7502326108778,0.771110630634712,279.1,16.6004510249955,4.91516598405563,1.99808591808085,0,8933,678,8255,0.412009445121673,5.8,0,0,0,1.81209316368629,0,0
9,1,8,100,8.66036617171772,6.62594792560811,0.772720347047132,279,16.5485289730284,4.89451704862357,1.95224489775842,0,11499,583,10916,0.404318336137541,5.99701963985481,0,0,0,2.06596828135851,0,0
9,1,9,100,8.77622339576348,6.83423268126939,0.784518429757099,292.8,16.513988797222,4.94948958254714,1.9917865447818,0,9375,699,8676,0.407415448727815,6.28651193603396,0,0,0,1.85844941800843,0,0
9,1,10,100,8.85418635408811,6.82356605629483,0.792761607060817,294.8,16.278629164003,4.92216967684028,1.98783212417652,0,11100,604,10496,0.404774061244106,5.8,0,0,0,2.00330091906768,0,0
9,1,11,100,8.57796187984737,6.5413239812088,0.759925755853247,272.6,16.5830698851737,4.85800337104089,1.97748899912472,0,11110,408,10702,0.401662779930207,5.8,0,0,0,1.98499084269399,0,0
9,1,12,100,8.83903422018452,6.87361879813374,0.794798173848765,295.8,16.2787954224616,4.91387911291445,1.9521241223988,0,9331,820,8511,0.415698734136938,5.8,0,0,0,1.85605534520553,0,0
9,1,13,100,8.70284436070459,6.73386185926613,0.771107077090126,282.3,16.5009629458901,4.90429268926927,2.00676950506636,0,10720,673,10047,0.40131707502854,5.8,0,0,0,1.96070996731338,0,0
9,1,14,100,8.81540788056715,6.84719785550509,0.785907430823463,297,16.2868039886509,4.90313543290846,1.93143451928631,0,9383,764,8619,0.413860128076994,5.8,0,0,0,1.86259232575875,0,0
9,1,15,100,8.70234362861669,6.73167146909627,0.771436574826931,280.7,16.5294794002204,4.91253966614079,1.94350172905581,0,10879,688,10191,0.400163967216605,5.8,0,0,0,1.99479852638951,0,0
9,1,16,100,8.84347206964625,6.86546970079425,0.790073577068561,298,16.2860547719309,4.91856626659879,1.98183128865594,0,9616,970,8646,0.408504445470727,5.8,0,0,0,1.9004091536348,0,0
9,1,17,100,8.69331224177557,6.79399867324669,0.77459253008455,281.4,16.5794813828837,4.92231165129563,1.98608108168821,0,8487,811,7676,0.417827131117264,5.8,0,0,0,1.77125993997021,0,0
9,1,18,100,8.84794819420828,6.87654056325461,0.790158207720349,294.7,16.2665559840845,4.9151148023714,1.97350910433215,0,9312,587,8725,0.411613418038088,5.8,0,0,0,1.82378900378583,0,0
9,1,19,100,8.86043398440219,6.86440214458598,0.793032802228437,294,16.3197861772322,4.9381647328828,2.00287391102938,0,10908,637,10271,0.397743055820432,5.8,0,0,0,1.97302805596834,0,0
9,2,0,100,8.57016578743733,6.6097411265964,0.772937862467978,266.9,16.7679806884995,4.90795000131285,2.02465624498404,0,10292,591,9701,0.416138434014828,6.23912363024454,0,0,0,1.94335652965012,0,0
9,2,1,100,8.52805545713077,6.58894437332131,0.753596332869804,262.1,16.7553667619479,4.880199710104,2.07893720247182,0,11060,402,10658,0.405484639046859,5.90555646890498,0,0,0,1.98816382967129,0,0
9,2,2,100,8.58512933829069,6.59898031219695,0.76033430963608,269.7,16.6277128520741,4.87544442522621,2.07483793050972,0,11651,691,10960,0.403946239078884,6.58516226398968,0,0,0,2.07634952842503,0,0
9,2,3,100,8.52544252149413,6.61710538876659,0.759550337398241,267.6,16.7354281347497,4.87289113615011,2.01696477626888,0,9312,638,8674,0.417885821105441,6.76252499588697,0,0,0,1.84767964036403,0,0
9,2,4,100,8.52092827879616,6.50305535700109,0.75297137900169,262.5,16.578278300538,4.82459344521816,2.05712602892129,0,11225,451,10774,0.409042305639035,5.8,0,0,0,2.01871810707766,0,0
9,2,5,100,8.52136084632365,6.52488967296825,0.752408843027717,261.5,16.6494116279839,4.84550455377865,2.04826940760927,0,11373,555,10818,0.406642071506535,5.8,0,0,0,2.00869466222947,0,0
9,2,6,100,8.53552443804024,6.52847811565751,0.759260472168236,262.6,16.7181774744391,4.87365094732561,2.07581189957909,0,12098,577,11521,0.399639123309366,5.8,0,0,0,2.08479166534889,0,0
9,2,7,100,8.52349200531255,6.6200427677624,0.759802396989007,262.7,16.77683851178,4.88384166733752,2.06256743129018,0,9266,641,8625,0.41603208061066,6.72518190174389,0,0,0,1.8475435607945,0,0
9,2,8,100,8.51947836869595,6.49353504285099,0.761041184782757,265.7,16.6334267498135,4.83983425757503,2.00448344778533,0,11844,564,11280,0.409669603861125,6.35429464699377,0,0,0,2.07902951421225,0,0
9,2,9,100,8.58007951617523,6.601892486695,0.768759609978875,268.8,16.7624902545526,4.91212336890299,2.07003546673536,0,10773,580,10193,0.409621455705121,6.25528361770315,0,0,0,1.98488671616965,0,0
9,2,10,100,8.64848311722725,6.65805466682409,0.772555584580722,268.9,16.6638191515678,4.92207464319758,2.05826060084507,0,11576,483,11093,0.403902522450111,6.56871828254693,0,0,0,2.05577997110051,0,0
9,2,11,100,8.49903595042263,6.44022380058911,0.749896757773696,256.4,16.6430830685154,4.83093695366476,2.04803203566689,0,11194,399,10795,0.406255428775929,5.8,0,0,0,1.98172723125902,0,0
9,2,12,100,8.60964837012796,6.69005388612741,0.773940227751974,269,16.6934073901071,4.90859449259133,2.03072612306221,0,9638,636,9002,0.417485479548919,6.80410107238261,0,0,0,1.89810313237508,0,0
9,2,13,100,8.56004550621938,6.6027137178347,0.759562116608363,267.8,16.6286758296688,4.86136901174978,2.06884908744507,0,10917,635,10282,0.409165373589022,6.83519522465345,0,0,0,1.99501981564195,0,0
9,2,14,100,8.60401356320853,6.67415099802224,0.766338020908709,272.4,16.6827571514705,4.90236320374777,2.01330304989267,0,9664,592,9072,0.415640904885645,6.51753045926319,0,0,0,1.89252675907453,0,0
9,2,15,100,8.56988928757254,6.59147034531539,0.758752194090348,268.1,16.6411303826338,4.87065045674045,2.00599778934884,0,11807,660,11147,0.403535887205982,6.84499036191883,0,0,0,2.08819994808456,0,0
9,2,16,100,8.63821551191024,6.70631793611537,0.770986144001656,272.4,16.6980056041645,4.9262742758665,2.05937356750007,0,9579,776,8803,0.411839955965074,6.63372861093472,0,0,0,1.90614871943789,0,0
9,2,17,100,8.62286319220438,6.73665188638341,0.772342919128514,270.4,16.7567692302658,4.93478927874868,2.0324394991552,0,8389,703,7686,0.426367223119356,6.42556152420261,0,0,0,1.78164758074776,0,0
9,2,18,100,8.61083783567425,6.6081394502003,0.772319022524523,269.6,16.5456827347279,4.86581011250287,2.03759842747093,0,10930,502,10428,0.41185190969629,6.83071327500923,0,0,0,2.00046948727119,0,0
9,2,19,100,8.64721388428091,6.68811408111457,0.775103388815689,268.3,16.7126326324751,4.93568066864456,2.06811486599895,0,11502,514,10988,0.398570823010541,6.82722482191739,0,0,0,2.03685764331761,0,0
9,3,0,100,8.35370748574475,6.38693524593225,0.713781440587984,248.9,16.9662962807286,4.84049987361881,1.97299883161202,0,10583,568,10015,0.399346018115181,5.8,0,0,0,1.93524003964784,0,0
9,3,1,100,8.37330909312146,6.38760076980914,0.714828827242379,248.3,16.9558343103946,4.84885086983864,1.99589489032849,0,11251,363,10888,0.395985486345632,5.8286333919819,0,0,0,2.00342435537866,0,0
9,3,2,100,8.40265553044386,6.36663652014697,0.715880608143025,247.7,16.889286867742,4.84674514149946,2.00367512946309,0,11850,596,11254,0.392977912084724,5.8,0,0,0,2.05479310011815,0,0
9,3,3,100,8.34759697256403,6.41932058394544,0.714720065046817,249.4,17.036182401963,4.85690587054756,1.96895744923108,0,9682,553,9129,0.400562852191559,5.8,0,0,0,1.8381167620039,0,0
9,3,4,100,8.36742491137437,6.32789970165158,0.714121897865323,251.7,16.7576587262408,4.78876209890019,2.02256498413431,0,11192,426,10766,0.402825321308985,5.8,0,0,0,2.01583772902559,0,0
9,3,5,100,8.37073758726862,6.34641737401699,0.71475453481023,249.9,16.8425924151277,4.81495956507722,1.99297876665241,0,11387,525,10862,0.399612135689657,5.8,0,0,0,2.01240616661278,0,0
9,3,6,100,8.38568749691493,6.34363741477575,0.721653257900349,248.9,16.9102458096642,4.84294027533423,2.00598715943465,0,12107,532,11575,0.393382485346672,5.8,0,0,0,2.08755332641171,0,0
9,3,7,100,8.34807480276334,6.42117092157025,0.716501044839042,246.4,17.0698142132216,4.86677723611886,2.00188356373576,0,9410,538,8872,0.404637381301817,5.8,0,0,0,1.82980766857747,0,0
9,3,8,100,8.37456378066658,6.32799303343509,0.716181742894273,250.2,16.8086472986881,4.80743619671454,1.95205671379813,0,11913,510,11403,0.397145142174592,5.8,0,0,0,2.05493028561092,0,0
9,3,9,100,8.36328659631712,6.37259876573571,0.71115741750902,246,16.9622515871794,4.84489715469112,2.01919301760881,0,10903,549,10354,0.397208749801846,5.8,0,0,0,1.96664202579472,0,0
9,3,10,100,8.41419690213455,6.3575622772691,0.71942803791694,246.3,16.9577028307485,4.87306041572102,1.9900847582519,0,12741,430,12311,0.393211388727221,5.8,0,0,0,2.12773374231124,0,0
9,3,11,100,8.36869265245977,6.31703547992439,0.720624367233111,249.3,16.7912879503672,4.79910330152667,1.97571592201086,0,11245,382,10863,0.401313224331343,5.8,0,0,0,1.98639857685928,0,0
9,3,12,100,8.35524533200813,6.3995687604744,0.718376648300112,246.5,17.0134863417979,4.8548596438894,1.97065474685303,0,10230,573,9657,0.402495624251182,5.8,0,0,0,1.91313745245581,0,0
9,3,13,100,8.37468377838304,6.37261122183205,0.713916254785761,246.2,16.8960857410082,4.83255254246251,2.01485579224129,0,11046,550,10496,0.397424486696988,5.8,0,0,0,1.97217416710431,0,0
9,3,14,100,8.35676753991276,6.40445528722645,0.712324990703477,248.8,16.993715460308,4.85011711675961,1.94308201022397,0,10206,538,9668,0.400897307874607,5.8,0,0,0,1.90955157933956,0,0
9,3,15,100,8.38434791386775,6.35642093813298,0.713305854619817,247.9,16.9066554951477,4.84116691637312,1.99280220405126,0,11880,549,11331,0.39683403991911,5.8,0,0,0,2.06535268983646,0,0
9,3,16,100,8.39903220894469,6.45671749823745,0.718626209719195,247.2,17.0715626496717,4.89698084708927,2.01009066035942,0,10440,685,9755,0.393598197007936,5.8,0,0,0,1.94723563494318,0,0
9,3,17,100,8.37514253115417,6.51618702170861,0.716360148106654,242.8,17.2423738670537,4.93196167778891,2.02291423921088,0,8548,602,7946,0.402620552615249,5.8,0,0,0,1.73801935272147,0,0
9,3,18,100,8.36289103706681,6.32102225186103,0.714696796481904,249.5,16.7929029410835,4.79624425526939,1.99767250832281,0,11351,467,10884,0.400706516238789,5.8,0,0,0,2.00991574557233,0,0
9,3,19,100,8.40239861717031,6.39113848409532,0.718222750280959,244.6,17.0026910100034,4.87914659731412,2.02081600217343,0,12224,469,11755,0.389038788421637,5.8,0,0,0,2.06689068627564,0,0
10,1,0,100,8.76907528741185,6.93153961717759,0.793653195636588,284.9,16.5011850933747,4.94158012297368,2.01594653007669,0,18767,1120,16246,0.223869494722298,5.8,0.309868055555556,0.700000000000003,0.096875,0.688061265999234,0,0
10,1,1,100,9.2275122429768,7.34649870560358,0.820754926952606,300.2,15.2435388765082,4.80312064368939,2.00248986771487,0,16961,1068,15357,0.24624706387618,7.00335481470337,0.310479166666667,0.700000000000003,0.100173611111111,0.769420168897008,0,0
10,1,2,100,8.61616532443349,6.70593386660633,0.766388658527464,262.6,16.6284140452451,4.89301232850477,2.01717435575881,0,19813,1010,18803,0.23733484141401,5.8,0.310725694444445,0.700000000000003,0.102326388888889,0.657043686399392,0,0
10,1,3,100,8.54608400500822,6.71782686621354,0.755816710502607,265.9,16.6998574302687,4.87402434833552,2.01121821491358,0,18900,1198,16180,0.219501985850731,5.8,0.31023263888889,0.8,0.0988194444444444,0.645638610544344,0,0
10,1,4,100,8.47926718086045,6.36512921797354,0.764917584085468,229,16.6510670467658,4.82182175603385,2.01628909739657,0,20778,691,19705,0.234590675091702,6.2061691451333,0.310534722222223,0.8,0.100590277777778,0.70978954980833,0,0
10,1,5,100,8.6746956562373,6.8205743388287,0.767181478040836,274.2,16.4012435322976,4.8587605273345,2.01572659820226,0,18979,936,18043,0.236317727077479,5.8,0.310201388888889,0.700000000000003,0.0987152777777778,0.642322278745716,0,0
10,1,6,100,8.66113741806472,6.81210650940562,0.772546653363832,279.1,16.4972466188115,4.87966588756415,2.01516961588993,0,20611,1023,19588,0.232040624808031,5.8,0.310791666666668,0.699999999999999,0.102881944444444,0.6459063568245,0,0
10,1,7,100,8.60628310763644,6.76642379627557,0.763861994830767,265.6,16.6948891531819,4.90695823340651,2.01529214285017,0,19027,1102,15796,0.217378319012205,5.8,0.310309027777778,0.800000000000001,0.0997916666666667,0.632976082304152,0,0
10,1,8,100,8.51183580143278,6.56936818855353,0.75858628946621,263.3,16.6317737868857,4.8347096899055,2.01344048096712,0,19961,826,19135,0.238063497191548,5.8,0.310378472222223,0.7,0.100555555555556,0.685281643297361,0,0
10,1,9,100,8.83814652402378,6.95796336302209,0.785018455212125,301.5,16.2697934759417,4.9106124966533,2.00923742178918,0,18614,1337,16216,0.220525252911138,5.8,0.310503472222223,0.699999999999999,0.101423611111111,0.67652486654699,0,0
10,1,10,100,8.72843404172207,6.84130509682956,0.790870651075676,273.1,16.5688930055556,4.93899265353234,2.01567059852619,0,19622,880,18645,0.237755693512537,5.8,0.310725694444445,0.700000000000003,0.103263888888889,0.668046604898883,0,0
10,1,11,100,8.76737648169181,6.80381083154428,0.785764554347203,291.6,16.3666567556978,4.90031373060524,2.0162801650722,0,19506,614,18489,0.227660927799856,5.8,0.310343750000001,0.700000000000003,0.0994444444444444,0.639596428479279,0,0
10,1,12,100,8.56413685832179,6.54568679865002,0.76457993867675,231,16.7924221374081,4.91150477919174,2.01800144473157,0,20217,1175,17538,0.227056706440978,5.8,0.31063888888889,0.700000000000003,0.100868055555556,0.681809050775545,0,0
10,1,13,100,8.61491123844563,6.73264771837141,0.764047949709294,265.5,16.6099248217678,4.886801404866,2.02332512528119,0,19985,1023,18172,0.230112186884322,5.8,0.310611111111111,0.700000000000003,0.103125,0.63895975644497,0,0
10,1,14,100,8.82125855233661,6.9138986255682,0.791942417134943,289.1,16.3985652990939,4.94013396405466,2.0083660495892,0,18472,1132,15817,0.228911157985972,5.8,0.31040625,0.800000000000004,0.100381944444444,0.661241157329733,0,0
10,1,15,100,8.58326445701721,6.68221516087455,0.761044228088357,265,16.6523559304814,4.88130250070823,2.01562178944698,0,19890,1014,18876,0.235457089871596,5.8,0.31070138888889,0.700000000000003,0.100798611111111,0.63850752581277,0,0
10,1,16,100,8.79900131709046,6.95759738477292,0.789704914818332,290.9,16.4173039541432,4.93320861518724,2.01071335648442,0,17988,1504,15371,0.237693664945892,5.8,0.31060763888889,0.700000000000003,0.101215277777778,0.697929097312137,0,0
10,1,17,100,8.70946437024152,6.89132900097005,0.772132491991849,270.3,16.6093752987477,4.94027875057355,2.01778868383678,0,17382,1307,14027,0.222540995229149,5.8,0.310315972222223,0.700000000000003,0.0995138888888889,0.646895330446083,0,0
10,1,18,100,9.44840214917008,7.4403291952803,0.824787894097244,347.3,14.7684916433423,4.76458346615025,2.00285024707898,0,16783,1263,14885,0.236236113538772,5.8,0.310451388888889,0.700000000000003,0.100694444444444,0.680753711967195,0,0
10,1,19,100,8.75858058325118,6.8861151893415,0.794890881312051,276.3,16.6023933193756,4.96609416063937,2.01832088424533,0,19359,937,18422,0.241025335609094,5.8,0.310409722222223,0.799999999999997,0.100347222222222,0.671345176117607,0,0
10,2,0,100,8.69060624034002,6.75886238102733,0.789332603016708,260.2,16.6724359739382,4.94861874717294,2.10444766105115,0,19623,1012,17460,0.227854473139291,6.2250920413112,0.309868055555556,0.700000000000003,0.096875,0.666977127361991,0,0
10,2,1,100,8.52137026668503,6.4721935330498,0.760544147325678,231.5,16.8011009981939,4.88967531243524,2.10189561162588,0,20318,786,19147,0.240413897888776,5.95086125605925,0.310479166666667,0.700000000000003,0.100173611111111,0.650555917663765,0,0
10,2,2,100,8.63329176745427,6.70198217545281,0.766127815120811,253.9,16.5776086972797,4.88797361284596,2.10439330481404,0,20095,1046,19049,0.239761493753009,5.8,0.310725694444445,0.700000000000003,0.102326388888889,0.615902686969808,0,0
10,2,3,100,8.62796654620218,6.745500003193,0.765059168651549,258.4,16.5786508148218,4.8852422651256,2.10309879491149,0,18078,1148,15479,0.230905270537278,5.8,0.31023263888889,0.8,0.0988194444444444,0.611363316721144,0,0
10,2,4,100,8.48228082168474,6.33374480393229,0.749486603120969,227.7,16.6281027856969,4.81716913565161,2.10562788873096,0,20577,760,19415,0.238867115325047,6.05406171534642,0.310534722222223,0.8,0.100590277777778,0.653367519314004,0,0
10,2,5,100,8.59904065103949,6.65361075812346,0.757765250741443,256.7,16.5536125625244,4.86144197955093,2.10463451746182,0,19481,924,18557,0.236378645590766,5.8,0.310201388888889,0.700000000000003,0.0987152777777778,0.570620325673018,0,0
10,2,6,100,8.56933646419161,6.63641897462154,0.759592510382137,253.7,16.6504780155634,4.87314521222795,2.10246887987819,0,21244,938,20306,0.233255410259527,5.8,0.310791666666668,0.699999999999999,0.102881944444444,0.56339165151542,0,0
10,2,7,100,8.62248455098622,6.76117089931748,0.764975903277262,257.4,16.6138567075383,4.89252953935804,2.10228320975978,0,18740,1165,15407,0.222635907112321,5.8,0.310309027777778,0.800000000000001,0.0997916666666667,0.624837525519657,0,0
10,2,8,100,8.5202466314958,6.55306335558369,0.764270295660102,254.1,16.6157539578177,4.83506789990665,2.10316408634503,0,20386,774,19612,0.241266677059278,6.48446498407945,0.310378472222223,0.7,0.100555555555556,0.662235326773684,0,0
10,2,9,100,8.69518964155362,6.76628991952128,0.784888549417701,254.3,16.678886698042,4.95312126670516,2.10158152227393,0,19373,993,18018,0.230463355813616,5.8,0.310503472222223,0.699999999999999,0.101423611111111,0.58817212459442,0,0
10,2,10,100,8.69186616437115,6.77026874857703,0.782318860712062,259.2,16.6085909233651,4.93034560473927,2.10316892085575,0,21358,906,20197,0.221907079599913,5.8,0.310725694444445,0.700000000000003,0.103263888888889,0.636131785715815,0,0
10,2,11,100,8.5483278515422,6.52354419446083,0.761800365665244,252.3,16.6090920769362,4.84897748503102,2.10715634856058,0,20069,512,19161,0.234805434490701,5.8,0.310343750000001,0.700000000000003,0.0994444444444444,0.574112189965472,0,0
10,2,12,100,8.58587956671257,6.5826303422446,0.762714859455697,233,16.7066890788409,4.89893291457071,2.10390923009413,0,20156,1248,17402,0.227774139490093,5.8,0.31063888888889,0.700000000000003,0.100868055555556,0.577558209685909,0,0
10,2,13,100,8.5961168543108,6.70635672786352,0.756369970126233,261,16.5559026151285,4.86054127252512,2.10549818136565,0,19632,1085,17751,0.23804873863653,5.8,0.310611111111111,0.700000000000003,0.103125,0.583024588381149,0,0
10,2,14,100,8.74734237923565,6.85646025552285,0.779361878509429,271.4,16.4627979914733,4.91809309904693,2.1020670535346,0,18600,1213,15716,0.230477048240683,5.8,0.31040625,0.800000000000004,0.100381944444444,0.635999907227829,0,0
10,2,15,100,8.56433487634384,6.64424324872114,0.756730604409435,254.5,16.640224302886,4.86727412007139,2.10308454952212,0,20182,1049,19133,0.239334877087681,5.8,0.31070138888889,0.700000000000003,0.100798611111111,0.604219685792425,0,0
10,2,16,100,8.7359068155953,6.80915099003367,0.786212408447585,261.3,16.6365730351328,4.96358947406169,2.10102327840127,0,19384,1375,16480,0.226856622934591,5.8,0.31060763888889,0.700000000000003,0.101215277777778,0.658123989839739,0,0
10,2,17,100,8.80257098784802,6.91500820277647,0.790076497440689,269.8,16.4778020673911,4.95366774136359,2.1048539089204,0,17783,1396,14341,0.224666533564258,5.8,0.310315972222223,0.700000000000003,0.0995138888888889,0.655180029584468,0,0
10,2,18,100,8.56493453642466,6.48909587732711,0.760726626874542,231.8,16.5637566448735,4.84515207033006,2.10145265612573,0,20370,915,19069,0.227246466008019,5.8,0.310451388888889,0.700000000000003,0.100694444444444,0.62490453108235,0,0
10,2,19,100,8.76573559582377,6.87534349376659,0.783722037273124,266.2,16.5029890787973,4.94049553113759,2.10444679911041,0,19934,1011,18390,0.232246880682889,5.8,0.310409722222223,0.799999999999997,0.100347222222222,0.631935693525357,0,0
10,3,0,100,8.21761971073946,6.38295348688225,0.690329515743767,247.2,16.9964234141015,4.77010518324235,2.02800514402372,0,20101,1010,17935,0.220468217447349,5.8,0.309868055555556,0.700000000000003,0.096875,0.583421680979489,0,0
10,3,1,100,8.22361464217396,6.3832752779581,0.68967354593149,246.1,16.9871668781455,4.77097179879089,2.02074849538508,0,20062,696,18953,0.226539108548167,5.87225882756737,0.310479166666667,0.700000000000003,0.100173611111111,0.578417360262022,0,0
10,3,2,100,8.2344887591935,6.35987280646455,0.68873182300697,246.4,16.9188094466349,4.75805328274483,2.02217823230808,0,20400,1052,19348,0.229677692621925,5.8,0.310725694444445,0.700000000000003,0.102326388888889,0.581470753686778,0,0
10,3,3,100,8.2259151428039,6.41433998530588,0.693772500818594,246.8,17.0588536155323,4.79248278494827,2.01619801608058,0,19228,1019,16775,0.217684415037531,5.8,0.31023263888889,0.8,0.0988194444444444,0.57943902626681,0,0
10,3,4,100,8.21664993613388,6.32455629337911,0.690637545247562,251.1,16.7837388771376,4.70979702467078,2.02420730990889,0,19733,730,18621,0.230013587553039,5.8,0.310534722222223,0.8,0.100590277777778,0.584747267758647,0,0
10,3,5,100,8.21914689518001,6.3372870168139,0.689498698475618,247.9,16.8633840343974,4.73360514250633,2.02199090123224,0,19563,929,18619,0.229563635380164,5.8,0.310201388888889,0.700000000000003,0.0987152777777778,0.58484306232911,0,0
10,3,6,100,8.20788268853449,6.32945663819689,0.693531760708718,244.4,16.9381500692171,4.74808621335731,2.02365358766588,0,21292,943,20334,0.227924506377535,5.8,0.310791666666668,0.699999999999999,0.102881944444444,0.585888442267714,0,0
10,3,7,100,8.22698452982273,6.41887549666085,0.695007234938889,244.4,17.100981714061,4.80495145403333,2.02385884399553,0,19920,1007,16767,0.210579270421571,5.8,0.310309027777778,0.800000000000001,0.0997916666666667,0.576881024932531,0,0
10,3,8,100,8.21758181423991,6.32800736558452,0.690252433810626,249.8,16.8225657469527,4.72122787758613,2.01829785009591,0,20426,901,19511,0.228910757445439,5.8,0.310378472222223,0.7,0.100555555555556,0.576215832161088,0,0
10,3,9,100,8.21365081279007,6.36091775968957,0.685164039110675,243.5,16.9886623078719,4.7656302319664,2.01623579521538,0,19531,1035,18096,0.226919500460218,5.8,0.310503472222223,0.699999999999999,0.101423611111111,0.580381864088711,0,0
10,3,10,100,8.23239273334848,6.35344126195897,0.68981378030656,245,16.9817825300255,4.77454428690025,2.02476083117438,0,22047,822,21210,0.227092794138155,5.8,0.310725694444445,0.700000000000003,0.103263888888889,0.583059798437605,0,0
10,3,11,100,8.22553285205869,6.31506110679072,0.695374781580833,248.7,16.7970433201809,4.71862136017993,2.02690047386636,0,20116,725,18974,0.228216791837758,5.8,0.310343750000001,0.700000000000003,0.0994444444444444,0.586052005232714,0,0
10,3,12,100,8.22472550889442,6.40105699824564,0.696558495285062,246.6,17.038896366625,4.78616559272462,2.01455369520045,0,19832,1051,17277,0.221827823272575,5.8,0.31063888888889,0.700000000000003,0.100868055555556,0.577536414390557,0,0
10,3,13,100,8.23291656130854,6.37021903439725,0.689869126705317,247.7,16.9272024454453,4.75950047383207,2.03371965041754,0,20242,1005,18434,0.223484646934007,5.8,0.310611111111111,0.700000000000003,0.103125,0.583246710076246,0,0
10,3,14,100,8.22795145451312,6.40428541868497,0.688750885067355,248,17.0170544333012,4.78191646038097,2.01863297540274,0,20099,1029,17532,0.216559323513039,5.8,0.31040625,0.800000000000004,0.100381944444444,0.579934064578394,0,0
10,3,15,100,8.22953417681292,6.35403383081767,0.686963133445944,247.1,16.919899285921,4.75549751649191,2.01902459258065,0,20545,1023,19510,0.227717357545276,5.8,0.31070138888889,0.700000000000003,0.100798611111111,0.580135324739538,0,0
10,3,16,100,8.24669753220343,6.44332855201224,0.693582377249549,245.7,17.1226475377725,4.82257063600573,2.02000346490286,0,20079,1267,17699,0.223266967832354,5.8,0.31060763888889,0.700000000000003,0.101215277777778,0.580034566585149,0,0
10,3,17,100,8.27964840282434,6.52560750768209,0.699414830439968,243.7,17.2872018611995,4.88841255249036,2.03322878189999,0,19914,1073,15739,0.194211568546591,5.8,0.310315972222223,0.700000000000003,0.0995138888888889,0.580253711282447,0,0
10,3,18,100,8.20794237425562,6.3145274232165,0.688811194929179,248.9,16.8204756484025,4.71511077940862,2.0175490559044,0,20195,791,18997,0.226356492006473,5.8,0.310451388888889,0.700000000000003,0.100694444444444,0.577239052652922,0,0
10,3,19,100,8.23121199547876,6.3856995323574,0.691061019002492,245.5,17.0335995212896,4.7884368383462,2.02677563125724,0,21216,861,20339,0.227919799189395,5.8,0.310409722222223,0.799999999999997,0.100347222222222,0.58259181659955,0,0
11,1,0,100,8.55512555364948,6.74198716137396,0.764351977969257,288.2,16.4238427019177,4.79845612535323,2.000000011221,0,20881,1267,18445,0.198554500164986,6.26704366782498,0,0,0,0.618249024061272,0,0
11,1,1,100,8.50829409306105,6.72054902808758,0.745827075304039,273.7,16.6949990672186,4.85117927271233,2.00000005216327,0,19560,770,18208,0.197556033778315,5.8,0,0,0,0.511521203868867,0,0
11,1,2,100,8.51693101837301,6.71603083502928,0.746709449426621,279.3,16.5465965663978,4.81279808666153,2.00000002995159,0,21062,1281,19641,0.192485277818263,5.8,0,0,0,0.555628669300466,0,0
11,1,3,100,8.32575658477101,6.54182778199705,0.731666530313321,269.8,16.5905957816189,4.71741505947642,2.00000005800177,0,20068,1204,17446,0.207559897067515,5.8,0,0,0,0.525607098331883,0,0
11,1,4,100,8.24729367102453,6.26114584671813,0.723996582581272,267.2,16.1094668973098,4.53726385680763,2.00000008760628,0,21080,678,20020,0.215562870879289,5.8,0,0,0,0.503715034056011,0,0
11,1,5,100,8.45207842988612,6.59251453589072,0.740832502420967,278.3,16.4234356816577,4.74060105300576,2.00000003686876,0,20186,1082,19104,0.21552385691254,5.8,0,0,0,0.510754798700641,0,0
11,1,6,100,8.35736116098931,6.37170123336701,0.745388361704171,282.3,16.0140002004457,4.57050198779963,2.00000002739932,0,22056,976,21080,0.217045986665521,5.8,0,0,0,0.514371033633106,0,0
11,1,7,100,8.52549188472305,6.69404125588573,0.753236749538056,284,16.4469351001329,4.78866555988196,2.00000002077286,0,20396,1345,16922,0.199715971837619,5.8,0,0,0,0.529490570098848,0,0
11,1,8,100,8.3565126428847,6.35978182315758,0.745323866669758,276.9,16.1736803266915,4.61566705262543,2.00000002795036,0,21898,1553,20345,0.216573731439739,6.26524687987078,0,0,0,0.603508180082485,0,0
11,1,9,100,8.53742302186947,6.71649404732697,0.757777827262221,293.2,16.2594210744727,4.74068468294727,2.00000000975149,0,20774,1607,18767,0.195241477424106,5.8,0,0,0,0.550928241057224,0,0
11,1,10,100,8.67967731836025,6.79048912879714,0.763942254171258,290.5,16.2875087090279,4.82790594699989,2.00000001189494,0,22014,1180,20285,0.206078025567543,5.8,0,0,0,0.537715224923641,0,0
11,1,11,100,8.27613137635974,6.30467260964912,0.727934994101099,270,16.2536815854299,4.59387945608638,2.00000010163501,0,21026,696,19927,0.214682217988639,5.8,0,0,0,0.484672376835212,0,0
11,1,12,100,8.6785713286587,6.8439114164297,0.772998780722915,290.1,16.3548485836144,4.84721004652226,2.00000001152171,0,20247,1469,17107,0.193110954035689,5.8,0,0,0,0.580819848433751,0,0
11,1,13,100,8.49471987019864,6.62930422468934,0.744215732740365,284.9,16.2825200077124,4.72359163947183,2.00000002235072,0,20937,1144,19003,0.211917823201731,5.8,0,0,0,0.549875608550815,0,0
11,1,14,100,8.64826563935683,6.81725101997823,0.763773277520124,291.2,16.3343837112782,4.82431000459514,2.00000001118497,0,20092,1578,16839,0.203345491601814,5.8,0,0,0,0.539666107938301,0,0
11,1,15,100,8.60617677596628,6.83479739177992,0.748544645528698,279.1,16.7666424676073,4.92792751932544,2.00000002930972,0,19740,1239,17838,0.195307779289696,5.8,0,0,0,0.546179941951796,0,0
11,1,16,100,8.69034419004486,6.84450197887381,0.765531817857497,291.4,16.3520658680906,4.85294300764084,2.00000001088938,0,19872,1810,16794,0.202260276724624,5.8,0,0,0,0.550982549288494,0,0
11,1,17,100,8.52849198652568,6.77376991998498,0.75308255760489,281.7,16.5078780584443,4.80811830693656,2.00000002203274,0,19966,1352,16087,0.191627642864032,5.8,0,0,0,0.537619883102389,0,0
11,1,18,100,8.6075651550974,6.76066551161939,0.768898617004244,289.9,16.2026398588532,4.76282914962275,2.00000001214835,0,20780,1204,18974,0.194804347316349,5.8,0,0,0,0.582151773667831,0,0
11,1,19,100,8.55042526849664,6.68045516047481,0.766081469245628,290.4,16.1047909066136,4.70257549465959,2.00000001168951,0,21930,1081,20846,0.211571765463033,5.8,0,0,0,0.567222809186949,0,0
11,2,0,100,8.36442814244313,6.51933813844152,0.746498003692018,264.8,16.6550039569545,4.75794866209284,2.10000002627351,0,20631,1046,18434,0.224586002469544,6.24848731955827,0,0,0,0.606473073253215,0,0
11,2,1,100,8.35951513202038,6.62993710323415,0.727832364103965,257.7,16.9140926661394,4.82912169273221,2.10000012814089,0,19460,759,17922,0.209029188584778,5.82216702779685,0,0,0,0.485476684760145,0,0
11,2,2,100,8.36870857730457,6.56700647425952,0.732871854972798,263.7,16.6807512649934,4.76773700839785,2.10000005930067,0,21110,1206,19904,0.212279395631865,6.86332583521666,0,0,0,0.614291588869167,0,0
11,2,3,100,8.31824400667156,6.49534408287276,0.73551695135337,262.6,16.6178856092718,4.72110848070421,2.1000000598566,0,19780,1140,17189,0.224342662548826,6.85170772128006,0,0,0,0.613776001879804,0,0
11,2,4,100,8.22608907351505,6.2322453507939,0.723800371099311,262.2,16.1092328438301,4.52580731738018,2.10000009846283,0,20731,693,19636,0.229848376069721,5.8,0,0,0,0.481567982152494,0,0
11,2,5,100,8.31067131597146,6.44622031105635,0.725524374006896,260.4,16.5729569438258,4.70396970810631,2.10000010559986,0,20215,1030,19185,0.232240381818287,5.8,0,0,0,0.485050410081576,0,0
11,2,6,100,8.20566320533035,6.22702521246828,0.725945832371628,267.1,16.1009782541013,4.51225483862454,2.10000007068322,0,21847,887,20960,0.231407206354775,5.8,0,0,0,0.484926002294723,0,0
11,2,7,100,8.3633462095419,6.53729501026335,0.738478302545361,264.4,16.6374718226365,4.75224203516931,2.10000005149584,0,20335,1228,16939,0.216932277907853,6.76771851807868,0,0,0,0.612778431030662,0,0
11,2,8,100,8.23152436368336,6.22895509702713,0.7301048577642,264,16.2372098422249,4.56478618140763,2.10000002158722,0,21808,1632,20176,0.233211746084577,6.25361370264457,0,0,0,0.591541799785926,0,0
11,2,9,100,8.34482728642767,6.46941874653735,0.739591849636623,268.2,16.4735686117536,4.69507272237081,2.10000003344385,0,20513,1529,18622,0.223753222812021,6.22817978332275,0,0,0,0.598121237373999,0,0
11,2,10,100,8.42034155091692,6.56486620472228,0.743419920592792,263.1,16.6387936340291,4.78502115909186,2.10000005431732,0,22581,1030,21551,0.223398248655673,6.83569284663307,0,0,0,0.618480067717767,0,0
11,2,11,100,8.25247942331368,6.25246553407581,0.722303394389068,259.1,16.2662187833849,4.5845089929352,2.1000001505231,0,20801,692,19713,0.228623896287615,5.8,0,0,0,0.470205594941286,0,0
11,2,12,100,8.43511673892892,6.65269607808755,0.751947644572418,266.7,16.6856517314092,4.80695588594963,2.1000000453987,0,20598,1284,17826,0.206601546581507,6.55478423513974,0,0,0,0.609449473295308,0,0
11,2,13,100,8.33396114486962,6.46442097585928,0.73224947685519,267.5,16.4326967250224,4.67716981249596,2.10000003866298,0,20910,1099,19015,0.228662137651891,6.82278515424049,0,0,0,0.613924758136034,0,0
11,2,14,100,8.4457498235695,6.6493649657764,0.74441006694136,264.8,16.7459650075606,4.83037076814105,2.10000004452058,0,20056,1292,16837,0.215385528276009,6.85446905786168,0,0,0,0.618696932626882,0,0
11,2,15,100,8.45864263330702,6.69776214877889,0.7320028940518,262.8,16.9343295350951,4.89225880187411,2.1000000615295,0,20619,1247,19372,0.219386879550926,6.4182308825872,0,0,0,0.598993723986369,0,0
11,2,16,100,8.49636998308973,6.69337395971749,0.746333405798337,267.5,16.7441656301544,4.85883759866315,2.10000004285416,0,20189,1492,17156,0.212209512627319,6.46382311730603,0,0,0,0.606043615409229,0,0
11,2,17,100,8.47942361791353,6.72403307861995,0.752074748212442,272,16.6616485899692,4.82529412635219,2.10000003256789,0,19319,1174,15602,0.209984582912597,5.89173397935023,0,0,0,0.593117107285601,0,0
11,2,18,100,8.35640946309297,6.46973321752342,0.746844377567241,263.4,16.4444807910611,4.69314913584942,2.10000004604615,0,20881,1077,19418,0.225176937153281,6.82591030608743,0,0,0,0.623157547120996,0,0
11,2,19,100,8.32412835799603,6.39458960575716,0.745798967221162,265.6,16.297522096443,4.63329008860848,2.10000004680364,0,21831,962,20869,0.231311856657545,6.81388593363578,0,0,0,0.621710819437571,0,0
11,3,0,100,8.13186510795018,6.30071530052009,0.687057665345906,245.9,16.8485801950896,4.67928986559296,2.00000027164685,0,21549,1006,19401,0.204225831760969,5.8,0,0,0,0.4525000191521,0,0
11,3,1,100,8.20527023639902,6.41648349450675,0.689449449888129,239.8,17.1935912946544,4.81826140187034,2.00000039127929,0,21382,731,20226,0.193955672199209,5.8,0,0,0,0.447463069423154,0,0
11,3,2,100,8.20107679043242,6.33817901032395,0.686088545464188,245.3,16.909013074803,4.73602394656174,2.00000029660271,0,21824,1054,20751,0.194462633938775,5.8,0,0,0,0.446123320881247,0,0
11,3,3,100,8.13479336712391,6.28333635156395,0.689365403331365,245.2,16.8364547882795,4.67759968425622,2.00000028799991,0,20610,1061,18131,0.201472640169454,5.8,0,0,0,0.445285610283716,0,0
11,3,4,100,8.01289390014102,6.04851234735163,0.68604714930701,251.8,16.2576878706428,4.44903713533961,2.00000019357708,0,21666,660,20624,0.21485618493101,5.8,0,0,0,0.445878811655713,0,0
11,3,5,100,8.16622220151152,6.27182557642789,0.68592180421036,247.6,16.7651180558441,4.6757220032209,2.00000025472229,0,21018,1077,19923,0.213160852726203,5.8,0,0,0,0.448049792381126,0,0
11,3,6,100,7.98464818215623,6.03395586872983,0.688749881137719,251.3,16.3048589361001,4.44622667942517,2.00000020221057,0,22866,818,22048,0.217275184329097,5.8,0,0,0,0.449828708856613,0,0
11,3,7,100,8.15764257601307,6.33000187634657,0.691499670603411,243.3,16.9438380213029,4.72067283317355,2.0000003251979,0,21317,1014,18174,0.195932598596977,5.8,0,0,0,0.448141731426921,0,0
11,3,8,100,8.07828562015293,6.07407795341929,0.684473324467288,248.6,16.4009255965999,4.52482903779824,2.00000023013661,0,22505,1566,20939,0.214150495306651,5.8,0,0,0,0.441409056384907,0,0
11,3,9,100,8.08865087312616,6.2521057925276,0.682273768024199,250,16.6369663214569,4.5959457481416,2.00000022240522,0,21562,1475,19687,0.205525662988721,5.8,0,0,0,0.445258218496941,0,0
11,3,10,100,8.19533290263345,6.26507601314569,0.685202813202359,242.1,16.8949866194099,4.72874920887927,2.00000035063454,0,23507,972,22513,0.213848499954706,5.8,0,0,0,0.445532694666685,0,0
11,3,11,100,8.0899006064639,6.11530162515461,0.69114229305635,249.4,16.4052408897142,4.53253937473565,2.00000023140308,0,21576,692,20481,0.21390848318829,5.8,0,0,0,0.450998183918803,0,0
11,3,12,100,8.16015758139318,6.34789171086214,0.694121749522136,242.2,17.0088489446275,4.74025980330454,2.00000034735228,0,21655,1208,18943,0.191411639116923,5.8,0,0,0,0.444268327477347,0,0
11,3,13,100,8.15366276791622,6.24637970968153,0.68472061065731,250.1,16.6528975973325,4.63726541525922,2.00000022198878,0,21613,970,19853,0.208160107315827,5.8,0,0,0,0.44702551890726,0,0
11,3,14,100,8.18190086465322,6.38323297939218,0.686820587686478,241.9,17.0905984977267,4.77577164872438,2.0000003534326,0,21675,1185,18967,0.199581107671391,5.8,0,0,0,0.442177514742836,0,0
11,3,15,100,8.27894901574304,6.46342431349521,0.686367716903817,242.2,17.2344893637193,4.87307738668404,2.00000034432981,0,21952,1176,20754,0.205746934739708,5.8,0,0,0,0.445355931191978,0,0
11,3,16,100,8.25165707057002,6.45179608012819,0.690171537461943,243.2,17.1678854979652,4.83823381567078,2.00000032974606,0,21658,1279,19245,0.194042128905389,5.8,0,0,0,0.446028087302406,0,0
11,3,17,100,8.19500400459672,6.50513482463504,0.696620417222741,246.8,17.1237024786452,4.79271291249001,2.0000002652298,0,21380,919,17360,0.179477239512558,5.8,0,0,0,0.450894001258781,0,0
11,3,18,100,8.11433260626583,6.17946797970812,0.685292146765667,244.1,16.6883219982175,4.62472890948091,2.00000031152524,0,21761,1112,20236,0.210398239983399,5.8,0,0,0,0.448795537086199,0,0
11,3,19,100,8.04944392267095,6.12219263778458,0.685160048100892,246.8,16.5064073369559,4.53772942591777,2.00000026340854,0,23014,1104,21910,0.212857389115457,5.8,0,0,0,0.447729770953293,0,0
12,1,0,100,8.47051786730039,6.57378611273548,0.763914820901244,290.8,16.0099145219856,4.6312983347288,2.00000001074807,0,21587,1566,18879,0.200190020530296,5.8,0,0,0,0.577992878970019,0,0
12,1,1,100,8.3972434311749,6.65073422872471,0.748947242880389,276.2,16.4328798562964,4.71273153342063,2.00000004523577,0,19842,1238,18062,0.187122547648054,5.8,0,0,0,0.508389840641641,0,0
12,1,2,100,8.44669994759721,6.5895163448201,0.746980092064625,283.8,16.2258654889068,4.68063415250695,2.00000002366096,0,21241,2079,18457,0.206312884005845,5.8,0,0,0,0.536191200616078,0,0
12,1,3,100,8.21314245841753,6.36053544985276,0.731999830000808,275.1,16.0846340102404,4.51160273721892,2.000000044123,0,21019,1879,17722,0.208193175414871,5.8,0,0,0,0.536926471935812,0,0
12,1,4,100,8.02615132544151,5.92721185263353,0.724309068582123,275.6,15.2779209970974,4.18763572583473,2.00000005208176,0,21443,561,20500,0.219277027492405,5.8,0,0,0,0.522610681237784,0,0
12,1,5,100,8.34254508283297,6.42080312549279,0.739956851834339,282.5,16.0264900475657,4.56604288841979,2.00000002784247,0,20942,1760,19182,0.217688802627285,6.00208543686891,0,0,0,0.520900750982604,0,0
12,1,6,100,8.16618437662742,5.94765652062471,0.750105127404056,296,14.9508285077036,4.16934546712987,2.00000001058675,0,23328,1543,21785,0.218478896805374,5.8,0,0,0,0.512862694713816,0,0
12,1,7,100,8.46715305246948,6.60664921479544,0.754217883941606,289.6,16.142262348046,4.66772968914485,2.00000001444914,0,20755,1348,17278,0.200054569417162,5.8,0,0,0,0.53187694240223,0,0
12,1,8,100,8.23794472232058,6.08692670888557,0.742675439858118,281.5,15.548009103552,4.37404029772363,2.0000000229503,0,22753,2292,20461,0.218424306755028,6.1637976053445,0,0,0,0.600873898535674,0,0
12,1,9,100,8.46349067444983,6.5512764239072,0.757673236781378,301.7,15.6885066962382,4.53449991730212,2.00000000629188,0,20743,1149,19194,0.201718729772284,5.8,0,0,0,0.523127219041233,0,0
12,1,10,100,8.66053724510017,6.75128077261997,0.763501730473985,289.8,16.215855066502,4.79604750669288,2.00000001249168,0,22815,1736,20461,0.197880960134304,5.8,0,0,0,0.539470051426254,0,0
12,1,11,100,8.04694444609737,5.97332981111038,0.720733401370593,272.1,15.504629111262,4.26079209292369,2.00000009096584,0,22437,1760,20274,0.213257922091974,5.8,0,0,0,0.484069967183689,0,0
12,1,12,100,8.5607420159156,6.73514017612247,0.774479546700337,292.5,16.1054113813202,4.7085431470233,2.00000001013586,0,21231,2589,16813,0.203881717200889,5.8,0,0,0,0.574453110751096,0,0
12,1,13,100,8.3828681794201,6.41823090377775,0.741235264494424,291.4,15.7324113836169,4.50380228177378,2.00000001596413,0,21047,903,19354,0.211747001833646,5.8,0,0,0,0.556504794036088,0,0
12,1,14,100,8.49566637796691,6.73339598243008,0.766867265342682,292.2,16.0911591133779,4.66875010712254,2.00000001060175,0,20032,1993,16350,0.210531299572774,5.8,0,0,0,0.537033213465962,0,0
12,1,15,100,8.63199688730489,6.90874033167202,0.752847207021207,283.1,16.8112244626303,4.95587003749371,2.00000002247396,0,19698,1411,17603,0.169538962577168,5.8,0,0,0,0.545944654413726,0,0
12,1,16,100,8.68160202174812,6.84545932442202,0.763860648713291,293.8,16.2923844555021,4.83039769898956,2.00000000963553,0,19819,1737,16807,0.190637737592306,5.8,0,0,0,0.543349989660026,0,0
12,1,17,100,8.40491685840392,6.76065726485881,0.757636700487306,290.1,16.1665168945132,4.64054329396249,2.00000001339606,0,19943,878,16543,0.19218559191018,5.8,0,0,0,0.540392574050555,0,0
12,1,18,100,8.50103519504323,6.50507762840362,0.768662858862975,291.4,15.7227230223516,4.56448476266744,2.00000001100273,0,23003,3042,19569,0.203471614401799,5.83516262712193,0,0,0,0.587337361626302,0,0
12,1,19,100,8.45269114157348,6.34427821817299,0.767936724239686,294.8,15.3484249913195,4.43044450899434,2.00000000933983,0,22495,1265,21230,0.215209061356523,5.8,0,0,0,0.562848623745459,0,0
12,2,0,100,8.24934201038397,6.36936607965149,0.747524577204461,270,16.1809543327814,4.55886748471883,2.100000023863,0,21590,1585,18854,0.219775257545369,6.17580128981442,0,0,0,0.606230007283349,0,0
12,2,1,100,8.25485685156832,6.56153451154516,0.731217056786576,261.9,16.6129727854157,4.68381635068396,2.1000001011821,0,19949,1226,17976,0.196812524152215,5.82216702779685,0,0,0,0.487261178625303,0,0
12,2,2,100,8.2800941115791,6.41884423502699,0.733508899311872,265.9,16.3510816197232,4.62394609654549,2.10000005050483,0,21144,2081,18373,0.225990445380518,6.84610428707964,0,0,0,0.614444976526793,0,0
12,2,3,100,8.20568679565903,6.32198265431116,0.737291783415899,269.4,16.0924260732386,4.50986740720496,2.10000003908976,0,20844,1949,17444,0.224022933388849,6.82048185473073,0,0,0,0.615415202880221,0,0
12,2,4,100,8.00229101548901,5.89364726493767,0.725210895574393,269.9,15.2875992276121,4.17811058705969,2.10000006156679,0,21432,567,20463,0.229806998063216,5.8,0,0,0,0.49011008831998,0,0
12,2,5,100,8.20060508729824,6.29960475856536,0.725013544933578,267.5,16.1544841225324,4.52442806900938,2.10000007096585,0,21263,1911,19352,0.231806082843991,6.00208543686891,0,0,0,0.48558737940414,0,0
12,2,6,100,7.96961620278948,5.78120986384736,0.73020731212651,279.4,15.0296705084794,4.09070828657391,2.10000003028324,0,23477,1464,22013,0.23008423517642,5.8,0,0,0,0.492226327252067,0,0
12,2,7,100,8.29973193719451,6.46206945058488,0.739613032522133,270.4,16.3460173595917,4.63343650220577,2.10000003551136,0,20693,1308,17217,0.216396857480804,6.85777740121161,0,0,0,0.616695017888966,0,0
12,2,8,100,8.08273612329512,5.95792144739576,0.727094907593716,268.9,15.6001581020678,4.30632954650733,2.10000001914716,0,22697,2275,20422,0.232536371433178,6.15641398424831,0,0,0,0.589927602070749,0,0
12,2,9,100,8.20974819439108,6.31367883715751,0.739002565069969,278.3,15.8510718829823,4.4444487916718,2.10000002453671,0,20750,1117,19271,0.221416530015981,6.00535555495968,0,0,0,0.590805494204808,0,0
12,2,10,100,8.3764302384031,6.46330382210441,0.742437930753496,262.6,16.4704855386674,4.71188787734316,2.10000005657798,0,23296,1637,21659,0.224949959911232,6.81902732671177,0,0,0,0.618077516421057,0,0
12,2,11,100,8.06684872809081,5.96032042524493,0.720942206199364,266.2,15.4836861109088,4.2657476035888,2.10000010230249,0,22436,1827,20213,0.223504781846853,5.8,0,0,0,0.471949163674233,0,0
12,2,12,100,8.34227222165021,6.52347318948564,0.753989485519503,269.1,16.3754028733211,4.66567958841876,2.10000004020651,0,21206,2432,16988,0.219686334305267,6.3281885504771,0,0,0,0.604031007420171,0,0
12,2,13,100,8.21375776334505,6.2437644896368,0.729819908866986,273.9,15.8705892674893,4.45196328898438,2.10000002720221,0,20875,896,19183,0.228539932902809,6.77433729238699,0,0,0,0.613487808768797,0,0
12,2,14,100,8.30503333269475,6.58489818637351,0.749131257301883,269.4,16.4432597197911,4.66417180157235,2.10000003574635,0,20682,1813,16959,0.218498285527186,6.85611207197778,0,0,0,0.621281651996024,0,0
12,2,15,100,8.48055732716266,6.77622464882381,0.735467503361037,264.5,17.0387027502867,4.9351798289608,2.10000005411712,0,20222,1426,18796,0.190224773379364,6.40589255823586,0,0,0,0.599136783788484,0,0
12,2,16,100,8.4877223884273,6.70495320468303,0.74670276557652,270.1,16.7092131291929,4.84366436037444,2.10000003224889,0,20133,1473,17098,0.199371749529448,6.87468729116869,0,0,0,0.620659565998462,0,0
12,2,17,100,8.35943744075949,6.71389999405101,0.75734370445314,280.4,16.3091670416208,4.65646864665581,2.10000001979995,0,19867,862,16462,0.206785549085315,5.89851372778841,0,0,0,0.596462762981124,0,0
12,2,18,100,8.24515885750174,6.21658418965957,0.744815644561073,264.8,15.9193611225512,4.48283770851048,2.10000005226163,0,22916,3020,19510,0.225693661284889,6.81401877583002,0,0,0,0.62086704215672,0,0
12,2,19,100,8.13019139400915,6.04334888376652,0.747885762441633,269.7,15.4771297893769,4.29746035631021,2.1000000333629,0,22827,1334,21493,0.232227326353553,6.7511645161008,0,0,0,0.626235168283139,0,0
12,3,0,100,7.93564016321318,6.1234344037812,0.689744211940151,251.9,16.2777825792919,4.41170546160373,2.00000019046695,0,22663,1540,19981,0.206722494809606,5.8,0,0,0,0.454700005601528,0,0
12,3,1,100,8.03389253037736,6.35802097019882,0.694677636703415,243.4,16.8836751053912,4.63268616844488,2.00000031620993,0,21579,1230,19325,0.181724171859414,5.8,0,0,0,0.450228547426093,0,0
12,3,2,100,8.09026429108408,6.21031557006783,0.685429635563629,250.1,16.5373573621815,4.56931457827519,2.00000022326822,0,22248,2215,19328,0.208182546603662,5.8,0,0,0,0.446677152738888,0,0
12,3,3,100,7.94378535646554,6.09495313149398,0.690437304215906,253.6,16.2180843073072,4.39999278905149,2.00000017519949,0,22126,2106,18602,0.208822451670914,5.8,0,0,0,0.446958322308236,0,0
12,3,4,100,7.80672534369467,5.68664336692424,0.687370658242021,260.2,15.3640403122743,4.09623757800614,2.00000011775921,0,22055,464,21209,0.220268977432116,5.8,0,0,0,0.448237658536447,0,0
12,3,5,100,7.99653647628086,6.1178375173105,0.686847277527202,254.8,16.3184785582535,4.45659920809941,2.0000001663584,0,22366,2058,20308,0.217273190173346,6.00208543686891,0,0,0,0.449552730308461,0,0
12,3,6,100,7.76136054851705,5.57720654797403,0.689739727770536,264.5,15.186554994853,4.02534280633651,2.00000009259691,0,24001,1326,22675,0.220932172639675,5.8,0,0,0,0.451852000023107,0,0
12,3,7,100,8.04504758508658,6.24265732665877,0.692403883546234,248.1,16.6403127576614,4.57212826052155,2.00000024479323,0,21722,1171,18422,0.198459291431065,5.8,0,0,0,0.449335224751348,0,0
12,3,8,100,7.87277271105118,5.79703710419146,0.684076309426085,257,15.6908648985407,4.21876141382888,2.00000013999954,0,23706,2363,21343,0.21754392597133,5.8,0,0,0,0.442519325016641,0,0
12,3,9,100,7.92397800131284,6.0788873750829,0.685181981946693,263.2,15.9212263860339,4.3086470281831,2.00000010184453,0,21752,1082,20270,0.209559462645013,5.8,0,0,0,0.447382678663521,0,0
12,3,10,100,8.16127984506466,6.18105126839547,0.683190041558144,243.3,16.707825891194,4.65689222722195,2.00000032660103,0,24141,1603,22517,0.213683119988483,5.8,0,0,0,0.444940721034423,0,0
12,3,11,100,7.86712785274551,5.80337420200366,0.692069138158557,260.2,15.5414798893295,4.17559367044344,2.00000012213366,0,23292,1892,20997,0.216196058455424,5.8,0,0,0,0.452738310749502,0,0
12,3,12,100,7.99351768131619,6.20699659074846,0.696701279444957,245.8,16.6154670806197,4.53610141012151,2.00000028071065,0,22347,2341,18201,0.207239188874054,5.8,0,0,0,0.446027417569321,0,0
12,3,13,100,7.96719888253541,6.02315215980668,0.684235720512249,258.5,16.0173008602437,4.3582345486831,2.00000013504291,0,21894,850,20254,0.212732976469212,5.8,0,0,0,0.44830058306478,0,0
12,3,14,100,8.01973193654662,6.3078567654862,0.692163298592735,246.7,16.7269544716487,4.58161136169116,2.00000026604698,0,22271,1705,19043,0.209453827438714,5.8,0,0,0,0.445374429043186,0,0
12,3,15,100,8.30667207984929,6.56723936500955,0.689767447726472,242.2,17.4180271243546,4.94151435044161,2.00000034432981,0,22141,1365,20754,0.172482377994853,5.8,0,0,0,0.445635073828195,0,0
12,3,16,100,8.25157332038346,6.47559567624511,0.690030555222785,245.6,17.1393712076622,4.83014359397335,2.00000028609179,0,21684,1287,19265,0.174548421110026,5.8,0,0,0,0.445995900958382,0,0
12,3,17,100,8.0767914388386,6.49195406933831,0.701261285436717,257.6,16.6576269589699,4.5950526753642,2.00000013998738,0,21719,607,18011,0.182192679915962,5.8,0,0,0,0.454020211438745,0,0
12,3,18,100,7.88972109250323,5.92262576074925,0.685815241071718,247.7,16.0929204708357,4.33628857038583,2.00000025175734,0,24079,3014,20673,0.212730213714963,5.83516262712193,0,0,0,0.450726217751304,0,0
12,3,19,100,7.79554079256315,5.7713498513356,0.686416002570603,256.4,15.5356644529153,4.13610478512561,2.00000014925661,0,23901,1315,22586,0.221201466342855,5.8,0,0,0,0.451363344969799,0,0
13,1,0,100,8.44794319388115,6.68953362935234,0.722905504418551,291.8,16.5160956147606,4.76503986237737,2.00000000815976,0,19180,0,18023,0.186291287423029,6.28163240863356,0,0,0,0.633797819861575,0,0
13,1,1,100,8.38792533783887,6.59910783756834,0.701449252706293,268.8,16.9286678006292,4.84946571779684,2.00000007683695,0,18576,0,18007,0.185152225902003,5.8,0,0,0,0.538841809506516,0,0
13,1,2,100,8.50709740612187,6.58924684720917,0.725254004519511,257.2,16.7254505866541,4.85935507668611,-0.902539199062858,17,19890,0,19890,0.193068057103795,5.8,0,0,0,0.574526670855367,0,0
13,1,3,100,8.42751871174574,6.5164308867392,0.717224787269862,258.8,16.6241187359405,4.78470439193595,2.00000005741538,0,19126,0,17708,0.195442612182868,5.8,0,0,0,0.566792141412756,0,0
13,1,4,100,8.18920938440477,6.14631091392387,0.690966938915384,256.6,16.2621034340126,4.54805686761391,2.00000007384381,0,20378,0,19996,0.202751583260672,5.8,0,0,0,0.590828991649279,0,0
13,1,5,100,8.38057775614005,6.42182128594428,0.701326651958315,253.3,16.5686604974505,4.74217010978873,2.00000016355,0,19760,0,19760,0.204565206732579,5.8,0,0,0,0.535807170619482,0,0
13,1,6,100,8.32524839576245,6.35102518888286,0.712466708793352,280.8,16.1637194180321,4.59562356190702,2.00000003206856,0,20689,0,20689,0.206834628373402,5.8,0,0,0,0.545536986227715,0,0
13,1,7,100,8.43051669710104,6.54448287502675,0.711126642860258,252.5,16.7042917551473,4.80946839851532,2.00000005129425,0,20051,0,17922,0.184968000465891,5.8,0,0,0,0.557158134925883,0,0
13,1,8,100,8.2563925378916,6.20226096586299,0.707319439408771,269.8,16.3786474798766,4.61831772341307,2.00000002932495,0,20222,0,20217,0.207313605841075,6.04363309001957,0,0,0,0.619930671172146,0,0
13,1,9,100,8.43984612115808,6.67507019121229,0.714529212276184,294.6,16.3518897879669,4.71308722555524,2.00000000885757,0,18650,0,18250,0.185348802733613,6.22776138774476,0,0,0,0.632773491323024,0,0
13,1,10,100,8.62669845165397,6.70590967849085,0.744202212177247,280.2,16.5309326935299,4.87018918122068,2.00000001939145,0,20600,0,20038,0.198725960868923,5.8,0,0,0,0.542147228617596,0,0
13,1,11,100,8.22164490686948,6.25669525596267,0.693206526365838,263.9,16.3301300489464,4.58516686200094,2.00000009605992,0,20171,0,19768,0.202537630593629,5.8,0,0,0,0.530062519284621,0,0
13,1,12,100,8.61878978660299,6.7932256525159,0.735268626546748,288,16.4578017828164,4.84420048873226,2.00000001408296,0,17658,0,15701,0.184978855662941,6.7642174212791,0,0,0,0.654376029853196,0,0
13,1,13,100,8.39872589723189,6.53790324013289,0.705080361117127,283.1,16.4172615066912,4.70894762068214,2.00000002679792,0,19567,0,18777,0.201431207557466,5.8,0,0,0,0.593648259478456,0,0
13,1,14,100,8.58682780016501,6.74300665667571,0.729303406163039,287,16.4658103040452,4.82858008222314,2.00000001521528,0,18229,0,16523,0.18641429916167,5.8,0,0,0,0.623380045478514,0,0
13,1,15,100,8.61921842369603,6.74077496503141,0.728419318059108,252.7,16.9664467490073,4.99429091664006,-0.42685722912131,13,18965,0,18440,0.190631973804218,5.8,0,0,0,0.566796033232984,0,0
13,1,16,100,8.71613776903305,6.8496076930446,0.739654449679605,290,16.4059583567383,4.88337916311463,-1.23232830632423,22,18207,0,16954,0.184208116804484,5.8,0,0,0,0.59357788752992,0,0
13,1,17,100,8.69606115005536,6.8052705331098,0.755097156046198,267.3,16.4918568214738,4.89783512125298,1.72495099427755,0,17849,0,15596,0.188058636607571,5.8,0,0,0,0.560010159853309,0,0
13,1,18,100,8.38881605060112,6.59226323525161,0.716416823778764,283.7,16.4392880703584,4.70972280169014,2.0000000161956,0,19217,0,18821,0.187972031256918,5.8,0,0,0,0.610738566248701,0,0
13,1,19,100,8.56473791743321,6.64623436127771,0.747182794596356,290.6,16.2110717672445,4.7416880287612,-0.934832503045413,22,20495,0,20495,0.203255218068861,5.8,0,0,0,0.57984273824147,0,0
13,2,0,100,8.27832902946929,6.41439360370172,0.710913831796084,265,16.76852281127,4.74107249862467,2.08013782919932,0,19477,0,18326,0.21408251672894,5.99626855269321,0,0,0,0.616142993627165,0,0
13,2,1,100,8.24921303604407,6.50542195055098,0.686995206363999,255.2,17.0529507273284,4.80460062539808,2.10000014173318,0,19558,0,19168,0.194583644679459,5.82216702779685,0,0,0,0.51914876251209,0,0
13,2,2,100,8.41361810480497,6.44500250212411,0.719401451219231,242.2,16.8334214116388,4.83719200729455,-2.81331846763646,27,20253,0,20253,0.206893697206363,6.75751960187768,0,0,0,0.639620620898273,0,0
13,2,3,100,8.32267917403923,6.4414852445139,0.708167624981022,259,16.6928429670486,4.74488279533148,1.56261713438221,0,18519,0,17068,0.212298541860433,6.86783349836077,0,0,0,0.633820099400597,0,0
13,2,4,100,8.06761812912072,6.10392903716973,0.675504655955054,260.2,16.2806630288431,4.48587991609048,2.10000010361944,0,19963,0,19561,0.215538396727508,5.8,0,0,0,0.536497706486643,0,0
13,2,5,100,8.33860683959625,6.37750973389343,0.705086360795166,246.6,16.5982310086047,4.72703237397535,2.08180124002365,0,19501,0,19501,0.217989170110382,5.8,0,0,0,0.52986706587198,0,0
13,2,6,100,8.15105812058033,6.18738733948475,0.693167046286865,263.8,16.2646923985906,4.52777567983199,2.10000008513714,0,20883,0,20883,0.219717723970218,5.8,0,0,0,0.52217467141094,0,0
13,2,7,100,8.3898773884016,6.50088167436618,0.712628333299363,248,16.7413622205674,4.7971118008402,0.937745843362791,0,19720,0,17552,0.201314231872749,6.92824887645898,0,0,0,0.633019714721741,0,0
13,2,8,100,8.12133170441679,6.05143680924666,0.698133598500141,253.6,16.4445365776145,4.56120656567907,1.66422376639071,0,19681,0,19681,0.225872782194201,6.05078837339503,0,0,0,0.609209826961869,0,0
13,2,9,100,8.2634055343851,6.38065371622108,0.701759993858567,266.8,16.5909760629074,4.68233189592821,2.10000001245555,0,18846,0,18484,0.213148176649976,6.23745601517833,0,0,0,0.62828537406398,0,0
13,2,10,100,8.38414205612387,6.48867473293962,0.721769139371853,256.2,16.809661599073,4.81339351049126,2.10000006979703,0,21286,0,21286,0.217406178126653,6.52879202273901,0,0,0,0.615801799072094,0,0
13,2,11,100,8.10931634772673,6.1111517638486,0.678608022230275,247.4,16.4104530037698,4.54497250436178,2.10000020580742,0,20004,0,19608,0.217606463676703,5.8,0,0,0,0.518722908236207,0,0
13,2,12,100,8.40257014612651,6.55513753881703,0.720239874605211,263.2,16.8108850277819,4.82434085679492,2.10000003855555,0,18263,0,16472,0.2062656138226,6.79621356742518,0,0,0,0.647867599491304,0,0
13,2,13,100,8.2818586729047,6.35033787504664,0.697821286742118,263.2,16.541306063842,4.67877066712605,2.10000004585891,0,19622,0,18826,0.217312323174445,6.68915547160533,0,0,0,0.632468398433826,0,0
13,2,14,100,8.39366229680376,6.5332431490736,0.712822161613581,258.7,16.9126506708811,4.84845397499091,2.10000004518599,0,18992,0,17482,0.201517866875091,6.72049926615315,0,0,0,0.646401070150395,0,0
13,2,15,100,8.49822652525043,6.58970741047092,0.716820159574169,238,17.1098379792805,4.9660483814186,-1.33076023724186,21,20101,0,20101,0.212975102197241,6.71692389935418,0,0,0,0.626845143978892,0,0
13,2,16,100,8.52104400320319,6.67650761015288,0.718210127461539,264.9,16.8368501350356,4.89987691885817,1.12006406608378,0,18497,0,16967,0.197642348853143,6.79100154725566,0,0,0,0.643816698857401,0,0
13,2,17,100,8.52034367246722,6.73469991258796,0.730705812279569,270,16.6870159522968,4.85582192899544,0.51499035254011,0,18017,0,15496,0.198769313538088,6.8971632366902,0,0,0,0.640313160202665,0,0
13,2,18,100,8.22500240944761,6.29157289672246,0.702489473960341,257.2,16.6481237203323,4.6766341848326,2.10000004120855,0,19455,0,19069,0.220694573103129,6.65516664993723,0,0,0,0.636381351931891,0,0
13,2,19,100,8.35413871457522,6.32712532239014,0.727520155763855,263,16.4194429299846,4.68478279796809,0.408748773456239,0,20581,0,20581,0.223799720788171,6.77622801812004,0,0,0,0.651103954770895,0,0
13,3,0,100,8.06849716988501,6.18609627896034,0.653402022101254,236.3,16.9174891511958,4.66186108072933,2.00000047940387,0,20558,0,19416,0.19497028791142,5.8,0,0,0,0.480022691807508,0,0
13,3,1,100,8.12159552216874,6.26311504562127,0.646430017290703,227.8,17.3078025460968,4.80084492621782,2.00000079589938,0,20498,0,20061,0.185631315966643,5.8,0,0,0,0.492947058074936,0,0
13,3,2,100,8.11015714639442,6.18406420071953,0.643221016831602,230.9,17.0582675593777,4.7249232747126,2.00000069537725,0,20724,0,20724,0.189579322056077,5.8,0,0,0,0.478111440980904,0,0
13,3,3,100,8.11234623683369,6.2247533695862,0.657457976330981,239.2,16.874078699182,4.67512931502334,2.00000041075032,0,19517,0,18099,0.190670439016921,5.8,0,0,0,0.472757851053819,0,0
13,3,4,100,7.83442175716229,5.88806654454353,0.630016885039862,238.6,16.3666550966202,4.37915926522536,2.00000042272882,0,21022,0,20640,0.204402900652952,5.8,0,0,0,0.4870110803002,0,0
13,3,5,100,8.09445668558703,6.13415012045873,0.647799636474339,235.6,16.8586563176394,4.66053374682374,2.00000051812901,0,19919,0,19919,0.203221725142392,5.8,0,0,0,0.484894583707822,0,0
13,3,6,100,7.92664518182117,5.96810433261131,0.652786853011801,242.9,16.4170073564914,4.44433083999944,2.00000033240201,0,21969,0,21969,0.207643265242596,5.8,0,0,0,0.490173356915508,0,0
13,3,7,100,8.08446536117783,6.2687070748327,0.649275844231516,237.3,16.9903650346195,4.69119454165208,2.00000046380262,0,20277,0,18148,0.182546041545574,5.8,0,0,0,0.470030936273139,0,0
13,3,8,100,7.97505107317201,5.88852957405318,0.646481635440857,231.8,16.5390712772511,4.50472031717428,2.00000062187746,0,20965,0,20965,0.206625923331936,5.8,0,0,0,0.475324514682443,0,0
13,3,9,100,8.01406366468344,6.14026519604863,0.642281381257278,239.2,16.7137722447366,4.57463275667775,2.0000004213847,0,20068,0,19668,0.1963131422549,5.8,0,0,0,0.484445839615693,0,0
13,3,10,100,8.11687261674739,6.13648205370458,0.65684319101893,227.7,17.0782073440879,4.73433285946526,2.00000082205349,0,22414,0,22378,0.20734377645678,5.8,0,0,0,0.452173755013056,0,0
13,3,11,100,7.92713399367606,5.96134902931539,0.637999613073164,236.2,16.5196704877356,4.47239700457817,2.00000050533254,0,20897,0,20494,0.204167747254994,5.8,0,0,0,0.483441021928683,0,0
13,3,12,100,8.09832248414173,6.24050072210082,0.654922925103925,232.6,17.0619315537748,4.71905759230992,2.00000061300909,0,19684,0,17892,0.188229499132368,5.8,0,0,0,0.486338943823203,0,0
13,3,13,100,8.07692091007418,6.14245600888291,0.64361098908356,241.7,16.7163666745077,4.61115525940943,2.00000036491417,0,20630,0,19840,0.197384830466546,5.8,0,0,0,0.477845782146164,0,0
13,3,14,100,8.12259003076817,6.25501061641916,0.651742826858081,231.1,17.1393840117727,4.7547289182127,2.00000066963889,0,20494,0,18971,0.188026343362262,5.8,0,0,0,0.485410735482725,0,0
13,3,15,100,8.20979896757988,6.30134217089226,0.639864667417386,227.8,17.3604786403447,4.86774218405494,2.0000008072725,0,20607,0,20571,0.198753675344004,5.8,0,0,0,0.464629592092124,0,0
13,3,16,100,8.23210004096252,6.40132608774306,0.650733426229009,238.4,17.1992404757242,4.83558903987379,2.00000043805426,0,20314,0,19197,0.178985292256362,5.8,0,0,0,0.476356675602119,0,0
13,3,17,100,8.1768253751045,6.48414040378728,0.666835677249658,243.2,17.1467080800713,4.78851503828877,2.00000032819639,0,20407,0,17306,0.167929776872127,5.8,0,0,0,0.469412203505012,0,0
13,3,18,100,7.97859452074456,5.99489123199598,0.637522472556906,227.3,16.8363161016322,4.58777207802398,2.00000084180772,0,20711,0,20319,0.201025128041866,5.8,0,0,0,0.475465943054453,0,0
13,3,19,100,8.03346059714822,6.02354256365229,0.660318346493521,237.2,16.6015589634809,4.55487744733528,2.00000046486502,0,21867,0,21867,0.207725361893083,5.8,0,0,0,0.486841699318732,0,0
14,1,0,100,8.53379604376977,7.02201551327614,0.749668866180337,307.4,16.6437219094845,4.85069776855841,2.00000000525699,0,21271,1160,18533,0.192730830114661,6.35759329129083,0,0,0,0.614037749556186,0,0
14,1,1,100,8.41271689474483,6.80479834073961,0.740427798981173,289.1,16.850489928369,4.84135163223481,2.00000000847263,0,21547,688,20398,0.211626011391913,5.8,0,0,0,0.578018156388629,0,0
14,1,2,100,8.41952652617348,6.79450173645056,0.736481496984185,291.2,16.7611975567166,4.81955912383432,2.00000001820445,0,22097,1109,20932,0.213348805004279,6.98819691749576,0,0,0,0.627502408820951,0,0
14,1,3,100,8.35052772704724,6.76844606685162,0.724598776278672,286.9,16.8814480540048,4.81444117278528,2.00000002932563,0,20725,1154,18085,0.202091999047705,7.1520568644752,0,0,0,0.623510909842779,0,0
14,1,4,100,8.32574424734919,6.62737255726632,0.72807696289508,284.1,16.7299988808682,4.75702138643357,2.00000001575836,0,21789,678,20655,0.212134637667459,5.8,0,0,0,0.576012432673412,0,0
14,1,5,100,8.40038123969906,6.73247203826768,0.737914424652394,289.9,16.7394851149353,4.80236774136665,2.00000000757268,0,20987,910,20015,0.216199310691136,5.8,0,0,0,0.579996415933261,0,0
14,1,6,100,8.38696806919174,6.74280856272237,0.742864225305504,289.4,16.8062769232879,4.81383300200971,2.00000000836621,0,22742,957,21721,0.214710376545407,5.8,0,0,0,0.594482652382241,0,0
14,1,7,100,8.4374784419745,6.87430594643368,0.737360090583529,293.8,16.8243750247815,4.84810293712464,2.0000000172854,0,21326,1197,17948,0.195400302197857,7.09725193564777,0,0,0,0.631196373263244,0,0
14,1,8,100,8.3622385973711,6.69422231008214,0.734010504602844,288.9,16.7302522942157,4.77792480959556,2.00000002065974,0,22004,910,21028,0.214445001668361,6.26591329331008,0,0,0,0.598877641177562,0,0
14,1,9,100,8.52538136962279,7.02321159498775,0.748192974899272,307.8,16.6548703166307,4.84914163767643,2.00000000469424,0,20702,1173,18619,0.194538540107224,6.28244136299227,0,0,0,0.606305153555629,0,0
14,1,10,100,8.57049649758177,6.98545174179667,0.751741305410246,306.4,16.5381443298732,4.84060830749903,2.00000000586397,0,22542,980,20934,0.204166080650451,7.02474248828457,0,0,0,0.634118981652595,0,0
14,1,11,100,8.27876912185419,6.54067690224354,0.715380908709773,275.7,16.7991073310666,4.74970266982526,2.00000006991445,0,21720,682,20547,0.211173296393445,5.8,0,0,0,0.475760663148112,0,0
14,1,12,100,8.59072415432486,7.02671805932389,0.757583189733869,308.9,16.5148864498963,4.84520923040766,2.00000000416878,0,20973,1296,17985,0.202318128296068,6.5969839350885,0,0,0,0.621933208660624,0,0
14,1,13,100,8.42482311972914,6.80702199447303,0.734893025921525,292.5,16.7494078579608,4.81923714693683,2.00000001773128,0,21832,1086,19902,0.209002339079709,7.01014073469149,0,0,0,0.627666166852964,0,0
14,1,14,100,8.57286493953494,7.00404286083838,0.748634501947583,308.6,16.5266039810112,4.83851853698448,2.00000000483669,0,21017,1270,18020,0.200422963757037,7.0439098588972,0,0,0,0.633333737483187,0,0
14,1,15,100,8.39754987292563,6.76522101717206,0.735117804662264,289.2,16.7840931220726,4.81354907154212,2.00000001882449,0,22096,1064,20972,0.213518961620103,6.79242950526827,0,0,0,0.62235488209169,0,0
14,1,16,100,8.57858696074656,7.02194822550983,0.751197074819149,307.6,16.5539019937302,4.84980970922113,2.00000000537284,0,20900,1593,18003,0.20411178441543,7.0305423491305,0,0,0,0.634025152454539,0,0
14,1,17,100,8.52491889913017,7.00514905115335,0.745220642451692,302.8,16.7261223558892,4.86967046085694,2.00000000921489,0,20670,1374,16665,0.18717853583167,7.17816536051607,0,0,0,0.635555896387016,0,0
14,1,18,100,8.54024293873118,6.99034605626051,0.756864531430716,306.2,16.5100362053538,4.81531021029127,2.00000000454907,0,21373,864,19983,0.192699233477435,6.64321505942795,0,0,0,0.628598957042477,0,0
14,1,19,100,8.58316230845055,7.01757230610111,0.752741927892527,306.3,16.584366491463,4.86132645716578,2.00000000593946,0,21919,1025,20542,0.210253848467983,7.03458388298022,0,0,0,0.635289822660265,0,0
14,2,0,100,8.32660347690557,6.62828770775996,0.735115431408351,273.7,16.9663226638092,4.82495581055278,2.10000000587161,0,21180,932,19097,0.22334345169489,5.8,0,0,0,0.58022585401691,0,0
14,2,1,100,8.30547801626063,6.62121454130962,0.729110389668899,272.6,16.9621561404228,4.81152684863994,2.10000002758363,0,21137,611,20141,0.228080987083447,5.98375890177001,0,0,0,0.5855351678782,0,0
14,2,2,100,8.32899106791633,6.62958602651651,0.726012760977291,276.3,16.8644752866663,4.79742030917771,2.10000002470065,0,21737,1047,20690,0.229155183362944,5.8,0,0,0,0.576789373988207,0,0
14,2,3,100,8.32850446521212,6.69491525278928,0.730194088082504,276.8,16.9732320019277,4.82810435605393,2.10000002460856,0,20401,1076,17874,0.219617112896084,6.05057383869369,0,0,0,0.58712544154094,0,0
14,2,4,100,8.30307446191366,6.55585672711372,0.728283681605152,274.2,16.76004684862,4.75281163859915,2.10000003003915,0,21209,623,20184,0.227999175968596,5.94450037242545,0,0,0,0.580200539854351,0,0
14,2,5,100,8.30606918614782,6.56958020656783,0.725956599174119,273.7,16.8367825868215,4.77633597964144,2.10000003573509,0,20608,804,19804,0.231025291491791,6.62535159311927,0,0,0,0.603433694649758,0,0
14,2,6,100,8.29028239766309,6.56722520650422,0.731700673815413,272.5,16.9128185954527,4.78875004865175,2.10000003093842,0,22357,841,21516,0.229793227934102,6.27975071121014,0,0,0,0.594261673137025,0,0
14,2,7,100,8.33135099760487,6.70474085908097,0.732164410183164,275.7,17.0145502479518,4.84151187438489,2.1000000241537,0,21138,1079,17891,0.212563506952923,6.09164706811153,0,0,0,0.590146760615263,0,0
14,2,8,100,8.28926368366414,6.5517991436553,0.725349162297877,276.2,16.8048742728082,4.75761071421265,2.10000001643482,0,21583,862,20721,0.230268881510289,5.8,0,0,0,0.562309557541346,0,0
14,2,9,100,8.32294581753751,6.61646890665037,0.730878679276612,273.4,16.9607035330705,4.82129734317909,2.10000001457104,0,20538,951,19225,0.228736695374866,5.8,0,0,0,0.572753502926055,0,0
14,2,10,100,8.34621843601816,6.63832160168244,0.735636708357479,273.3,16.923955361833,4.82426590469845,2.10000002410311,0,23202,786,22416,0.228280622271541,6.05250644345344,0,0,0,0.593353814921592,0,0
14,2,11,100,8.27744812639243,6.51172611349848,0.715475264084626,267.5,16.7958071180337,4.7482676634305,2.10000008953375,0,21332,677,20259,0.225381323420533,5.8,0,0,0,0.464853633412407,0,0
14,2,12,100,8.36013948556623,6.70253401666833,0.742206564638111,275.3,16.9625422498667,4.8433680323204,2.10000002237928,0,21203,986,18729,0.220214719237187,5.8,0,0,0,0.576518910060869,0,0
14,2,13,100,8.32198761537418,6.62521185604399,0.726918654094849,275.8,16.8828517113242,4.79858873966469,2.10000002187792,0,21490,987,19707,0.224541575551913,5.8,0,0,0,0.571193523283224,0,0
14,2,14,100,8.35076050951805,6.67615417982533,0.734897474424942,274.5,16.966104163107,4.83891177127888,2.10000001536139,0,21193,945,18738,0.219336171128649,5.8,0,0,0,0.57969486331023,0,0
14,2,15,100,8.31532975250131,6.61478555153801,0.723622195529267,274.8,16.8753608162728,4.79265093431895,2.10000002842912,0,21734,1017,20717,0.228690508862239,5.93349836196158,0,0,0,0.582204972216768,0,0
14,2,16,100,8.37687285014342,6.74468790300672,0.738323013227733,275.9,17.0411644829748,4.87556790569418,2.10000001878882,0,21459,1225,19085,0.220929337879195,5.8,0,0,0,0.578938200345991,0,0
14,2,17,100,8.4103722199785,6.81762989206106,0.742416433623322,276.5,17.1450371921239,4.92491179304179,2.10000001835533,0,20281,1058,16384,0.202551962794929,5.89920666770018,0,0,0,0.591944180320613,0,0
14,2,18,100,8.32611662703195,6.58262185081071,0.735620182037146,273.5,16.7730969947758,4.76970344592248,2.10000002155732,0,21281,734,20161,0.228106929909137,5.8,0,0,0,0.580952377724739,0,0
14,2,19,100,8.35791129250802,6.67251479619879,0.737935437850584,273.1,16.9734629700012,4.84517258894843,2.10000002455456,0,22382,807,21575,0.22911395639348,6.0455624806047,0,0,0,0.595347971765899,0,0
14,3,0,100,8.1724155561526,6.48016277252531,0.683082492616741,258.6,17.082595380143,4.76799330784841,2.00000015013484,0,22261,1010,20109,0.203544159130162,5.8,0,0,0,0.450736998382957,0,0
14,3,1,100,8.19909814650699,6.49054377348688,0.681869425994359,258.6,17.0855937780189,4.78437052705806,2.00000015185344,0,22093,696,20927,0.208133130726608,5.8,0,0,0,0.445867308308342,0,0
14,3,2,100,8.1849393394509,6.46223246245828,0.68124780384669,259,17.00465483611,4.75349434636701,2.00000015269063,0,22706,1052,21654,0.211804352614673,5.8,0,0,0,0.444789015548062,0,0
14,3,3,100,8.18002516556735,6.51131989656285,0.686256062223042,257.9,17.1433791241413,4.78943592372338,2.00000015942533,0,21338,1019,18901,0.20042303477876,5.8,0,0,0,0.443891466166709,0,0
14,3,4,100,8.16298849704658,6.41596785106984,0.683051696292491,260.9,16.8765407006063,4.70499193755213,2.00000013231806,0,22260,730,21148,0.20967176908064,5.8,0,0,0,0.443347020902968,0,0
14,3,5,100,8.17312808429905,6.43965619325062,0.682097629863959,260,16.9462323724379,4.7303018033616,2.00000014145701,0,21722,929,20793,0.212370207994611,5.8,0,0,0,0.446945687948118,0,0
14,3,6,100,8.1641993811749,6.43399213018821,0.685937909874546,257.9,17.0243546833847,4.74692450904858,2.00000015907892,0,23445,943,22495,0.211833921774922,5.8,0,0,0,0.447481289020762,0,0
14,3,7,100,8.17930964544562,6.51684244321688,0.687589376088394,256.1,17.1858479551974,4.80088862392077,2.00000018066089,0,22049,1007,18913,0.193947239542442,5.8,0,0,0,0.446518887281877,0,0
14,3,8,100,8.16713075590498,6.42235686851324,0.68295602059563,261.2,16.9117906809138,4.71721045044789,2.00000012727207,0,22585,901,21684,0.212431992207358,5.8,0,0,0,0.440276199736215,0,0
14,3,9,100,8.16274896590226,6.46145647675403,0.677850610730973,256.3,17.0768126741566,4.76074754494273,2.00000017611001,0,21707,1035,20272,0.208955429127308,5.8,0,0,0,0.442930704808243,0,0
14,3,10,100,8.20335163054504,6.46069613215084,0.681822986385272,257.3,17.0801677295598,4.78532591838092,2.00000016782712,0,24100,822,23208,0.210809813352799,5.8,0,0,0,0.444536201378486,0,0
14,3,11,100,8.16721858029506,6.40932503201895,0.687415206969288,258.4,16.887816441042,4.71056899773801,2.00000015850878,0,22285,725,21157,0.211642797124847,5.8,0,0,0,0.44853803177371,0,0
14,3,12,100,8.17578640898084,6.49694505189944,0.688889149989035,257.3,17.1242973753752,4.78160931719385,2.00000016741842,0,22285,1051,19730,0.201834008906542,5.8,0,0,0,0.4425683344371,0,0
14,3,13,100,8.17703208579489,6.46277491015868,0.682545974665632,258.9,17.0166219417277,4.75224632085296,2.00000015173418,0,22445,1005,20650,0.207170769429117,5.8,0,0,0,0.445643773373054,0,0
14,3,14,100,8.17677971045992,6.49325040486017,0.68126522131569,258,17.1099958170213,4.77821251988936,2.00000015827084,0,22285,1029,19733,0.200205998101485,5.8,0,0,0,0.440488685623331,0,0
14,3,15,100,8.17530839502041,6.44676324202425,0.679290300324738,258.6,17.0126055335224,4.75012805721517,2.00000015329329,0,22702,1023,21679,0.21161055915141,5.8,0,0,0,0.443977017384807,0,0
14,3,16,100,8.19553153524154,6.53750644205045,0.686022137275389,257,17.2077762273447,4.81655510365044,2.00000017042601,0,22534,1267,20154,0.203947798477317,5.8,0,0,0,0.444946142149751,0,0
14,3,17,100,8.25107448356243,6.62560069106281,0.691439085936165,255.8,17.3848593670531,4.89912254219762,2.00000018182618,0,22008,1073,17769,0.176026334609436,5.8,0,0,0,0.447396352791078,0,0
14,3,18,100,8.16261049425767,6.41748632810853,0.681109636926006,260.4,16.9071323528913,4.71329985348867,2.0000001393131,0,22287,791,21102,0.209351462735975,5.8,0,0,0,0.447447673487168,0,0
14,3,19,100,8.20611261388898,6.49205785943469,0.682950796420954,257.2,17.1292338934823,4.80069756322061,2.00000016862134,0,23282,861,22357,0.210974939682338,5.8,0,0,0,0.443917470930022,0,0
15,1,0,100,8.66677718403494,6.62679152355867,0.775033773549177,268.1,16.5602897023929,4.90150426267445,2.00000001765682,0,19179,1127,16510,0.210995828529004,5.89922001257669,0,0,0,0.612607162220563,0,0
15,1,1,100,8.70705228088391,6.60444270877779,0.76386653878686,265.4,16.4790668963329,4.90015977204282,2.00000007330982,0,19072,808,17863,0.220992271404273,5.8,0,0,0,0.511685860406703,0,0
15,1,2,100,8.58623974890361,6.55887034760594,0.756354495612905,263.1,16.5109743980253,4.84147664902858,2.00000003680486,0,19909,1152,18690,0.221248606128928,5.8,0,0,0,0.548076854012399,0,0
15,1,3,100,8.47743288568946,6.51993596346158,0.743732535876517,256.4,16.6454181965484,4.81907101771515,2.00000004154333,0,18259,1256,15585,0.210877533841958,5.8,0,0,0,0.535802096063172,0,0
15,1,4,100,8.5339082414963,6.49303032327334,0.747090403978859,264.1,16.3923173476405,4.77743506956148,2.00000009601501,0,20202,870,18950,0.219176495473888,5.8,0,0,0,0.499920396287553,0,0
15,1,5,100,8.5915232543892,6.49342771571902,0.749387302258526,259.5,16.4565349906674,4.82847592255232,2.00000010383144,0,19095,1006,18089,0.223727516133761,5.8,0,0,0,0.502066235572623,0,0
15,1,6,100,8.64375177506976,6.52027458636703,0.76211426582353,262.7,16.4841633819113,4.86600203767406,2.00000008326651,0,20212,1057,19155,0.223494797472537,5.8,0,0,0,0.510519042536725,0,0
15,1,7,100,8.53848612813306,6.56635588535571,0.756564323116632,258.9,16.6595000973748,4.85789222934321,2.00000003948492,0,19246,1157,15763,0.204338561314251,5.8,0,0,0,0.53883402812989,0,0
15,1,8,100,8.49504785088429,6.4465823774655,0.754841311993875,260.1,16.5497845478879,4.80131240017732,2.00000003246817,0,20317,934,19383,0.222877480013071,6.08415247045228,0,0,0,0.606549136162534,0,0
15,1,9,100,8.66721461987927,6.63293671193931,0.770981488101529,269.3,16.5592115593898,4.90147169676651,2.00000001754336,0,18537,1147,16499,0.213166604493442,5.8,0,0,0,0.597684483384174,0,0
15,1,10,100,8.73941433807085,6.61233255390143,0.777836234862448,272.6,16.2870725976683,4.86091339166253,2.00000001730541,0,21014,1131,19380,0.215079646606366,5.8,0,0,0,0.543845402757775,0,0
15,1,11,100,8.50207338998425,6.45454377141231,0.752692304636221,266.7,16.4527078384693,4.77712988269336,2.00000007611163,0,20310,851,19056,0.221901456034713,5.8,0,0,0,0.506246087852663,0,0
15,1,12,100,8.75637955851027,6.65863495209835,0.785939533835832,272.9,16.3155963580983,4.87884616375384,2.00000001574381,0,18737,1398,15835,0.218854518543204,5.8,0,0,0,0.564008816836542,0,0
15,1,13,100,8.54557853327636,6.53153023669273,0.750768239417218,259.9,16.5445079519911,4.82840263418938,2.00000004436936,0,20111,1110,18211,0.218338832700679,5.8,0,0,0,0.526746007687498,0,0
15,1,14,100,8.73084035542182,6.64288379117556,0.775938230096728,274.7,16.3022121616388,4.86068465741196,2.00000001475939,0,19258,1425,16154,0.212246490962943,5.8,0,0,0,0.543720337656721,0,0
15,1,15,100,8.5733401951018,6.55516650579045,0.754953395128692,262.3,16.5289796202901,4.8395557052507,2.00000003875266,0,19817,1118,18551,0.210666150524708,5.8,0,0,0,0.537091962991881,0,0
15,1,16,100,8.74080503943476,6.65552404897735,0.780275753207692,273.5,16.3390044556106,4.87725051307831,2.00000001521755,0,18648,1773,15762,0.219292846831827,5.8,0,0,0,0.540715729956092,0,0
15,1,17,100,8.62826867725384,6.61902233250371,0.77043789920836,264.7,16.5646474678824,4.88102907455146,2.00000002654554,0,18658,1469,14944,0.205767827381963,5.8,0,0,0,0.546287986653114,0,0
15,1,18,100,8.7735505441756,6.67331246256611,0.778808649332473,273.7,16.2579877961925,4.87121108004396,2.00000001763885,0,19433,1059,17328,0.201272637578242,5.8,0,0,0,0.556877419388502,0,0
15,1,19,100,8.74859897412799,6.64900095040881,0.779201191496505,272.7,16.3355713676865,4.88048886201955,2.00000001673834,0,20305,1210,18795,0.221642116960293,5.8,0,0,0,0.551316307420119,0,0
15,2,0,100,8.47133291155702,6.48140745247669,0.75736852587044,252.4,16.7189658490273,4.83714419310292,2.10000000226705,0,20023,1113,17759,0.226758509592747,6.0607224085539,0,0,0,0.604225005299402,0,0
15,2,1,100,8.45024508738989,6.46079044912935,0.736546589152845,245,16.6803462723068,4.81403934359274,2.10000027355238,0,19779,755,18639,0.229061100339058,5.82216702779685,0,0,0,0.489209425583403,0,0
15,2,2,100,8.42474911950348,6.41997710991001,0.740126573501324,246.1,16.6348655654079,4.786426769874,2.10000008062366,0,20440,1208,19232,0.236559332772213,5.8,0,0,0,0.54843122693063,0,0
15,2,3,100,8.41511145769921,6.4502167316173,0.73848408839746,244,16.7313139249832,4.8086013093882,2.10000006595874,0,18519,1182,15886,0.228152964727677,5.8,0,0,0,0.546230660665728,0,0
15,2,4,100,8.45571973319754,6.39185814713309,0.735056660207504,248.1,16.4668237953479,4.75530561855235,2.10000022887789,0,20026,799,18825,0.232759710035093,5.8,0,0,0,0.480673648290588,0,0
15,2,5,100,8.43890336085611,6.39372873340492,0.733571742299088,247,16.5556553542926,4.77147772402671,2.10000024367503,0,19372,1007,18365,0.234493668765201,5.8,0,0,0,0.486870933952476,0,0
15,2,6,100,8.43633672777705,6.40158453224428,0.740602357867341,246.1,16.6311034440923,4.79177515787895,2.10000024656449,0,21046,1020,20026,0.230642251964401,5.8,0,0,0,0.491344646911325,0,0
15,2,7,100,8.43619963954334,6.48250466139636,0.748476615184417,247.9,16.7525222149973,4.82672658104866,2.1000000551104,0,19136,1184,15784,0.22331228208179,5.8,0,0,0,0.567198844897602,0,0
15,2,8,100,8.36689073646395,6.30948527490909,0.742533529718687,244.5,16.6213163751477,4.74966316210605,2.10000002983645,0,20566,994,19572,0.239152275441931,6.08790894909072,0,0,0,0.586327535022742,0,0
15,2,9,100,8.46357433108709,6.47326904187214,0.753012358884933,252.4,16.7172837854017,4.83225631908831,2.10000000777939,0,19382,1127,17893,0.23124105810828,6.0726270149969,0,0,0,0.599394938309128,0,0
15,2,10,100,8.55464411123389,6.5072369424143,0.754353607505613,253.4,16.5805275998982,4.8442806491771,2.10000004982771,0,21205,957,19472,0.223894243469917,5.8,0,0,0,0.552907224130174,0,0
15,2,11,100,8.42131524000139,6.3267321993878,0.741059484953515,245.6,16.5433762671082,4.75805990611316,2.10000023114583,0,20253,780,19077,0.235461865864191,5.8,0,0,0,0.492665239868863,0,0
15,2,12,100,8.55881657190603,6.55356578086701,0.762625280489801,255.3,16.5959191474211,4.85103738646334,2.10000004038261,0,19389,1245,16292,0.225042754366443,5.8,0,0,0,0.584732914732391,0,0
15,2,13,100,8.42178506902647,6.42257467803566,0.740743538783274,246.8,16.6404662980698,4.78624938204432,2.10000007078668,0,20080,1146,18138,0.233982872764425,5.8,0,0,0,0.578016175421245,0,0
15,2,14,100,8.5369646322098,6.52959541878204,0.753643967159682,254.6,16.6058567676573,4.84168196840127,2.10000004534652,0,19422,1224,16401,0.222678107215894,5.8,0,0,0,0.557041565825541,0,0
15,2,15,100,8.41152026039708,6.41472232736696,0.738865801589943,246.4,16.6407245935337,4.78051227849399,2.10000007291433,0,20290,1181,19109,0.237889571504235,5.8,0,0,0,0.571272410995982,0,0
15,2,16,100,8.561543112917,6.55485931724797,0.75879309200133,255.7,16.6273899633418,4.86183668156876,2.1000000380966,0,19357,1502,16339,0.227189185863838,5.8,0,0,0,0.564588967913289,0,0
15,2,17,100,8.57652707008643,6.58233026613905,0.76508004191095,254.6,16.6965212133187,4.89062372053889,2.10000003621622,0,18156,1312,14593,0.222212582282266,5.8,0,0,0,0.558840290595947,0,0
15,2,18,100,8.49901762165024,6.4866532209481,0.75439134952156,253,16.4874021147352,4.78572112426064,2.10000005532629,0,19864,869,18609,0.222893873214169,5.8,0,0,0,0.584251235015311,0,0
15,2,19,100,8.55925150695829,6.54300484271632,0.756833722641722,253.5,16.6340150152412,4.86251088471845,2.10000004834524,0,20468,999,18992,0.230655279103775,5.8,0,0,0,0.562738647440729,0,0
15,3,0,100,8.20988149623791,6.20771764085606,0.690696616180907,227.3,16.9551122899052,4.75401404329884,2.00000067988015,0,20821,1010,18669,0.21119503135991,5.8,0,0,0,0.452788933137496,0,0
15,3,1,100,8.21065688543616,6.20151320580014,0.690295201672483,225.8,16.9522231855789,4.7536466247669,2.00000073775163,0,20812,696,19715,0.217100536540377,5.8,0,0,0,0.448454672589493,0,0
15,3,2,100,8.22893416115544,6.18577104687802,0.689949804843796,227.8,16.8763667298946,4.74289847472142,2.00000068877819,0,21256,1052,20204,0.219398108648589,5.8,0,0,0,0.447551027988828,0,0
15,3,3,100,8.2197162629032,6.24153595227437,0.69403677347435,226.4,17.0158778361446,4.77678923662565,2.00000071956185,0,19907,1019,17470,0.208209905974071,5.8,0,0,0,0.446108881819042,0,0
15,3,4,100,8.20847861815104,6.14511335946247,0.690833364908958,230.7,16.7430255930147,4.69368393991495,2.00000055606688,0,20813,730,19701,0.217011929775542,5.8,0,0,0,0.445627528317294,0,0
15,3,5,100,8.21483954281399,6.17033160121052,0.690115684844797,230.1,16.8115198191832,4.71655149738817,2.00000059089302,0,20278,929,19349,0.220123687245179,5.8,0,0,0,0.449237594682266,0,0
15,3,6,100,8.20030664383151,6.15541524050998,0.694176337615682,226.5,16.8938626886228,4.73128401230204,2.00000072056014,0,22028,943,21085,0.219523046357716,5.8,0,0,0,0.449908862034964,0,0
15,3,7,100,8.22067578808896,6.24779583766532,0.695824698819586,224.7,17.0584008622444,4.7892937478203,2.0000008100219,0,20602,1007,17466,0.201133386701479,5.8,0,0,0,0.448884209391543,0,0
15,3,8,100,8.21019831363956,6.15253902703253,0.690451203964005,230.9,16.7782966767062,4.70455599271436,2.00000053486951,0,21137,901,20236,0.219874538290497,5.8,0,0,0,0.442329369840631,0,0
15,3,9,100,8.20731827872861,6.18726203564395,0.686546749857436,225.1,16.9495407626272,4.75097389112484,2.0000007897969,0,20252,1035,18817,0.2166637238893,5.8,0,0,0,0.445486345717423,0,0
15,3,10,100,8.21928566858055,6.17025141826322,0.690690232397349,224.6,16.9471380369057,4.75720839009223,2.00000081454618,0,22808,822,21986,0.218809571871447,5.8,0,0,0,0.44756419796505,0,0
15,3,11,100,8.21838557029336,6.13658415098396,0.696164586910628,228.5,16.7538420629905,4.70237885832033,2.0000006645555,0,20816,725,19688,0.21912323958656,5.8,0,0,0,0.451427338128013,0,0
15,3,12,100,8.21743658370215,6.22648840114284,0.696964878698545,225.9,16.9977397494555,4.77035615943789,2.00000075067055,0,20831,1051,18276,0.209150019723492,5.8,0,0,0,0.444945611235808,0,0
15,3,13,100,8.22674509226441,6.19719289147604,0.690738700290746,228.9,16.8841256034422,4.7438118195327,2.00000063762593,0,20981,1005,19186,0.214183889503567,5.8,0,0,0,0.448217453201219,0,0
15,3,14,100,8.21842542553606,6.22232282857273,0.68930084513574,226.8,16.9833246838655,4.76690049333586,2.00000071193483,0,20833,1029,18281,0.207477367783007,5.8,0,0,0,0.442792475252555,0,0
15,3,15,100,8.21890977221172,6.17085653128464,0.687358768483774,227,16.885376680227,4.73965573493917,2.00000069832765,0,21257,1023,20234,0.219148637412169,5.8,0,0,0,0.446357424533988,0,0
15,3,16,100,8.24167620650669,6.27095002544136,0.694274044515437,225.7,17.0823326486366,4.80826937345012,2.00000076480183,0,21069,1267,18689,0.211006930290676,5.8,0,0,0,0.44737718454186,0,0
15,3,17,100,8.26611661807219,6.34993373041716,0.700073197504463,223.3,17.2531603721822,4.87080357302301,2.00000088004492,0,20700,1073,16525,0.18399545757481,5.8,0,0,0,0.4500689047651,0,0
15,3,18,100,8.19956985257869,6.13715436537914,0.689285738336127,229.2,16.7775250325821,4.69825637807466,2.0000006271855,0,20860,791,19677,0.217315370330101,5.8,0,0,0,0.449882053122626,0,0
15,3,19,100,8.21906474930848,6.20477766384667,0.691680358231452,224.5,16.9969386102689,4.77106938173653,2.00000081266546,0,21979,861,21118,0.219338233499324,5.8,0,0,0,0.446625765102075,0,0
16,1,0,100,8.07396166629584,5.25951757836125,0.574632524802401,303.2,13.6063580287293,3.75182791212913,2.00000000218063,0,19290,1222,16408,0.158963870735072,5.8,0,0,0,0.531829865785136,0,0
16,1,1,100,8.17625457499922,5.28303511955558,0.577725715841823,304.5,13.5307347096895,3.77824504617964,2.00000000681689,0,19174,745,17899,0.175432518512001,5.8,0,0,0,0.427945591796335,0,0
16,1,2,100,7.93555605871214,5.12779723147585,0.550818444329319,283.8,13.7299107807954,3.72112319639614,2.000000009058,0,20003,1082,18826,0.17801711540179,5.8,0,0,0,0.449836868695563,0,0
16,1,3,100,7.82842583820003,5.09035806152936,0.539198889652308,273.9,13.8634650162114,3.70660938674349,2.00000001223339,0,19058,1116,16486,0.16339852269802,5.8,0,0,0,0.445889475075797,0,0
16,1,4,100,7.86394100800699,5.03484307357412,0.538987539389393,276.3,13.6835711838411,3.67502349874271,2.000000036301,0,20066,731,18997,0.180210037582105,5.8,0,0,0,0.414875163523512,0,0
16,1,5,100,8.14632819658397,5.20219630219966,0.57473984315557,302,13.4646455461969,3.74602363252063,2.00000000752618,0,19595,1049,18200,0.179528353065278,5.8,0,0,0,0.434680444341178,0,0
16,1,6,100,8.13729309943723,5.21140959233094,0.575276867461472,301.8,13.5042355483641,3.75285575675832,2.00000000765885,0,20615,1107,19347,0.180343930855068,5.8,0,0,0,0.428131685729071,0,0
16,1,7,100,7.91069036836277,5.15037264986912,0.549147630558051,283.1,13.7939485693588,3.72674836051684,2.00000000865577,0,18074,999,15594,0.159117677880546,5.8,0,0,0,0.44999111526039,0,0
16,1,8,100,7.8645745755247,5.03955058062825,0.552784355279609,278.9,13.7474599213512,3.69253962086671,2.00000000917726,0,20511,914,19597,0.179649314849009,5.8,0,0,0,0.530848103766435,0,0
16,1,9,100,8.0674227801729,5.24841575250333,0.571875611469507,300.5,13.639598838325,3.7580124310908,2.00000000246405,0,19188,1278,16748,0.158626590527265,5.8,0,0,0,0.508269132985899,0,0
16,1,10,100,8.11632402593963,5.23357885952885,0.576730714120386,305.1,13.4526774911115,3.72883696408919,2.00000000238811,0,20803,1168,19063,0.174173160801846,5.8,0,0,0,0.469486181041876,0,0
16,1,11,100,7.83252492356546,4.98608083018939,0.547271443495498,272.9,13.7381143105266,3.67500299800896,2.00000003713001,0,20281,713,19233,0.180653171612952,5.8,0,0,0,0.430583985378679,0,0
16,1,12,100,8.13287004164512,5.27413299141319,0.580392560998688,306.1,13.4570338661954,3.73766455264733,2.00000000229704,0,18752,1452,15816,0.166657736320201,5.74457540829526,0,0,0,0.487780001179798,0,0
16,1,13,100,7.93845775048644,5.12231029378755,0.551111882166527,284.2,13.7122387916722,3.71760331841954,2.00000000903776,0,19677,1021,17941,0.177767823088782,5.8,0,0,0,0.472489004281144,0,0
16,1,14,100,8.11388051703314,5.26123950398832,0.574031364134996,306.6,13.4561991215479,3.7287072669318,2.0000000022012,0,18581,1429,15848,0.165166120445409,5.8,0,0,0,0.47641210805745,0,0
16,1,15,100,7.92164987823977,5.13143413032566,0.549502440279068,284.1,13.7406828045816,3.71744984298058,2.0000000085297,0,19972,1067,18724,0.16723694679552,5.8,0,0,0,0.468709936741409,0,0
16,1,16,100,8.1180620702653,5.26477148209848,0.578435256155935,305.3,13.4884495760942,3.73957618716896,2.00000000227283,0,19034,1819,16109,0.169877908241961,5.8,0,0,0,0.480656950520627,0,0
16,1,17,100,7.96685627180714,5.18919022474444,0.55993865755874,284.6,13.800618659154,3.7550474517805,2.00000000730654,0,18709,1302,14954,0.15000426710606,5.8,0,0,0,0.449452140789345,0,0
16,1,18,100,8.14131391004848,5.27855575057943,0.579657641866887,306,13.4394166015259,3.73660753024862,2.00000000242551,0,18690,982,16906,0.155982211361961,5.8,0,0,0,0.506198487935438,0,0
16,1,19,100,8.11687828591284,5.263653784168,0.579580904737929,305,13.4968184161718,3.74133118730131,2.00000000238776,0,20011,1168,18499,0.180364381626016,5.8,0,0,0,0.479091851850078,0,0
16,2,0,100,7.84519260746187,5.05182566536667,0.551096014911022,269,13.8814451680235,3.71960226132113,2.1000000103088,0,19171,937,17901,0.184625155416026,5.97214866157174,0,0,0,0.528457880310136,0,0
16,2,1,100,7.83691826956565,5.03465009714099,0.542208786408431,262.1,13.8793212754504,3.71507365650412,2.10000007069732,0,19803,625,18808,0.190699651217499,5.8,0,0,0,0.416660762128118,0,0
16,2,2,100,7.81330088541755,4.98840766122775,0.542711202409975,261.9,13.8405486074635,3.69353341195014,2.10000002022196,0,20370,1035,19335,0.199321851601082,5.8,0,0,0,0.503304046723245,0,0
16,2,3,100,7.79539194905262,5.0264151088767,0.536984337154072,260.7,13.915204515521,3.70493118781752,2.10000001862272,0,19262,972,16698,0.180729583125734,5.8,0,0,0,0.480896162505206,0,0
16,2,4,100,7.86141198638649,4.98142506832328,0.538789459274406,265.7,13.7028621224694,3.67922630318331,2.10000005914026,0,19962,676,18938,0.194292645475711,5.8,0,0,0,0.403173921804792,0,0
16,2,5,100,7.8407058365044,4.97870274616685,0.543873247119545,263,13.7781977229756,3.68974310412267,2.10000006599216,0,20012,822,18826,0.193994002068153,5.8,0,0,0,0.425874489446027,0,0
16,2,6,100,7.83313625136736,4.98324108729083,0.544553679252823,262.4,13.8129016271813,3.69542957801101,2.10000006767507,0,21099,856,20243,0.195128172433058,5.8,0,0,0,0.420262228938657,0,0
16,2,7,100,7.81059124247634,5.05584915794905,0.544320030364003,264.1,13.9161028112807,3.7123642854406,2.10000001597064,0,19180,993,16237,0.177759459790626,5.8,0,0,0,0.500599155256402,0,0
16,2,8,100,7.7719842648966,4.90738683568176,0.547369661150571,258.5,13.8123550187074,3.66649153815438,2.10000001466187,0,20546,888,19658,0.20026859200691,5.98003431973351,0,0,0,0.534143208187099,0,0
16,2,9,100,7.83935497128852,5.03796067891856,0.549988223392713,267.6,13.8922722191045,3.71971001185147,2.10000000958246,0,19782,941,18386,0.187895860682423,5.97224628113819,0,0,0,0.526751346880175,0,0
16,2,10,100,7.89806794310647,5.07819555512277,0.554453419987898,272,13.7945527242748,3.72118533111581,2.10000001217168,0,21491,831,20402,0.185303322048718,5.8,0,0,0,0.489285095606855,0,0
16,2,11,100,7.80714868204795,4.89674746243322,0.546440119612885,256.8,13.7811360840256,3.67474213940962,2.10000007004987,0,19934,591,19248,0.196870626982908,5.8,0,0,0,0.422967881826311,0,0
16,2,12,100,7.91804080233864,5.11901972475605,0.559977508064283,274,13.8022824601411,3.73261908373187,2.10000001126878,0,19082,1066,16693,0.180835849602027,5.8,0,0,0,0.524073949084721,0,0
16,2,13,100,7.80789658108543,4.99331963591417,0.542507885939022,262.1,13.8368498679385,3.69000652786427,2.10000002036793,0,19982,988,18297,0.193635052770117,5.8,0,0,0,0.50814452776673,0,0
16,2,14,100,7.91058922611469,5.10430491392693,0.553677541823351,273.6,13.8004027581342,3.72865589782143,2.10000001100559,0,19345,1042,16773,0.179644276248506,5.8,0,0,0,0.502856232652777,0,0
16,2,15,100,7.79423167698708,4.98549265630993,0.538818573252297,261.9,13.8447462450359,3.68565129185196,2.10000001973992,0,20371,1038,19333,0.198966313410524,5.8,0,0,0,0.486713822406163,0,0
16,2,16,100,7.93576209250012,5.12537905543729,0.559259154743913,274.5,13.8186363822701,3.74546700645828,2.10000001006506,0,19029,1302,16515,0.183927617872883,5.8,0,0,0,0.495989314010188,0,0
16,2,17,100,7.94922404673273,5.15410889476778,0.562376901196143,274.4,13.8711597234652,3.76601632186387,2.10000000952516,0,18683,1136,15145,0.165089983058378,5.8,0,0,0,0.49370447145368,0,0
16,2,18,100,7.8832554903787,5.05231155832761,0.554800046418856,271.8,13.7132454532248,3.69231017770966,2.1000000138381,0,19733,735,18640,0.18731798239027,5.8,0,0,0,0.515273787626787,0,0
16,2,19,100,7.91316676255681,5.10794304052421,0.559447109762691,272.3,13.8409422907809,3.74082614263899,2.10000001208198,0,20623,853,19532,0.192237411356479,5.8,0,0,0,0.502792266350978,0,0
16,3,0,100,7.60425146789299,4.78473634675685,0.475834366692614,231,14.0612250026534,3.65191510569712,2.00000039965528,0,20698,811,18817,0.171261196945106,5.8,0,0,0,0.368082839047141,0,0
16,3,1,100,7.60678066239512,4.76907771367691,0.478064786873206,227.1,14.0963874496915,3.66226338044697,2.00000050745155,0,20625,543,19728,0.179509741630769,5.8,0,0,0,0.370204503526834,0,0
16,3,2,100,7.62318392184116,4.75792727745658,0.478124909665573,230.4,14.0114444553186,3.648042976588,2.00000042421175,0,21245,868,20377,0.182259867888528,5.8,0,0,0,0.365059624932488,0,0
16,3,3,100,7.6026223279064,4.80497572064606,0.479341715216584,229,14.124803696778,3.6676650400652,2.00000045334252,0,20198,802,17940,0.163177918781896,5.8,0,0,0,0.365987692324509,0,0
16,3,4,100,7.6157902667698,4.72642669567364,0.477863494862425,232.4,13.9063735969736,3.61714278603186,2.00000036329914,0,20780,580,19862,0.179954769855615,5.8,0,0,0,0.365164372902886,0,0
16,3,5,100,7.61756252619341,4.74398103088918,0.483144395532351,231.4,13.9689521033057,3.63427643892879,2.00000039653662,0,20890,740,19804,0.180410324883854,5.8,0,0,0,0.383151993911781,0,0
16,3,6,100,7.60342695818122,4.74163495873326,0.481193442160813,230.5,14.0034700613798,3.63649335220311,2.00000041681062,0,22008,764,21244,0.183752240074473,5.8,0,0,0,0.373324837381254,0,0
16,3,7,100,7.60202927381231,4.81603257481849,0.480065594683204,228.9,14.1412795878299,3.67165525327809,2.00000046714331,0,19871,805,17585,0.159104300748264,5.8,0,0,0,0.371829076243955,0,0
16,3,8,100,7.61572801501599,4.72926895145894,0.482140333787529,232.1,13.9362794583407,3.62489242199032,2.0000003558664,0,21146,748,20398,0.183466511961705,5.8,0,0,0,0.38359632514819,0,0
16,3,9,100,7.5954205058526,4.76136305804053,0.471887994916604,228,14.067319037404,3.64926598823028,2.0000004938471,0,20593,820,19316,0.174752269331597,5.8,0,0,0,0.361015600772182,0,0
16,3,10,100,7.6159635450307,4.74137222113965,0.477641732848331,227.6,14.0628850951469,3.65795884272413,2.00000049654363,0,22736,664,22071,0.184092984623306,5.8,0,0,0,0.367424461052671,0,0
16,3,11,100,7.62062341664163,4.72215501136954,0.484936017270013,230.5,13.9123109696103,3.6209784764077,2.00000043598868,0,20811,596,19880,0.181131221480138,5.8,0,0,0,0.375094674113288,0,0
16,3,12,100,7.60474002572844,4.79836233890552,0.481725834358589,230,14.0948010967079,3.66087507614711,2.00000044022693,0,20587,858,18417,0.167973248835453,5.74457540829526,0,0,0,0.371987304663684,0,0
16,3,13,100,7.62351445217322,4.77077807432384,0.481121001905746,232.2,14.0091787285446,3.64760261221046,2.00000038430005,0,20884,828,19341,0.17575536186656,5.8,0,0,0,0.380172836322405,0,0
16,3,14,100,7.61237031332933,4.79506690375008,0.477084101352102,230.6,14.0835608077196,3.66164071835617,2.00000041427927,0,20351,836,18408,0.167156130841586,5.8,0,0,0,0.370713011772778,0,0
16,3,15,100,7.61058312747159,4.74609535691973,0.475075034358829,229.6,14.0215473969015,3.64464441814046,2.000000441662,0,21207,816,20391,0.182367584980479,5.8,0,0,0,0.36579496490637,0,0
16,3,16,100,7.62089186223831,4.82551010041013,0.48231311219216,229.5,14.1648361198964,3.68690489148809,2.00000044762646,0,20891,1036,18858,0.171457892698544,5.8,0,0,0,0.381140732449503,0,0
16,3,17,100,7.62978174563849,4.89000630343264,0.482650358426249,227.4,14.3200135155437,3.7316718654113,2.00000052240466,0,20969,890,16850,0.134468553344778,5.8,0,0,0,0.367326279701204,0,0
16,3,18,100,7.60818820836505,4.72732116238837,0.477846051365516,232,13.928152370058,3.61919047776134,2.00000038828125,0,20582,639,19831,0.179907189767461,5.8,0,0,0,0.372299528016468,0,0
16,3,19,100,7.61280730374358,4.77073309048432,0.481081162593178,227.2,14.1131517897657,3.66952090301424,2.00000051781001,0,21855,688,21166,0.183780796606304,5.8,0,0,0,0.378045351646729,0,0
17,1,0,100,9.55741525490729,8.50243844056765,0.939957103380243,278.6,19.3270407865997,6.30807303030536,2.00000002099591,0,21349,1288,18645,0.241953508872796,6.59177529759922,0,0,0,0.662657902190396,0,0
17,1,1,100,9.47371993167183,8.41831759165727,0.919119189366061,269.6,19.3626559983617,6.26438192774295,2.00000007109941,0,22310,889,20948,0.246676607946208,5.8,0,0,0,0.551339117692001,0,0
17,1,2,100,9.4979679821156,8.40335197678911,0.922071927007468,273.1,19.2538383150777,6.24505449986253,2.00000005058121,0,22821,1348,21473,0.248304864401561,5.8,0,0,0,0.618185730856779,0,0
17,1,3,100,9.3519200090979,8.29318621702339,0.907504755198943,266.1,19.394125053993,6.19385450851928,2.00000008281927,0,22087,1370,18994,0.241736400432789,5.8,0,0,0,0.616727760228499,0,0
17,1,4,100,9.28279245206293,8.13891965173313,0.901028490593118,257.6,19.3191710004953,6.12436616958604,2.00000017129639,0,22365,834,21531,0.249655245902338,5.8,0,0,0,0.549720375212497,0,0
17,1,5,100,9.42089699457605,8.29283246239003,0.913375645084583,267.6,19.2927075588801,6.20690884416791,2.00000007378435,0,21882,1123,20759,0.252055857632903,5.8,0,0,0,0.563719698161973,0,0
17,1,6,100,9.41836456783008,8.33508107332274,0.922382492874957,267.2,19.4063596871219,6.24180878053694,2.00000007563017,0,23402,1190,22204,0.247346941181674,5.8,0,0,0,0.560905628609383,0,0
17,1,7,100,9.47539486697612,8.3892171954213,0.924665771788401,270.9,19.3607654076244,6.26496094666284,2.00000005678987,0,21640,1425,18103,0.24229125712004,5.8,0,0,0,0.585766221267434,0,0
17,1,8,100,9.42144312139108,8.31266302493865,0.92274056765203,275.1,19.2721978499431,6.20063052225703,2.0000000309816,0,23093,1112,21981,0.245556196554128,6.56725237324331,0,0,0,0.646609962738281,0,0
17,1,9,100,9.55034707172934,8.50021524398602,0.935224264844359,278.5,19.3209500419235,6.30148345414685,2.00000002308684,0,21441,1307,19135,0.23914957283745,6.56072084672032,0,0,0,0.658649310310965,0,0
17,1,10,100,9.60767799210048,8.49588628380248,0.937733837004864,281.1,19.0977069683459,6.26580348236445,2.00000002480874,0,22688,1125,20965,0.247094997475245,5.8,0,0,0,0.625892880101724,0,0
17,1,11,100,9.27372977468247,8.10916217025738,0.900684368045172,258.4,19.3724925564721,6.13536645854135,2.00000020693619,0,22498,834,21664,0.246764865237957,5.8,0,0,0,0.521488422067805,0,0
17,1,12,100,9.62150092162713,8.53817441669469,0.942330482122922,282.9,19.0506929561724,6.25950287316239,2.00000002129593,0,20438,1500,17563,0.254813863144305,6.40968521563982,0,0,0,0.651274255801278,0,0
17,1,13,100,9.49467482680621,8.40206522601534,0.921905372414186,275.1,19.2237420340302,6.23318956762207,2.00000004577407,0,21857,1303,20100,0.250922606607412,5.8,0,0,0,0.605417220664664,0,0
17,1,14,100,9.60224088732554,8.51142527225407,0.935120317288653,282.4,19.0727793996817,6.25412431649217,2.00000002260163,0,19594,1471,17202,0.257024009327375,5.8,0,0,0,0.633214687189341,0,0
17,1,15,100,9.47724152155689,8.39913369452088,0.920702981707484,273.3,19.262197445471,6.23413222448954,2.00000005037998,0,22806,1327,21479,0.245930726021866,5.8,0,0,0,0.61464561382997,0,0
17,1,16,100,9.6073318470005,8.52224678801401,0.935995921646982,282.4,19.0793614154383,6.25970832360885,2.00000002314073,0,20686,1841,17904,0.255146440199795,5.8,0,0,0,0.600941398168963,0,0
17,1,17,100,9.50630944771349,8.44802468850174,0.926986817005221,269.9,19.3941819676664,6.29614840363247,2.0000000545092,0,22289,1555,17793,0.233845213302088,5.8,0,0,0,0.602150321762759,0,0
17,1,18,100,9.58736254073526,8.54378046944653,0.941309510476999,280.2,19.0760443520399,6.24562268297408,2.0000000248998,0,20461,967,19049,0.240016335456833,6.80091682566977,0,0,0,0.667339290062263,0,0
17,1,19,100,9.62639662911142,8.53034117443566,0.939266768952186,280.9,19.1360920694848,6.29065287909962,2.00000002441641,0,21874,1178,20489,0.254718232752249,5.8,0,0,0,0.64022287354313,0,0
17,2,0,100,9.31684166308565,8.18941170196177,0.938727690699975,258.1,19.6266801851921,6.24497975040898,1.32014307746761,0,21488,1070,19487,0.269338075470119,6.56467040842602,0,0,0,0.652132138597943,0,0
17,2,1,100,9.27097846270906,8.16876547677823,0.900025500176908,249.6,19.5805487936609,6.199644812486,2.10000022110194,0,22722,754,21499,0.259419481270603,5.8,0,0,0,0.53462394795684,0,0
17,2,2,100,9.31629381985689,8.21683256373359,0.902722605491578,259.2,19.4329928281093,6.18302649746562,2.10000007607528,0,23204,1297,21907,0.261110631142044,7,0,0,0,0.653562124825491,0,0
17,2,3,100,9.31968151508782,8.24374260731586,0.908088540892229,259.5,19.4964278626951,6.20546119535551,2.10000007222686,0,21838,1383,18734,0.256742518547746,7,0,0,0,0.652583764687564,0,0
17,2,4,100,9.23942081274529,8.0663997677129,0.898316394562139,250.1,19.3522405703721,6.10645215529109,2.10000021365704,0,21998,793,21205,0.263057156350707,5.8,0,0,0,0.543595248259424,0,0
17,2,5,100,9.25036144896049,8.08545318410552,0.89649980334522,249.6,19.4700391058365,6.15087670336068,2.10000021945223,0,22162,978,21184,0.261531129816363,5.8,0,0,0,0.542602609124221,0,0
17,2,6,100,9.24856448322429,8.12301182272154,0.904787610381327,249.4,19.58795855047,6.18693289079472,2.10000022359577,0,23795,1031,22764,0.258578075083168,5.8,0,0,0,0.539513869554069,0,0
17,2,7,100,9.3289610103021,8.25593931689678,0.911096099377178,258.7,19.5555926161362,6.23045766161906,2.10000007704355,0,21924,1398,18417,0.255000635078743,7,0,0,0,0.654823912609221,0,0
17,2,8,100,9.26410079077055,8.09303936029465,0.905992409692621,259.2,19.4190513420188,6.14396758713711,2.00800973099479,0,23177,1029,22148,0.261819277814746,6.55167127750276,0,0,0,0.638859720390154,0,0
17,2,9,100,9.30828023309993,8.1679452537868,0.920831777834004,257.6,19.6025654025242,6.23161708476532,1.7088668561139,0,21584,1102,20024,0.269153379378826,6.54609711686173,0,0,0,0.64936944935455,0,0
17,2,10,100,9.34957531781984,8.26774905125807,0.914980952264994,257.8,19.5592505591976,6.24543405696523,2.10000007498365,0,24209,992,23186,0.248624084650481,7,0,0,0,0.657249809072117,0,0
17,2,11,100,9.2685309398455,8.09898675603878,0.89612654329992,252.4,19.3421949111284,6.12250577095915,2.10000022832185,0,22201,850,21351,0.260628194030019,5.8,0,0,0,0.511435451032662,0,0
17,2,12,100,9.35446365818227,8.29559298860005,0.922876330798786,259.6,19.5632178691873,6.24984631272009,2.10000004596623,0,21790,1212,19244,0.259368398444608,7,0,0,0,0.661769202731311,0,0
17,2,13,100,9.30210424162238,8.2086315640611,0.905961076636801,259.4,19.4515156035015,6.17940300813084,2.10000005546385,0,22228,1244,20508,0.263171244413665,7,0,0,0,0.65801356228041,0,0
17,2,14,100,9.35068603641897,8.27518059187788,0.915515016310844,258.6,19.5564218459624,6.24528374086436,2.10000006793814,0,21006,1195,18891,0.261005899122001,7,0,0,0,0.657075804176015,0,0
17,2,15,100,9.2979988292372,8.20013494346623,0.90235659987709,259.2,19.4490036828992,6.17583463020112,2.10000003368884,0,23131,1253,21878,0.262197504117783,7,0,0,0,0.654402655997219,0,0
17,2,16,100,9.38691200867966,8.31760808273775,0.917073639924953,258.6,19.6171724136768,6.28890025993139,2.10000006131986,0,21691,1491,18734,0.260540828872112,7,0,0,0,0.657998942050563,0,0
17,2,17,100,9.41298700384417,8.34964357024333,0.924153431029546,257.7,19.6732674848965,6.32439086188358,2.10000007385565,0,21694,1347,17366,0.250315173297352,7,0,0,0,0.664902837237743,0,0
17,2,18,100,9.29338673021539,8.17128964461069,0.916532352264933,257.3,19.3587816772748,6.14422163878193,2.10000007505414,0,21725,874,20851,0.265714742042075,7,0,0,0,0.660968448864234,0,0
17,2,19,100,9.36605093267766,8.29135418170776,0.918160799200668,257.6,19.5883254142785,6.26575604048602,2.10000007877272,0,23402,1006,22396,0.25755153620914,7,0,0,0,0.66590137910176,0,0
17,3,0,100,9.16941936972154,8.024677475487,0.870806265193527,251.1,19.8403315324857,6.21299663156431,2.00000022822644,0,21743,1068,19744,0.242861831285967,5.8,0,0,0,0.494316608409905,0,0
17,3,1,100,9.17467516734015,8.02658687670748,0.868820415576691,251.1,19.7987140146137,6.20349339081423,2.00000022834593,0,22376,749,21147,0.243581927378552,5.8,0,0,0,0.485856331125283,0,0
17,3,2,100,9.18237065866635,7.99754024006096,0.866287030094191,249.5,19.7562595665634,6.19538440949461,2.00000024974179,0,22763,1111,21637,0.244632274073758,5.8,0,0,0,0.490309615151858,0,0
17,3,3,100,9.18034636182338,8.06195726915153,0.873004881853942,250,19.9030507740716,6.24009030908686,2.00000024174403,0,21692,1092,18861,0.237568951300176,5.8,0,0,0,0.48882168718175,0,0
17,3,4,100,9.14572356967045,7.94452765475742,0.866548445460599,254,19.5569190799647,6.10832274787835,2.00000019017614,0,21539,792,20734,0.24755854679801,5.8,0,0,0,0.490969207465,0,0
17,3,5,100,9.16240530596045,7.97025628938757,0.866450935949518,252.2,19.6712599285656,6.15527678575502,2.00000021374899,0,21721,966,20741,0.246643417640337,5.8,0,0,0,0.493820420037747,0,0
17,3,6,100,9.15573249996766,7.99185488507618,0.875061867278317,250,19.8004177902594,6.19121391048793,2.00000024393455,0,23401,1009,22376,0.244720165773044,5.8,0,0,0,0.494072283391212,0,0
17,3,7,100,9.18451167539862,8.0581359130852,0.875646962072148,246.7,19.9740938991634,6.26522780920032,2.00000029263674,0,21805,1071,18604,0.235532432719334,5.8,0,0,0,0.494009739626523,0,0
17,3,8,100,9.15312345198503,7.95372282673752,0.865359536165388,253.6,19.6372142991108,6.13837998620358,2.00000019564072,0,22564,944,21606,0.245304832735595,5.8,0,0,0,0.485493352966635,0,0
17,3,9,100,9.16650081386452,7.9966208686882,0.865612904394361,248.6,19.8117959799803,6.20208344281229,2.00000026550163,0,21872,1112,20269,0.244117558541178,5.8,0,0,0,0.490434614424193,0,0
17,3,10,100,9.1754170849286,8.00243554304545,0.867571474500844,248,19.8711429997372,6.22671389463073,2.00000027640556,0,24250,860,23373,0.24286555020144,5.8,0,0,0,0.485506806703591,0,0
17,3,11,100,9.1593313447823,7.94585535798242,0.87171867377503,251.5,19.5800467080313,6.1246413408627,2.00000022382756,0,21685,795,20877,0.247985268074092,5.8,0,0,0,0.489043394713285,0,0
17,3,12,100,9.18000744630492,8.04532128757888,0.874961309377183,249.2,19.8915298710505,6.23623010719341,2.00000025243787,0,21892,1117,19384,0.240681014438842,5.8,0,0,0,0.488976098463239,0,0
17,3,13,100,9.17547978203758,8.00797506073027,0.869340346137582,250.7,19.7667519719807,6.1940194479488,2.00000023328823,0,21638,1059,20110,0.245987277547399,5.8,0,0,0,0.49521120104713,0,0
17,3,14,100,9.18309208131005,8.04512715289721,0.869226974210412,250,19.8707679660767,6.23183035276311,2.00000024161272,0,20955,1102,18916,0.243414275950556,5.8,0,0,0,0.483906986973369,0,0
17,3,15,100,9.17275255766691,7.99246335903047,0.864061701081707,250.6,19.7519727658606,6.18755138247844,2.00000023259884,0,22762,1089,21658,0.244187612812352,5.8,0,0,0,0.485593147477744,0,0
17,3,16,100,9.21146217911775,8.08839035865065,0.871769617096847,247.7,19.9874947192645,6.28782656193462,2.0000002774193,0,22123,1347,19818,0.241868806007422,5.8,0,0,0,0.486980848894475,0,0
17,3,17,100,9.25299462513308,8.18976404868311,0.881499562665771,246.5,20.1927146474836,6.38109600871112,2.0000002944372,0,22765,1121,18200,0.216587207679526,5.8,0,0,0,0.494309168920078,0,0
17,3,18,100,9.13861266685201,7.93643996753491,0.865433530003842,252.4,19.6169662543462,6.12232978121004,2.000000213318,0,21600,838,20748,0.247333711292896,5.8,0,0,0,0.490298950344968,0,0
17,3,19,100,9.18915476338607,8.02833881188585,0.870145708571349,247.9,19.8961956683897,6.2439001619958,2.00000027232102,0,23492,911,22564,0.243878944768643,5.8,0,0,0,0.494267212603027,0,0
