vehicles,mode,seed,step,milliseconds
38,1,0,1,40.9824
38,1,0,2,37.4069
38,1,0,3,20.7513
38,1,0,4,20.2309
38,1,0,5,20.0207
38,1,0,6,20.5082
38,1,0,7,19.1968
38,1,0,8,20.8375
38,1,0,9,19.4679
38,1,0,10,19.6633
38,1,0,11,19.8842
38,1,0,12,20.2832
38,1,0,13,21.0862
38,1,0,14,23.9062
38,1,0,15,22.5527
38,1,0,16,22.275
38,1,0,17,21.1455
38,1,0,18,20.7862
38,1,0,19,20.7714
38,1,0,20,19.9669
38,1,0,21,18.8898
38,1,0,22,20.2778
38,1,0,23,21.3414
38,1,0,24,20.7529
38,1,0,25,20.368
38,1,0,26,20.2879
38,1,0,27,21.1706
38,1,0,28,21.5007
38,1,0,29,19.4069
38,1,0,30,20.9107
38,1,0,31,19.1174
38,1,0,32,20.4412
38,1,0,33,20.9767
38,1,0,34,21.0038
38,1,0,35,22.5449
38,1,0,36,34.978
38,1,0,37,24.0561
38,1,0,38,22.2203
38,1,0,39,22.2296
38,1,0,40,22.7945
38,1,0,41,21.5136
38,1,0,42,21.4358
38,1,0,43,21.1042
38,1,0,44,21.1029
38,1,0,45,21.1045
38,1,0,46,20.8396
38,1,0,47,20.8312
38,1,0,48,19.3456
38,1,0,49,20.6111
38,1,0,50,20.8197
38,1,0,51,20.2037
38,1,0,52,18.1424
38,1,0,53,17.6485
38,1,0,54,17.7778
38,1,0,55,17.0122
38,1,0,56,17.2277
38,1,0,57,16.1176
38,1,0,58,15.8023
38,1,0,59,16.6394
38,1,0,60,18.1219
38,1,0,61,15.091
38,1,0,62,16.2406
38,1,0,63,15.9676
38,1,0,64,16.6204
38,1,0,65,15.7285
38,1,0,66,16.7642
38,1,0,67,18.7021
38,1,0,68,17.2817
38,1,0,69,16.8681
38,1,0,70,16.0192
38,1,0,71,18.9148
38,1,0,72,16.4402
38,1,0,73,15.8816
38,1,0,74,16.004
38,1,0,75,16.5482
38,1,0,76,17.3214
38,1,0,77,16.8064
38,1,0,78,17.0827
38,1,0,79,16.3021
38,1,0,80,16.1961
38,1,0,81,16.2882
38,1,0,82,19.4119
38,1,0,83,19.1197
38,1,0,84,18.9925
38,1,0,85,19.9581
38,1,0,86,17.674
38,1,0,87,17.5452
38,1,0,88,18.0041
38,1,0,89,18.864
38,1,0,90,17.281
38,1,0,91,17.9465
38,1,0,92,18.2546
38,1,0,93,18.3148
38,1,0,94,17.7669
38,1,0,95,18.3328
38,1,0,96,18.6144
38,1,0,97,17.5237
38,1,0,98,17.57
38,1,0,99,16.3614
38,1,0,100,16.5015
38,1,0,101,17.3781
38,1,0,102,17.9834
38,1,0,103,18.1089
38,1,0,104,16.9009
38,1,0,105,16.5789
38,1,0,106,16.7578
38,1,0,107,16.419
38,1,0,108,14.9528
38,1,0,109,15.0068
38,1,0,110,16.8512
38,1,0,111,15.3985
38,1,0,112,16.2878
38,1,0,113,16.9292
38,1,0,114,16.285
38,1,0,115,16.3533
38,1,0,116,15.6682
38,1,0,117,16.8719
38,1,0,118,18.2962
38,1,0,119,17.5098
38,1,0,120,16.8147
38,1,0,121,17.6587
38,1,0,122,15.8636
38,1,0,123,17.0548
38,1,0,124,15.9861
38,1,0,125,16.1162
38,1,0,126,16.3145
38,1,0,127,16.3265
38,1,0,128,16.7502
38,1,0,129,16.54
38,1,0,130,16.3786
38,1,0,131,16.0606
38,1,0,132,16.4211
38,1,0,133,17.6541
38,1,0,134,18.8575
38,1,0,135,19.8951
38,1,0,136,18.127
38,1,0,137,17.3493
38,1,0,138,18.6842
38,1,0,139,18.6026
38,1,0,140,18.2266
38,1,0,141,18.9326
38,1,0,142,17.8045
38,1,0,143,18.0788
38,1,0,144,18.7791
38,1,0,145,18.1024
38,1,0,146,17.9344
38,1,0,147,17.8481
38,1,0,148,18.7329
38,1,0,149,16.6758
38,1,0,150,18.8056
38,1,0,151,17.4286
38,1,0,152,16.3164
38,1,0,153,16.9089
38,1,0,154,16.4876
38,1,0,155,16.5289
38,1,0,156,16.657
38,1,0,157,15.8206
38,1,0,158,11.5888
38,1,0,159,13.2254
38,1,0,160,12.3909
38,1,0,161,11.9477
38,1,0,162,13.5682
38,1,0,163,11.9703
38,1,0,164,12.0523
38,1,0,165,12.6624
38,1,0,166,12.7607
38,1,0,167,13.8573
38,1,0,168,13.6229
38,1,0,169,13.4249
38,1,0,170,13.2753
38,1,0,171,13.8804
38,1,0,172,15.427
38,1,0,173,18.2275
38,1,0,174,17.9348
38,1,0,175,19.4248
38,1,0,176,19.331
38,1,0,177,17.2169
38,1,0,178,17.3021
38,1,0,179,15.0018
38,1,0,180,15.5912
38,1,0,181,16.2196
38,1,0,182,25.4522
38,1,0,183,23.1655
38,1,0,184,28.3453
38,1,0,185,30.3439
38,1,0,186,27.9756
38,1,0,187,31.6703
38,1,0,188,32.524
38,1,0,189,22.5071
38,1,0,190,20.3731
38,1,0,191,26.5943
38,1,0,192,31.614
38,1,0,193,28.5999
38,1,0,194,27.6959
38,1,0,195,20.9217
38,1,0,196,20.5192
38,1,0,197,21.5925
38,1,0,198,31.9512
38,1,0,199,30.8516
38,1,0,200,32.9297
38,1,0,201,27.2545
38,1,0,202,30.4109
38,1,0,203,29.2018
38,1,0,204,40.6227
38,1,0,205,27.3227
38,1,0,206,20.5343
38,1,0,207,21.0259
38,1,0,208,21.9967
38,1,0,209,20.6528
38,1,0,210,22.8577
38,1,0,211,21.8026
38,1,0,212,22.5517
38,1,0,213,23.0896
38,1,0,214,20.1651
38,1,0,215,16.8297
38,1,0,216,17.4439
38,1,0,217,26.5827
38,1,0,218,20.7017
38,1,0,219,20.9167
38,1,0,220,20.5345
38,1,0,221,19.1731
38,1,0,222,20.1998
38,1,0,223,28.5128
38,1,0,224,20.8933
38,1,0,225,18.8761
38,1,0,226,26.6815
38,1,0,227,22.3902
38,1,0,228,19.1419
38,1,0,229,17.6807
38,1,0,230,21.7837
38,1,0,231,20.443
38,1,0,232,23.0565
38,1,0,233,19.4122
38,1,0,234,23.3056
38,1,0,235,20.3409
38,1,0,236,20.5779
38,1,0,237,19.4834
38,1,0,238,19.9834
38,1,0,239,21.7712
38,1,0,240,20.7489
38,1,0,241,19.814
38,1,0,242,18.8159
38,1,0,243,18.705
38,1,0,244,19.6116
38,1,0,245,18.1089
38,1,0,246,19.956
38,1,0,247,19.9921
38,1,0,248,25.5733
38,1,0,249,18.3745
38,1,0,250,21.0385
38,1,0,251,18.6025
38,1,0,252,15.2252
38,1,0,253,27.0533
38,1,0,254,5.0032
38,1,0,255,4.4252
38,1,0,256,3.5463
38,1,0,257,3.3224
38,1,0,258,3.4957
38,1,0,259,3.7532
38,1,0,260,4.1
38,1,0,261,3.8491
38,1,0,262,3.407
38,1,0,263,4.1423
38,1,0,264,3.8747
38,1,0,265,3.699
38,1,0,266,3.6963
38,1,0,267,4.0327
38,1,0,268,3.773
38,1,0,269,3.944
38,1,0,270,4.1092
38,1,0,271,3.8942
38,1,0,272,3.9945
38,1,0,273,3.8958
38,1,0,274,3.8944
38,1,0,275,3.9386
38,1,0,276,3.9349
38,1,0,277,3.7403
38,1,0,278,3.7538
38,1,0,279,3.811
38,1,0,280,3.7784
38,1,0,281,3.7713
38,1,0,282,3.5584
38,1,0,283,3.6849
38,1,0,284,3.3947
38,1,0,285,3.9009
38,1,0,286,3.6529
38,1,0,287,3.3761
38,1,0,288,3.3503
38,1,0,289,3.3257
38,1,0,290,3.2277
38,1,0,291,3.2393
38,1,0,292,3.4111
38,1,0,293,3.9194
38,1,0,294,3.3138
38,1,0,295,4.2045
38,1,0,296,3.7823
38,1,0,297,5.0422
38,1,0,298,5.1247
38,1,0,299,4.8921
38,1,0,300,4.6091
38,1,0,301,4.4989
38,1,0,302,4.4013
38,1,0,303,4.2171
38,1,0,304,4.2135
38,1,0,305,4.191
38,1,0,306,4.1218
38,1,0,307,3.8795
38,1,0,308,4.053
38,1,0,309,3.8864
38,1,0,310,3.8259
38,1,0,311,2.9667
38,1,0,312,3.1463
38,1,0,313,3.1586
38,1,0,314,3.1668
38,1,0,315,3.1527
38,1,0,316,3.0414
38,1,0,317,3.1888
38,1,0,318,3.1365
38,1,0,319,3.1266
38,1,0,320,3.1784
38,1,0,321,3.5112
38,1,0,322,3.2292
38,1,0,323,3.1746
38,1,0,324,3.5292
38,1,0,325,3.279
38,1,0,326,3.1504
38,1,0,327,3.2155
38,1,0,328,3.1256
38,1,0,329,2.7776
38,1,0,330,3.1599
38,1,0,331,3.1909
38,1,0,332,3.1501
38,1,0,333,3.1037
38,1,0,334,3.1424
38,1,0,335,3.1869
38,1,0,336,3.2629
38,1,0,337,3.1357
38,1,0,338,3.1394
38,1,0,339,3.1524
38,1,0,340,3.1442
38,1,0,341,3.291
38,1,0,342,3.1808
38,1,0,343,3.1173
38,1,0,344,3.1656
38,1,0,345,3.1979
38,1,0,346,3.662
38,1,0,347,3.6809
38,1,0,348,3.6064
38,1,0,349,3.8616
38,1,0,350,3.8719
38,1,0,351,3.7149
38,1,0,352,3.2068
38,1,0,353,3.0216
38,1,0,354,3.1587
38,1,0,355,2.5273
38,1,0,356,2.6218
38,1,0,357,3.1143
38,1,0,358,3.1061
38,1,0,359,3.167
38,1,0,360,2.9086
38,1,0,361,2.9892
38,1,0,362,3.1376
38,1,0,363,3.0961
38,1,0,364,3.1938
38,1,0,365,3.1439
38,1,0,366,3.0214
38,1,0,367,3.1762
38,1,0,368,3.1236
38,1,0,369,3.1121
38,1,0,370,3.1589
38,1,0,371,3.1386
38,1,0,372,3.1821
38,1,0,373,3.1432
38,1,0,374,3.1719
38,1,0,375,3.1764
38,1,0,376,3.1708
38,1,0,377,3.1707
38,1,0,378,3.1127
38,1,0,379,3.0787
38,1,0,380,3.1466
38,1,0,381,2.8599
38,1,0,382,3.0733
38,1,0,383,3.3916
38,1,0,384,3.2551
38,1,0,385,3.2266
38,1,0,386,3.1841
38,1,0,387,3.2231
38,1,0,388,3.1662
38,1,0,389,3.1278
38,1,0,390,3.1209
38,1,0,391,3.3155
38,1,0,392,3.2863
38,1,0,393,3.3003
38,1,0,394,3.1647
38,1,0,395,3.0913
38,1,0,396,3.2737
38,1,0,397,3.3026
38,1,0,398,3.7136
38,1,0,399,4.4949
38,1,0,400,4.3912
38,1,0,401,4.298
38,1,0,402,4.1596
38,1,0,403,4.0731
38,1,0,404,4.0179
38,1,0,405,4.0027
38,1,0,406,3.8932
38,1,0,407,3.878
38,1,0,408,3.7176
38,1,0,409,3.8866
38,1,0,410,3.6325
38,1,0,411,3.1926
38,1,0,412,2.907
38,1,0,413,2.7262
38,1,0,414,3.9628
38,1,0,415,3.9851
38,1,0,416,4.1862
38,1,0,417,3.9779
38,1,0,418,3.866
38,1,0,419,3.5763
38,1,0,420,3.6784
38,1,0,421,3.863
38,1,0,422,3.8358
38,1,0,423,3.834
38,1,0,424,3.6742
38,1,0,425,3.8793
38,1,0,426,3.4137
38,1,0,427,3.1816
38,1,0,428,3.1431
38,1,0,429,3.1559
38,1,0,430,3.2111
38,1,0,431,3.0899
38,1,0,432,3.179
38,1,0,433,3.1097
38,1,0,434,3.143
38,1,0,435,2.6041
38,1,0,436,2.7388
38,1,0,437,3.3141
38,1,0,438,3.136
38,1,0,439,3.1089
38,1,0,440,3.4181
38,1,0,441,2.4565
38,1,0,442,3.2068
38,1,0,443,3.4796
38,1,0,444,4.1952
38,1,0,445,3.8677
38,1,0,446,3.3085
38,1,0,447,3.0904
38,1,0,448,3.0885
38,1,0,449,3.14
38,1,0,450,3.1437
38,1,0,451,3.1049
38,1,0,452,3.052
38,1,0,453,3.1135
38,1,0,454,2.9508
38,1,0,455,3.2042
38,1,0,456,3.1171
38,1,0,457,3.2452
38,1,0,458,3.4983
38,1,0,459,3.9297
38,1,0,460,3.767
38,1,0,461,3.9881
38,1,0,462,3.5076
38,1,0,463,3.4647
38,1,0,464,3.7608
38,1,0,465,3.7547
38,1,0,466,3.6864
38,1,0,467,3.5636
38,1,0,468,3.3353
38,1,0,469,3.4064
38,1,0,470,3.1608
38,1,0,471,10.0508
38,1,0,472,35.1503
38,1,0,473,16.0819
38,1,0,474,5.2719
38,1,0,475,5.4468
38,1,0,476,5.3549
38,1,0,477,5.2556
38,1,0,478,6.1264
38,1,0,479,5.3712
38,1,0,480,5.4795
38,1,0,481,5.3615
38,1,0,482,5.2018
38,1,0,483,4.8195
38,1,0,484,5.5006
38,1,0,485,6.922
38,1,0,486,7.6674
38,1,0,487,6.5852
38,1,0,488,6.9205
38,1,0,489,6.7517
38,1,0,490,7.0865
38,1,0,491,6.3494
38,1,0,492,6.4083
38,1,0,493,6.2793
38,1,0,494,6.462
38,1,0,495,5.7723
38,1,0,496,6.5334
38,1,0,497,5.803
38,1,0,498,7.0452
38,1,0,499,6.9789
38,1,0,500,5.8734
38,1,0,501,7.2818
38,1,0,502,5.8941
38,1,0,503,6.5781
38,1,0,504,6.4705
38,1,0,505,6.3631
38,1,0,506,5.9645
38,1,0,507,6.0872
38,1,0,508,5.8312
38,1,0,509,6.4913
38,1,0,510,6.3185
38,1,0,511,6.4493
38,1,0,512,5.6634
38,1,0,513,5.8854
38,1,0,514,5.9738
38,1,0,515,5.5523
38,1,0,516,5.6477
38,1,0,517,6.0813
38,1,0,518,6.2761
38,1,0,519,6.2066
38,1,0,520,5.1548
38,1,0,521,5.9654
38,1,0,522,6.0307
38,1,0,523,5.9236
38,1,0,524,5.3465
38,1,0,525,5.1164
38,1,0,526,5.7329
38,1,0,527,5.5892
38,1,0,528,5.6478
38,1,0,529,4.9744
38,1,0,530,5.3431
38,1,0,531,5.3467
38,1,0,532,5.3958
38,1,0,533,5.5067
38,1,0,534,4.827
38,1,0,535,6.6534
38,1,0,536,7.9
38,1,0,537,5.5803
38,1,0,538,5.7576
38,1,0,539,5.5892
38,1,0,540,5.4661
38,1,0,541,5.426
38,1,0,542,5.6358
38,1,0,543,5.6084
38,1,0,544,5.5252
38,1,0,545,5.5308
38,1,0,546,5.622
38,1,0,547,4.5617
38,1,0,548,5.3361
38,1,0,549,5.4743
38,1,0,550,5.5563
38,1,0,551,5.604
38,1,0,552,5.6635
38,1,0,553,5.7097
38,1,0,554,5.6199
38,1,0,555,5.547
38,1,0,556,5.3731
38,1,0,557,5.4704
38,1,0,558,5.6565
38,1,0,559,5.5442
38,1,0,560,5.6101
38,1,0,561,5.524
38,1,0,562,5.5526
38,1,0,563,4.918
38,1,0,564,5.4444
38,1,0,565,5.5722
38,1,0,566,5.4552
38,1,0,567,5.1587
38,1,0,568,5.5612
38,1,0,569,5.3705
38,1,0,570,5.6624
38,1,0,571,5.6253
38,1,0,572,4.465
38,1,0,573,5.4083
38,1,0,574,5.5163
38,1,0,575,5.5158
38,1,0,576,4.9863
38,1,0,577,5.566
38,1,0,578,5.5762
38,1,0,579,5.752
38,1,0,580,5.5983
38,1,0,581,5.4764
38,1,0,582,5.5377
38,1,0,583,4.5036
38,1,0,584,5.3635
38,1,0,585,5.0324
38,1,0,586,5.7397
38,1,0,587,5.8047
38,1,0,588,5.8392
38,1,0,589,5.5574
38,1,0,590,5.5198
38,1,0,591,5.6124
38,1,0,592,5.5566
38,1,0,593,5.1499
38,1,0,594,5.0452
38,1,0,595,5.4355
38,1,0,596,4.8858
38,1,0,597,5.461
38,1,0,598,5.5126
38,1,0,599,4.9469
38,1,0,600,5.6347
38,1,0,601,5.5952
38,1,0,602,5.1275
38,1,0,603,5.6039
38,1,0,604,6.1569
38,1,0,605,7.616
38,1,0,606,8.692
38,1,0,607,8.7173
38,1,0,608,6.9138
38,1,0,609,8.0758
38,1,0,610,8.9227
38,1,0,611,9.6926
38,1,0,612,7.4194
38,1,0,613,7.1972
38,1,0,614,6.1103
38,1,0,615,6.2388
38,1,0,616,5.5815
38,1,0,617,5.8913
38,1,0,618,6.2802
38,1,0,619,4.3978
38,1,0,620,6.1316
38,1,0,621,7.8407
38,1,0,622,5.6263
38,1,0,623,5.297
38,1,0,624,5.7218
38,1,0,625,5.5806
38,1,0,626,5.6932
38,1,0,627,5.534
38,1,0,628,5.4534
38,1,0,629,5.3991
38,1,0,630,5.3692
38,1,0,631,4.8272
38,1,0,632,5.4787
38,1,0,633,5.4278
38,1,0,634,5.0594
38,1,0,635,5.5453
38,1,0,636,5.4304
38,1,0,637,5.5823
38,1,0,638,5.7072
38,1,0,639,5.3256
38,1,0,640,5.3305
38,1,0,641,5.609
38,1,0,642,5.1645
38,1,0,643,5.174
38,1,0,644,4.3286
38,1,0,645,5.5122
38,1,0,646,5.8088
38,1,0,647,5.6858
38,1,0,648,5.2233
38,1,0,649,5.9468
38,1,0,650,6.0003
38,1,0,651,5.5646
38,1,0,652,5.5166
38,1,0,653,5.5267
38,1,0,654,6.0806
38,1,0,655,4.729
38,1,0,656,5.2707
38,1,0,657,5.6081
38,1,0,658,5.8031
38,1,0,659,5.2913
38,1,0,660,5.5822
38,1,0,661,5.2058
38,1,0,662,5.2832
38,1,0,663,5.1455
38,1,0,664,5.0578
38,1,0,665,5.059
38,1,0,666,5.0955
38,1,0,667,5.1335
38,1,0,668,5.0598
38,1,0,669,5.2174
38,1,0,670,5.0447
38,1,0,671,5.1195
38,1,0,672,5.2057
38,1,0,673,4.9327
38,1,0,674,4.3178
38,1,0,675,4.899
38,1,0,676,5.0575
38,1,0,677,5.1077
38,1,0,678,5.0832
38,1,0,679,5.0828
38,1,0,680,4.1404
38,1,0,681,4.9821
38,1,0,682,5.0841
38,1,0,683,5.1717
38,1,0,684,5.109
38,1,0,685,5.5552
38,1,0,686,5.4975
38,1,0,687,5.9122
38,1,0,688,5.2251
38,1,0,689,5.2678
38,1,0,690,5.3492
38,1,0,691,4.2288
38,1,0,692,5.2394
38,1,0,693,5.0665
38,1,0,694,5.4366
38,1,0,695,4.5936
38,1,0,696,4.8159
38,1,0,697,5.3497
38,1,0,698,5.1402
38,1,0,699,5.5503
38,1,0,700,5.2222
38,1,0,701,5.116
38,1,0,702,6.0304
38,1,0,703,5.4416
38,1,0,704,5.3805
38,1,0,705,6.241
38,1,0,706,5.6845
38,1,0,707,5.1906
38,1,0,708,5.2101
38,1,0,709,5.2701
38,1,0,710,5.3845
38,1,0,711,5.6477
38,1,0,712,5.3665
38,1,0,713,5.8416
38,1,0,714,5.6134
38,1,0,715,5.3266
38,1,0,716,4.3562
38,1,0,717,4.2817
38,1,0,718,4.291
38,1,0,719,4.3698
38,1,0,720,4.628
38,1,0,721,4.8187
38,1,0,722,4.28
38,1,0,723,4.4093
38,1,0,724,4.2512
38,1,0,725,4.2464
38,1,0,726,4.3374
38,1,0,727,2.984
38,1,0,728,2.9665
38,1,0,729,2.958
38,1,0,730,2.8658
38,1,0,731,2.6244
38,1,0,732,3.1219
38,1,0,733,2.9921
38,1,0,734,3.017
38,1,0,735,3.0238
38,1,0,736,3.1195
38,1,0,737,3.0788
38,1,0,738,3.0258
38,1,0,739,2.9895
38,1,0,740,3.0467
38,1,0,741,3.1844
38,1,0,742,2.2675
38,1,0,743,2.9497
38,1,0,744,2.938
38,1,0,745,2.9275
38,1,0,746,2.9521
38,1,0,747,2.7168
38,1,0,748,2.9822
38,1,0,749,2.9547
38,1,0,750,2.9382
38,1,0,751,2.8501
38,1,0,752,2.8064
38,1,0,753,3.1535
38,1,0,754,2.9048
38,1,0,755,2.9463
38,1,0,756,2.9432
38,1,0,757,2.9081
38,1,0,758,3.0085
38,1,0,759,2.9991
38,1,0,760,3.0275
38,1,0,761,2.995
38,1,0,762,2.9648
38,1,0,763,2.2982
38,1,0,764,2.8076
38,1,0,765,2.6881
38,1,0,766,3.0633
38,1,0,767,3.0018
38,1,0,768,3.0113
38,1,0,769,3.0257
38,1,0,770,3.02
38,1,0,771,3.0055
38,1,0,772,2.9848
38,1,0,773,2.9979
38,1,0,774,3.0001
38,1,0,775,3.0035
38,1,0,776,3.0163
38,1,0,777,3.0363
38,1,0,778,2.9756
38,1,0,779,2.9687
38,1,0,780,2.995
38,1,0,781,2.9944
38,1,0,782,2.9986
38,1,0,783,3.0087
38,1,0,784,2.9683
38,1,0,785,2.8085
38,1,0,786,2.8654
38,1,0,787,3.1981
38,1,0,788,3.212
38,1,0,789,3.177
38,1,0,790,3.1571
38,1,0,791,3.2174
38,1,0,792,3.1823
38,1,0,793,3.2461
38,1,0,794,3.2062
38,1,0,795,3.1671
38,1,0,796,3.1901
38,1,0,797,3.162
38,1,0,798,3.192
38,1,0,799,3.1605
38,1,0,800,2.6895
38,1,0,801,2.5315
38,1,0,802,3.1039
38,1,0,803,2.9863
38,1,0,804,2.9026
38,1,0,805,2.9462
38,1,0,806,3.1942
38,1,0,807,3.0956
38,1,0,808,3.0404
38,1,0,809,3.2203
38,1,0,810,3.1218
38,1,0,811,3.0105
38,1,0,812,2.9131
38,1,0,813,2.9816
38,1,0,814,2.9369
38,1,0,815,3.1437
38,1,0,816,3.1459
38,1,0,817,3.0757
38,1,0,818,3.115
38,1,0,819,3.0806
38,1,0,820,3.1415
38,1,0,821,2.2502
38,1,0,822,3.0092
38,1,0,823,3.006
38,1,0,824,3.0146
38,1,0,825,2.9996
38,1,0,826,2.4899
38,1,0,827,2.7809
38,1,0,828,2.9524
38,1,0,829,2.9449
38,1,0,830,2.9549
38,1,0,831,3.364
38,1,0,832,3.3324
38,1,0,833,3.053
38,1,0,834,3.0144
38,1,0,835,3.0218
38,1,0,836,3.0131
38,1,0,837,3.6798
38,1,0,838,3.033
38,1,0,839,3.0038
38,1,0,840,2.9199
38,1,0,841,2.9809
38,1,0,842,2.2498
38,1,0,843,3.6512
38,1,0,844,2.9908
38,1,0,845,2.9643
38,1,0,846,2.965
38,1,0,847,3.0087
38,1,0,848,2.9245
38,1,0,849,2.977
38,1,0,850,2.9336
38,1,0,851,2.9107
38,1,0,852,3.1182
38,1,0,853,3.0553
38,1,0,854,3.0954
38,1,0,855,3.0072
38,1,0,856,3.0069
38,1,0,857,2.6982
38,1,0,858,2.4224
38,1,0,859,3.0185
38,1,0,860,3.0428
38,1,0,861,2.991
38,1,0,862,3.0413
38,1,0,863,3.099
38,1,0,864,3.0352
38,1,0,865,3.0608
38,1,0,866,3.029
38,1,0,867,3.0052
38,1,0,868,3.1255
38,1,0,869,2.9936
38,1,0,870,3.0369
38,1,0,871,2.6545
38,1,0,872,3.1428
38,1,0,873,3.0788
38,1,0,874,3.0851
38,1,0,875,3.0493
38,1,0,876,3.0334
38,1,0,877,3.0298
38,1,0,878,2.8904
38,1,0,879,2.4071
38,1,0,880,3.0776
38,1,0,881,3.1513
38,1,0,882,3.1831
38,1,0,883,3.0994
38,1,0,884,2.455
38,1,0,885,3.2104
38,1,0,886,3.1421
38,1,0,887,3.1845
38,1,0,888,3.1754
38,1,0,889,3.2007
38,1,0,890,3.2682
38,1,0,891,3.1834
38,1,0,892,3.2249
38,1,0,893,3.1959
38,1,0,894,3.5038
38,1,0,895,3.148
38,1,0,896,3.0767
38,1,0,897,3.0802
38,1,0,898,3.1596
38,1,0,899,3.066
38,1,0,900,3.0568
38,1,1,1,19.4376
38,1,1,2,19.366
38,1,1,3,22.1409
38,1,1,4,21.3295
38,1,1,5,20.4335
38,1,1,6,19.8414
38,1,1,7,19.6957
38,1,1,8,20.6351
38,1,1,9,21.1471
38,1,1,10,19.5721
38,1,1,11,20.6721
38,1,1,12,19.5435
38,1,1,13,19.5789
38,1,1,14,22.3267
38,1,1,15,20.6964
38,1,1,16,21.2625
38,1,1,17,20.6381
38,1,1,18,19.084
38,1,1,19,19.4947
38,1,1,20,19.8815
38,1,1,21,19.9766
38,1,1,22,20.2477
38,1,1,23,19.2749
38,1,1,24,18.1021
38,1,1,25,19.4914
38,1,1,26,21.8283
38,1,1,27,29.4156
38,1,1,28,26.8511
38,1,1,29,24.7756
38,1,1,30,21.9697
38,1,1,31,21.1045
38,1,1,32,22.1817
38,1,1,33,21.7708
38,1,1,34,20.6819
38,1,1,35,19.6212
38,1,1,36,24.8611
38,1,1,37,23.174
38,1,1,38,21.1973
38,1,1,39,21.1862
38,1,1,40,19.9658
38,1,1,41,18.0521
38,1,1,42,18.5029
38,1,1,43,21.1033
38,1,1,44,20.1109
38,1,1,45,19.6775
38,1,1,46,21.5475
38,1,1,47,18.6545
38,1,1,48,14.8576
38,1,1,49,17.6904
38,1,1,50,19.3517
38,1,1,51,18.6961
38,1,1,52,19.9048
38,1,1,53,18.1151
38,1,1,54,16.0361
38,1,1,55,15.0476
38,1,1,56,14.2387
38,1,1,57,14.1795
38,1,1,58,14.9221
38,1,1,59,15.0447
38,1,1,60,14.7817
38,1,1,61,14.6065
38,1,1,62,17.0004
38,1,1,63,15.9984
38,1,1,64,17.5542
38,1,1,65,18.7678
38,1,1,66,17.5357
38,1,1,67,16.2819
38,1,1,68,17.3481
38,1,1,69,19.6089
38,1,1,70,18.5545
38,1,1,71,14.9037
38,1,1,72,11.4339
38,1,1,73,11.6909
38,1,1,74,11.4261
38,1,1,75,11.3365
38,1,1,76,11.8838
38,1,1,77,11.4629
38,1,1,78,11.5841
38,1,1,79,14.1063
38,1,1,80,15.0677
38,1,1,81,12.3843
38,1,1,82,13.5121
38,1,1,83,16.8457
38,1,1,84,17.7305
38,1,1,85,16.6354
38,1,1,86,15.6968
38,1,1,87,15.2709
38,1,1,88,18.7294
38,1,1,89,16.6394
38,1,1,90,16.8523
38,1,1,91,15.1978
38,1,1,92,15.4862
38,1,1,93,14.5134
38,1,1,94,14.3587
38,1,1,95,15.0695
38,1,1,96,14.5084
38,1,1,97,17.8747
38,1,1,98,17.0668
38,1,1,99,15.5436
38,1,1,100,15.8863
38,1,1,101,16.6234
38,1,1,102,15.6945
38,1,1,103,14.6487
38,1,1,104,13.9283
38,1,1,105,13.6672
38,1,1,106,14.5804
38,1,1,107,15.4356
38,1,1,108,17.7278
38,1,1,109,15.5842
38,1,1,110,14.9836
38,1,1,111,15.3484
38,1,1,112,19.4597
38,1,1,113,17.6469
38,1,1,114,14.8388
38,1,1,115,15.1836
38,1,1,116,16.118
38,1,1,117,15.4704
38,1,1,118,14.8421
38,1,1,119,15.3599
38,1,1,120,15.3807
38,1,1,121,16.873
38,1,1,122,16.0641
38,1,1,123,15.7602
38,1,1,124,14.409
38,1,1,125,14.4129
38,1,1,126,14.2932
38,1,1,127,15.1739
38,1,1,128,14.3701
38,1,1,129,14.4416
38,1,1,130,13.6905
38,1,1,131,14.8876
38,1,1,132,15.157
38,1,1,133,13.8913
38,1,1,134,14.802
38,1,1,135,15.2977
38,1,1,136,14.7825
38,1,1,137,14.198
38,1,1,138,14.7805
38,1,1,139,14.6113
38,1,1,140,14.611
38,1,1,141,14.3678
38,1,1,142,14.7891
38,1,1,143,14.4798
38,1,1,144,14.7121
38,1,1,145,14.0259
38,1,1,146,14.4563
38,1,1,147,14.6363
38,1,1,148,17.932
38,1,1,149,18.9964
38,1,1,150,17.0715
38,1,1,151,15.1236
38,1,1,152,15.6721
38,1,1,153,16.2936
38,1,1,154,15.994
38,1,1,155,16.2766
38,1,1,156,15.2081
38,1,1,157,15.4386
38,1,1,158,14.662
38,1,1,159,14.0525
38,1,1,160,13.6052
38,1,1,161,13.5306
38,1,1,162,17.2616
38,1,1,163,16.4266
38,1,1,164,17.6135
38,1,1,165,16.4983
38,1,1,166,17.8948
38,1,1,167,19.0297
38,1,1,168,20.4228
38,1,1,169,19.8847
38,1,1,170,20.7757
38,1,1,171,20.3552
38,1,1,172,22.4613
38,1,1,173,21.5854
38,1,1,174,19.1829
38,1,1,175,18.693
38,1,1,176,22.572
38,1,1,177,34.5408
38,1,1,178,37.2492
38,1,1,179,24.5436
38,1,1,180,17.7406
38,1,1,181,17.7252
38,1,1,182,17.157
38,1,1,183,16.9865
38,1,1,184,16.8514
38,1,1,185,16.8458
38,1,1,186,17.8311
38,1,1,187,17.1714
38,1,1,188,19.4425
38,1,1,189,17.1547
38,1,1,190,14.8225
38,1,1,191,13.5508
38,1,1,192,11.3059
38,1,1,193,10.5173
38,1,1,194,12.4059
38,1,1,195,12.8143
38,1,1,196,12.1253
38,1,1,197,16.2504
38,1,1,198,14.3687
38,1,1,199,14.7052
38,1,1,200,13.803
38,1,1,201,16.4719
38,1,1,202,14.8078
38,1,1,203,14.8302
38,1,1,204,14.9989
38,1,1,205,14.5719
38,1,1,206,15.102
38,1,1,207,16.8658
38,1,1,208,16.9231
38,1,1,209,15.7625
38,1,1,210,14.8504
38,1,1,211,14.7368
38,1,1,212,14.9065
38,1,1,213,17.0093
38,1,1,214,16.3669
38,1,1,215,34.674
38,1,1,216,34.4399
38,1,1,217,38.3424
38,1,1,218,32.03
38,1,1,219,27.0338
38,1,1,220,23.2572
38,1,1,221,24.914
38,1,1,222,16.8437
38,1,1,223,40.6211
38,1,1,224,27.8844
38,1,1,225,25.5211
38,1,1,226,24.6243
38,1,1,227,25.5255
38,1,1,228,25.0868
38,1,1,229,24.0272
38,1,1,230,23.8295
38,1,1,231,24.2918
38,1,1,232,23.6239
38,1,1,233,20.3986
38,1,1,234,22.6794
38,1,1,235,20.7689
38,1,1,236,20.4178
38,1,1,237,22.4574
38,1,1,238,20.4048
38,1,1,239,17.9274
38,1,1,240,21.7242
38,1,1,241,16.9681
38,1,1,242,28.3924
38,1,1,243,23.6499
38,1,1,244,20.8833
38,1,1,245,22.1949
38,1,1,246,20.9724
38,1,1,247,23.6373
38,1,1,248,24.7081
38,1,1,249,22.0268
38,1,1,250,27.1773
38,1,1,251,23.4105
38,1,1,252,25.6238
38,1,1,253,23.9555
38,1,1,254,24.4299
38,1,1,255,24.028
38,1,1,256,23.0649
38,1,1,257,9.2665
38,1,1,258,3.9853
38,1,1,259,3.4633
38,1,1,260,3.1644
38,1,1,261,3.1161
38,1,1,262,3.1944
38,1,1,263,3.1587
38,1,1,264,3.2036
38,1,1,265,3.1723
38,1,1,266,3.2482
38,1,1,267,3.9864
38,1,1,268,4.5146
38,1,1,269,5.4051
38,1,1,270,4.1885
38,1,1,271,4.2173
38,1,1,272,5.4209
38,1,1,273,5.2713
38,1,1,274,5.0552
38,1,1,275,4.6921
38,1,1,276,4.8979
38,1,1,277,4.5116
38,1,1,278,4.5271
38,1,1,279,3.4352
38,1,1,280,2.7055
38,1,1,281,3.4856
38,1,1,282,3.225
38,1,1,283,2.286
38,1,1,284,2.9823
38,1,1,285,3.2067
38,1,1,286,3.1902
38,1,1,287,3.1656
38,1,1,288,3.0703
38,1,1,289,3.3601
38,1,1,290,3.5212
38,1,1,291,3.2797
38,1,1,292,3.3303
38,1,1,293,3.2483
38,1,1,294,3.2011
38,1,1,295,4.2601
38,1,1,296,5.0959
38,1,1,297,3.108
38,1,1,298,5.3008
38,1,1,299,5.4373
38,1,1,300,5.141
38,1,1,301,4.5516
38,1,1,302,3.7065
38,1,1,303,3.1817
38,1,1,304,3.1187
38,1,1,305,3.1618
38,1,1,306,3.4093
38,1,1,307,3.1768
38,1,1,308,3.129
38,1,1,309,3.1151
38,1,1,310,3.1068
38,1,1,311,2.3507
38,1,1,312,2.824
38,1,1,313,3.3216
38,1,1,314,3.2251
38,1,1,315,3.1991
38,1,1,316,3.2736
38,1,1,317,3.2441
38,1,1,318,2.8481
38,1,1,319,3.1615
38,1,1,320,3.3064
38,1,1,321,4.6262
38,1,1,322,4.115
38,1,1,323,3.8733
38,1,1,324,3.3778
38,1,1,325,2.5019
38,1,1,326,4.5717
38,1,1,327,4.5014
38,1,1,328,3.8998
38,1,1,329,4.2174
38,1,1,330,3.9209
38,1,1,331,2.748
38,1,1,332,3.7514
38,1,1,333,2.9647
38,1,1,334,5.6511
38,1,1,335,5.5461
38,1,1,336,5.4983
38,1,1,337,5.733
38,1,1,338,2.3921
38,1,1,339,3.2325
38,1,1,340,4.0388
38,1,1,341,4.5037
38,1,1,342,4.2167
38,1,1,343,4.0991
38,1,1,344,3.4157
38,1,1,345,3.1439
38,1,1,346,3.3718
38,1,1,347,3.4036
38,1,1,348,4.1464
38,1,1,349,4.7358
38,1,1,350,3.1465
38,1,1,351,4.4588
38,1,1,352,3.1837
38,1,1,353,3.1243
38,1,1,354,3.2018
38,1,1,355,4.9039
38,1,1,356,5.004
38,1,1,357,4.9727
38,1,1,358,4.9311
38,1,1,359,3.188
38,1,1,360,3.456
38,1,1,361,3.1668
38,1,1,362,3.3292
38,1,1,363,3.1914
38,1,1,364,3.1293
38,1,1,365,2.75
38,1,1,366,2.8826
38,1,1,367,4.0388
38,1,1,368,3.0283
38,1,1,369,3.3373
38,1,1,370,2.8589
38,1,1,371,2.8502
38,1,1,372,2.7381
38,1,1,373,4.1363
38,1,1,374,3.8108
38,1,1,375,5.1479
38,1,1,376,4.4621
38,1,1,377,4.9823
38,1,1,378,3.7116
38,1,1,379,3.8898
38,1,1,380,4.6697
38,1,1,381,4.6356
38,1,1,382,3.8377
38,1,1,383,3.6073
38,1,1,384,4.767
38,1,1,385,4.3379
38,1,1,386,3.8102
38,1,1,387,4.4535
38,1,1,388,4.3315
38,1,1,389,3.839
38,1,1,390,3.2926
38,1,1,391,3.1665
38,1,1,392,3.1398
38,1,1,393,3.1109
38,1,1,394,3.8256
38,1,1,395,3.3226
38,1,1,396,3.6855
38,1,1,397,4.3487
38,1,1,398,4.1325
38,1,1,399,4.3014
38,1,1,400,4.3753
38,1,1,401,4.3983
38,1,1,402,4.7864
38,1,1,403,4.6424
38,1,1,404,4.7569
38,1,1,405,4.7768
38,1,1,406,3.8099
38,1,1,407,4.477
38,1,1,408,3.8381
38,1,1,409,3.1759
38,1,1,410,3.183
38,1,1,411,3.1482
38,1,1,412,3.1451
38,1,1,413,3.1565
38,1,1,414,3.2013
38,1,1,415,3.2132
38,1,1,416,3.161
38,1,1,417,3.1505
38,1,1,418,3.1972
38,1,1,419,3.0641
38,1,1,420,3.13
38,1,1,421,3.1225
38,1,1,422,3.1331
38,1,1,423,3.1308
38,1,1,424,3.1454
38,1,1,425,3.1194
38,1,1,426,3.1665
38,1,1,427,2.8975
38,1,1,428,3.1751
38,1,1,429,3.0988
38,1,1,430,3.0674
38,1,1,431,3.0262
38,1,1,432,2.8748
38,1,1,433,3.2779
38,1,1,434,3.0192
38,1,1,435,2.3691
38,1,1,436,3.0943
38,1,1,437,3.1798
38,1,1,438,3.685
38,1,1,439,4.3763
38,1,1,440,4.4762
38,1,1,441,4.2323
38,1,1,442,4.2466
38,1,1,443,3.9428
38,1,1,444,3.3759
38,1,1,445,3.045
38,1,1,446,3.0864
38,1,1,447,3.1652
38,1,1,448,3.0038
38,1,1,449,2.2305
38,1,1,450,4.0063
38,1,1,451,4.664
38,1,1,452,4.0574
38,1,1,453,5.0464
38,1,1,454,5.5575
38,1,1,455,5.2978
38,1,1,456,2.3976
38,1,1,457,3.4948
38,1,1,458,3.0966
38,1,1,459,3.2635
38,1,1,460,3.3306
38,1,1,461,5.4488
38,1,1,462,3.6983
38,1,1,463,3.2632
38,1,1,464,4.8223
38,1,1,465,5.3291
38,1,1,466,5.0495
38,1,1,467,5.2052
38,1,1,468,5.2488
38,1,1,469,5.0436
38,1,1,470,5.218
38,1,1,471,5.1056
38,1,1,472,5.0263
38,1,1,473,4.159
38,1,1,474,5.2815
38,1,1,475,5.1797
38,1,1,476,5.6628
38,1,1,477,5.2865
38,1,1,478,5.1434
38,1,1,479,7.0705
38,1,1,480,5.2029
38,1,1,481,6.1125
38,1,1,482,6.0851
38,1,1,483,5.5823
38,1,1,484,5.8269
38,1,1,485,5.4531
38,1,1,486,5.3645
38,1,1,487,5.4209
38,1,1,488,5.2525
38,1,1,489,5.2503
38,1,1,490,4.7375
38,1,1,491,5.3126
38,1,1,492,5.2757
38,1,1,493,5.5724
38,1,1,494,5.3466
38,1,1,495,5.3081
38,1,1,496,5.4574
38,1,1,497,5.0294
38,1,1,498,5.3309
38,1,1,499,5.6565
38,1,1,500,5.3492
38,1,1,501,5.5335
38,1,1,502,5.6839
38,1,1,503,5.3342
38,1,1,504,5.0403
38,1,1,505,5.9225
38,1,1,506,5.479
38,1,1,507,4.8146
38,1,1,508,5.2952
38,1,1,509,5.2516
38,1,1,510,4.8385
38,1,1,511,5.5328
38,1,1,512,5.6384
38,1,1,513,4.9056
38,1,1,514,5.7469
38,1,1,515,5.3147
38,1,1,516,4.8722
38,1,1,517,3.6915
38,1,1,518,3.7472
38,1,1,519,4.7239
38,1,1,520,4.3268
38,1,1,521,4.1366
38,1,1,522,3.9388
38,1,1,523,3.9902
38,1,1,524,4.2211
38,1,1,525,4.3941
38,1,1,526,4.6957
38,1,1,527,4.6434
38,1,1,528,3.2193
38,1,1,529,4.0758
38,1,1,530,4.3318
38,1,1,531,4.1251
38,1,1,532,3.8588
38,1,1,533,3.9736
38,1,1,534,3.7992
38,1,1,535,4.1745
38,1,1,536,4.092
38,1,1,537,4.202
38,1,1,538,3.8414
38,1,1,539,3.3071
38,1,1,540,3.9465
38,1,1,541,3.8497
38,1,1,542,3.7342
38,1,1,543,4.5725
38,1,1,544,5.1884
38,1,1,545,5.1914
38,1,1,546,4.6078
38,1,1,547,3.9421
38,1,1,548,4.1629
38,1,1,549,5.0441
38,1,1,550,4.7445
38,1,1,551,5.1543
38,1,1,552,4.6349
38,1,1,553,5.4327
38,1,1,554,5.3468
38,1,1,555,5.2954
38,1,1,556,6.0193
38,1,1,557,5.3392
38,1,1,558,5.2114
38,1,1,559,4.6353
38,1,1,560,5.6747
38,1,1,561,5.178
38,1,1,562,4.4661
38,1,1,563,5.4922
38,1,1,564,4.2749
38,1,1,565,5.3966
38,1,1,566,5.5839
38,1,1,567,5.3208
38,1,1,568,5.4821
38,1,1,569,5.5802
38,1,1,570,5.4796
38,1,1,571,5.4351
38,1,1,572,5.438
38,1,1,573,5.131
38,1,1,574,4.5116
38,1,1,575,4.3266
38,1,1,576,5.2876
38,1,1,577,5.0532
38,1,1,578,5.2874
38,1,1,579,5.6664
38,1,1,580,5.3871
38,1,1,581,5.548
38,1,1,582,5.2083
38,1,1,583,5.0223
38,1,1,584,5.4086
38,1,1,585,5.3593
38,1,1,586,6.3437
38,1,1,587,6.2336
38,1,1,588,5.7769
38,1,1,589,5.5601
38,1,1,590,5.3931
38,1,1,591,5.4464
38,1,1,592,5.2184
38,1,1,593,5.2515
38,1,1,594,4.9341
38,1,1,595,5.0741
38,1,1,596,4.9971
38,1,1,597,5.0654
38,1,1,598,5.4379
38,1,1,599,5.4353
38,1,1,600,4.2887
38,1,1,601,4.9147
38,1,1,602,4.9074
38,1,1,603,4.5367
38,1,1,604,5.1835
38,1,1,605,5.3087
38,1,1,606,5.3105
38,1,1,607,5.2479
38,1,1,608,5.15
38,1,1,609,5.0508
38,1,1,610,4.533
38,1,1,611,4.4389
38,1,1,612,5.3206
38,1,1,613,5.5407
38,1,1,614,5.4426
38,1,1,615,5.2999
38,1,1,616,5.2806
38,1,1,617,5.2842
38,1,1,618,5.3037
38,1,1,619,5.3766
38,1,1,620,5.3001
38,1,1,621,5.2128
38,1,1,622,5.4342
38,1,1,623,5.2792
38,1,1,624,5.0313
38,1,1,625,4.572
38,1,1,626,5.1907
38,1,1,627,5.0158
38,1,1,628,5.1356
38,1,1,629,5.005
38,1,1,630,4.9646
38,1,1,631,5.0671
38,1,1,632,4.9526
38,1,1,633,4.9285
38,1,1,634,4.9819
38,1,1,635,4.9158
38,1,1,636,4.0864
38,1,1,637,4.6004
38,1,1,638,3.6231
38,1,1,639,3.5938
38,1,1,640,3.5578
38,1,1,641,3.9427
38,1,1,642,4.1211
38,1,1,643,3.5939
38,1,1,644,3.6078
38,1,1,645,4.0251
38,1,1,646,5.2478
38,1,1,647,4.1394
38,1,1,648,5.094
38,1,1,649,5.2681
38,1,1,650,5.456
38,1,1,651,5.1592
38,1,1,652,5.9153
38,1,1,653,5.0605
38,1,1,654,4.9886
38,1,1,655,4.5091
38,1,1,656,6.0285
38,1,1,657,6.2584
38,1,1,658,6.6719
38,1,1,659,6.4418
38,1,1,660,5.7412
38,1,1,661,5.1569
38,1,1,662,4.9972
38,1,1,663,5.163
38,1,1,664,5.0328
38,1,1,665,5.0221
38,1,1,666,5.5323
38,1,1,667,5.0585
38,1,1,668,5.7511
38,1,1,669,6.0478
38,1,1,670,6.0395
38,1,1,671,6.1892
38,1,1,672,5.3384
38,1,1,673,5.5789
38,1,1,674,5.3452
38,1,1,675,5.3483
38,1,1,676,5.2188
38,1,1,677,5.8213
38,1,1,678,8.1874
38,1,1,679,9.1349
38,1,1,680,9.4157
38,1,1,681,7.7555
38,1,1,682,6.0502
38,1,1,683,4.4392
38,1,1,684,5.29
38,1,1,685,5.3768
38,1,1,686,5.2513
38,1,1,687,5.2477
38,1,1,688,5.2396
38,1,1,689,5.3609
38,1,1,690,5.458
38,1,1,691,5.4037
38,1,1,692,5.3621
38,1,1,693,5.2487
38,1,1,694,4.9963
38,1,1,695,5.3207
38,1,1,696,5.2937
38,1,1,697,5.3624
38,1,1,698,5.2716
38,1,1,699,5.3027
38,1,1,700,5.4844
38,1,1,701,5.3319
38,1,1,702,5.423
38,1,1,703,5.5787
38,1,1,704,5.4566
38,1,1,705,5.1602
38,1,1,706,5.2967
38,1,1,707,5.284
38,1,1,708,4.0292
38,1,1,709,3.7052
38,1,1,710,4.3282
38,1,1,711,4.3335
38,1,1,712,4.3126
38,1,1,713,4.4757
38,1,1,714,4.3226
38,1,1,715,4.2622
38,1,1,716,4.3531
38,1,1,717,4.3448
38,1,1,718,4.3222
38,1,1,719,3.0613
38,1,1,720,2.7865
38,1,1,721,2.6205
38,1,1,722,3.0509
38,1,1,723,3.0212
38,1,1,724,3.0327
38,1,1,725,3.0496
38,1,1,726,3.0547
38,1,1,727,3.0097
38,1,1,728,2.9608
38,1,1,729,2.9566
38,1,1,730,3.0368
38,1,1,731,3.1119
38,1,1,732,3.1068
38,1,1,733,3.0188
38,1,1,734,3.05
38,1,1,735,3.0485
38,1,1,736,3.0467
38,1,1,737,3.0275
38,1,1,738,3.0195
38,1,1,739,2.9779
38,1,1,740,3.0771
38,1,1,741,3.0665
38,1,1,742,3.0442
38,1,1,743,3.0519
38,1,1,744,3.0111
38,1,1,745,3.0219
38,1,1,746,2.9186
38,1,1,747,2.7841
38,1,1,748,3.0569
38,1,1,749,3.0498
38,1,1,750,3.0403
38,1,1,751,3.0658
38,1,1,752,3.0382
38,1,1,753,3.0234
38,1,1,754,3.0359
38,1,1,755,2.9859
38,1,1,756,3.0363
38,1,1,757,3.0189
38,1,1,758,3.0275
38,1,1,759,3.0335
38,1,1,760,3.022
38,1,1,761,3.0361
38,1,1,762,3.1181
38,1,1,763,3.0697
38,1,1,764,3.0975
38,1,1,765,3.1775
38,1,1,766,3.3413
38,1,1,767,3.0373
38,1,1,768,3.025
38,1,1,769,3.0303
38,1,1,770,3.0506
38,1,1,771,3.028
38,1,1,772,3.0515
38,1,1,773,3.1086
38,1,1,774,3.0273
38,1,1,775,3.0263
38,1,1,776,3.0603
38,1,1,777,2.979
38,1,1,778,2.9969
38,1,1,779,2.9983
38,1,1,780,2.996
38,1,1,781,3.0451
38,1,1,782,3.0577
38,1,1,783,2.988
38,1,1,784,2.9597
38,1,1,785,2.9769
38,1,1,786,2.5255
38,1,1,787,2.2726
38,1,1,788,3.0003
38,1,1,789,2.9495
38,1,1,790,3.0103
38,1,1,791,2.9763
38,1,1,792,3.0635
38,1,1,793,3.0903
38,1,1,794,3.0924
38,1,1,795,2.9713
38,1,1,796,2.9896
38,1,1,797,3.3188
38,1,1,798,3.3328
38,1,1,799,3.3186
38,1,1,800,4.0674
38,1,1,801,4.2245
38,1,1,802,4.1814
38,1,1,803,4.1486
38,1,1,804,3.952
38,1,1,805,3.9638
38,1,1,806,3.6793
38,1,1,807,3.1679
38,1,1,808,2.9535
38,1,1,809,3.0167
38,1,1,810,2.9987
38,1,1,811,2.9876
38,1,1,812,3.0128
38,1,1,813,2.9774
38,1,1,814,2.9464
38,1,1,815,3.0895
38,1,1,816,2.8672
38,1,1,817,2.9956
38,1,1,818,2.9648
38,1,1,819,3.0172
38,1,1,820,2.5414
38,1,1,821,2.6202
38,1,1,822,2.9514
38,1,1,823,2.9928
38,1,1,824,2.9982
38,1,1,825,2.8768
38,1,1,826,2.4661
38,1,1,827,2.111
38,1,1,828,3.0262
38,1,1,829,2.6821
38,1,1,830,2.7661
38,1,1,831,2.9826
38,1,1,832,2.9694
38,1,1,833,2.9717
38,1,1,834,2.9576
38,1,1,835,2.9649
38,1,1,836,2.9612
38,1,1,837,2.7607
38,1,1,838,2.3948
38,1,1,839,2.9077
38,1,1,840,3.0264
38,1,1,841,2.9756
38,1,1,842,2.9705
38,1,1,843,2.9644
38,1,1,844,3.0024
38,1,1,845,2.9902
38,1,1,846,2.9813
38,1,1,847,3.006
38,1,1,848,2.9802
38,1,1,849,2.9932
38,1,1,850,2.9773
38,1,1,851,3.0413
38,1,1,852,3.002
38,1,1,853,2.8395
38,1,1,854,2.9406
38,1,1,855,3.0059
38,1,1,856,2.9777
38,1,1,857,2.9932
38,1,1,858,3.0196
38,1,1,859,3.0058
38,1,1,860,2.961
38,1,1,861,3.0195
38,1,1,862,2.9753
38,1,1,863,2.8424
38,1,1,864,2.7198
38,1,1,865,2.9508
38,1,1,866,2.9835
38,1,1,867,2.9848
38,1,1,868,2.9934
38,1,1,869,2.9954
38,1,1,870,2.9639
38,1,1,871,2.9847
38,1,1,872,3.0125
38,1,1,873,2.9737
38,1,1,874,3.0157
38,1,1,875,2.9863
38,1,1,876,2.9536
38,1,1,877,2.9545
38,1,1,878,2.984
38,1,1,879,2.8283
38,1,1,880,2.8652
38,1,1,881,3.0531
38,1,1,882,2.9643
38,1,1,883,2.9839
38,1,1,884,2.9887
38,1,1,885,3.0333
38,1,1,886,3.0287
38,1,1,887,2.9521
38,1,1,888,2.9437
38,1,1,889,3.0051
38,1,1,890,3.0223
38,1,1,891,3.0458
38,1,1,892,2.9844
38,1,1,893,2.9643
38,1,1,894,2.9569
38,1,1,895,3.0063
38,1,1,896,2.9863
38,1,1,897,3.018
38,1,1,898,2.9722
38,1,1,899,2.9483
38,1,1,900,3.0271
38,1,2,1,26.0215
38,1,2,2,23.94
38,1,2,3,34.2569
38,1,2,4,38.6927
38,1,2,5,37.389
38,1,2,6,36.3009
38,1,2,7,33.6635
38,1,2,8,36.1565
38,1,2,9,36.7344
38,1,2,10,41.1137
38,1,2,11,38.7941
38,1,2,12,36.8807
38,1,2,13,35.3812
38,1,2,14,36.7455
38,1,2,15,35.0728
38,1,2,16,34.3742
38,1,2,17,32.4377
38,1,2,18,35.8856
38,1,2,19,36.491
38,1,2,20,38.1664
38,1,2,21,38.3886
38,1,2,22,36.6622
38,1,2,23,31.3273
38,1,2,24,35.2494
38,1,2,25,34.6009
38,1,2,26,35.1484
38,1,2,27,34.6558
38,1,2,28,28.7084
38,1,2,29,25.57
38,1,2,30,39.1808
38,1,2,31,29.4824
38,1,2,32,26.5448
38,1,2,33,36.4916
38,1,2,34,29.9547
38,1,2,35,26.7827
38,1,2,36,30.4176
38,1,2,37,35.0238
38,1,2,38,32.8717
38,1,2,39,37.4436
38,1,2,40,40.0462
38,1,2,41,31.6303
38,1,2,42,25.1482
38,1,2,43,31.3447
38,1,2,44,31.0157
38,1,2,45,32.6044
38,1,2,46,29.822
38,1,2,47,31.9997
38,1,2,48,31.4947
38,1,2,49,36.4545
38,1,2,50,30.9902
38,1,2,51,33.3862
38,1,2,52,27.6469
38,1,2,53,34.8543
38,1,2,54,33.1433
38,1,2,55,33.1323
38,1,2,56,32.0776
38,1,2,57,34.2134
38,1,2,58,33.2376
38,1,2,59,33.6641
38,1,2,60,27.9101
38,1,2,61,29.395
38,1,2,62,31.4559
38,1,2,63,30.8589
38,1,2,64,33.6575
38,1,2,65,34.2855
38,1,2,66,28.0863
38,1,2,67,31.6521
38,1,2,68,29.6489
38,1,2,69,30.906
38,1,2,70,37.0403
38,1,2,71,24.3163
38,1,2,72,29.6826
38,1,2,73,31.2768
38,1,2,74,29.6588
38,1,2,75,21.8981
38,1,2,76,21.8416
38,1,2,77,21.3307
38,1,2,78,20.9497
38,1,2,79,21.8864
38,1,2,80,22.495
38,1,2,81,21.9452
38,1,2,82,22.9623
38,1,2,83,22.2076
38,1,2,84,24.1654
38,1,2,85,22.1539
38,1,2,86,23.9541
38,1,2,87,28.4193
38,1,2,88,29.7541
38,1,2,89,29.7169
38,1,2,90,21.9429
38,1,2,91,20.8575
38,1,2,92,21.3054
38,1,2,93,23.0161
38,1,2,94,31.5457
38,1,2,95,28.7978
38,1,2,96,32.0609
38,1,2,97,31.7811
38,1,2,98,24.5783
38,1,2,99,24.9018
38,1,2,100,27.62
38,1,2,101,37.7068
38,1,2,102,40.6549
38,1,2,103,29.5704
38,1,2,104,20.1743
38,1,2,105,30.5789
38,1,2,106,27.2232
38,1,2,107,27.3911
38,1,2,108,25.8438
38,1,2,109,27.2637
38,1,2,110,28.3782
38,1,2,111,26.8361
38,1,2,112,28.4808
38,1,2,113,26.0363
38,1,2,114,26.204
38,1,2,115,24.5765
38,1,2,116,26.7153
38,1,2,117,24.3857
38,1,2,118,20.0762
38,1,2,119,20.4091
38,1,2,120,23.9431
38,1,2,121,26.6423
38,1,2,122,26.609
38,1,2,123,22.093
38,1,2,124,27.3031
38,1,2,125,22.1885
38,1,2,126,24.241
38,1,2,127,24.8881
38,1,2,128,23.7786
38,1,2,129,23.2676
38,1,2,130,23.8622
38,1,2,131,25.3531
38,1,2,132,21.9053
38,1,2,133,21.6704
38,1,2,134,21.4505
38,1,2,135,21.7107
38,1,2,136,24.7663
38,1,2,137,24.8764
38,1,2,138,24.1252
38,1,2,139,17.905
38,1,2,140,18.0338
38,1,2,141,21.3027
38,1,2,142,19.4495
38,1,2,143,17.2787
38,1,2,144,18.9777
38,1,2,145,17.906
38,1,2,146,19.1724
38,1,2,147,19.9714
38,1,2,148,20.8167
38,1,2,149,20.1592
38,1,2,150,18.1943
38,1,2,151,23.0068
38,1,2,152,21.812
38,1,2,153,20.8404
38,1,2,154,18.7071
38,1,2,155,18.766
38,1,2,156,19.3455
38,1,2,157,21.5172
38,1,2,158,21.1675
38,1,2,159,20.1727
38,1,2,160,18.288
38,1,2,161,18.0969
38,1,2,162,21.4397
38,1,2,163,20.341
38,1,2,164,15.5089
38,1,2,165,12.8263
38,1,2,166,14.0953
38,1,2,167,13.2411
38,1,2,168,12.0154
38,1,2,169,14.6398
38,1,2,170,14.6308
38,1,2,171,13.8138
38,1,2,172,14.6443
38,1,2,173,15.4255
38,1,2,174,14.4557
38,1,2,175,12.3219
38,1,2,176,15.5473
38,1,2,177,13.1178
38,1,2,178,19.9815
38,1,2,179,23.5841
38,1,2,180,21.1041
38,1,2,181,20.7344
38,1,2,182,21.5101
38,1,2,183,22.7904
38,1,2,184,26.7115
38,1,2,185,32.5115
38,1,2,186,24.3349
38,1,2,187,23.376
38,1,2,188,22.5362
38,1,2,189,29.6446
38,1,2,190,13.4184
38,1,2,191,12.216
38,1,2,192,17.5609
38,1,2,193,17.8032
38,1,2,194,18.9766
38,1,2,195,16.0823
38,1,2,196,18.1152
38,1,2,197,17.906
38,1,2,198,18.859
38,1,2,199,17.4634
38,1,2,200,19.5078
38,1,2,201,17.175
38,1,2,202,19.8287
38,1,2,203,17.8055
38,1,2,204,14.2834
38,1,2,205,13.7213
38,1,2,206,15.7659
38,1,2,207,13.2111
38,1,2,208,13.8157
38,1,2,209,13.1732
38,1,2,210,10.6665
38,1,2,211,8.0362
38,1,2,212,7.935
38,1,2,213,10.8373
38,1,2,214,11.3992
38,1,2,215,8.3603
38,1,2,216,9.3329
38,1,2,217,11.705
38,1,2,218,7.582
38,1,2,219,11.1756
38,1,2,220,11.4775
38,1,2,221,9.1976
38,1,2,222,9.2759
38,1,2,223,11.8286
38,1,2,224,11.792
38,1,2,225,10.5541
38,1,2,226,10.9069
38,1,2,227,9.9332
38,1,2,228,9.4865
38,1,2,229,10.3754
38,1,2,230,10.346
38,1,2,231,9.7987
38,1,2,232,10.4866
38,1,2,233,21.5543
38,1,2,234,24.8282
38,1,2,235,26.7304
38,1,2,236,25.3784
38,1,2,237,22.2943
38,1,2,238,28.2431
38,1,2,239,21.3941
38,1,2,240,19.0238
38,1,2,241,21.5098
38,1,2,242,25.5511
38,1,2,243,25.8257
38,1,2,244,23.4727
38,1,2,245,26.4897
38,1,2,246,26.7345
38,1,2,247,25.4137
38,1,2,248,25.7165
38,1,2,249,22.409
38,1,2,250,23.5636
38,1,2,251,21.8604
38,1,2,252,22.4932
38,1,2,253,24.8556
38,1,2,254,23.8794
38,1,2,255,24.099
38,1,2,256,22.9212
38,1,2,257,22.8617
38,1,2,258,23.4137
38,1,2,259,2.5988
38,1,2,260,4.3213
38,1,2,261,4.6268
38,1,2,262,4.3068
38,1,2,263,4.4087
38,1,2,264,4.2245
38,1,2,265,4.1192
38,1,2,266,3.9478
38,1,2,267,4.0594
38,1,2,268,4.5388
38,1,2,269,3.9369
38,1,2,270,3.442
38,1,2,271,3.1222
38,1,2,272,3.0918
38,1,2,273,3.1009
38,1,2,274,3.2624
38,1,2,275,3.2079
38,1,2,276,3.2001
38,1,2,277,3.1447
38,1,2,278,2.4102
38,1,2,279,3.504
38,1,2,280,3.2607
38,1,2,281,3.1902
38,1,2,282,3.2541
38,1,2,283,2.9364
38,1,2,284,3.3277
38,1,2,285,3.7541
38,1,2,286,4.3682
38,1,2,287,4.8582
38,1,2,288,4.6029
38,1,2,289,4.38
38,1,2,290,4.3443
38,1,2,291,4.1986
38,1,2,292,3.4241
38,1,2,293,3.1656
38,1,2,294,3.1032
38,1,2,295,2.8406
38,1,2,296,4.0187
38,1,2,297,3.8874
38,1,2,298,3.92
38,1,2,299,3.8288
38,1,2,300,4.0748
38,1,2,301,4.0094
38,1,2,302,3.7927
38,1,2,303,3.4748
38,1,2,304,3.2134
38,1,2,305,3.1613
38,1,2,306,3.1355
38,1,2,307,3.1311
38,1,2,308,2.8281
38,1,2,309,3.1646
38,1,2,310,3.1565
38,1,2,311,3.1432
38,1,2,312,3.1443
38,1,2,313,3.2206
38,1,2,314,3.1603
38,1,2,315,3.1482
38,1,2,316,3.1413
38,1,2,317,3.1316
38,1,2,318,2.9649
38,1,2,319,3.0378
38,1,2,320,3.1043
38,1,2,321,3.1047
38,1,2,322,2.9006
38,1,2,323,2.7521
38,1,2,324,2.9893
38,1,2,325,3.1213
38,1,2,326,3.1639
38,1,2,327,3.1507
38,1,2,328,3.1608
38,1,2,329,3.1732
38,1,2,330,3.1335
38,1,2,331,3.1762
38,1,2,332,3.14
38,1,2,333,3.2142
38,1,2,334,3.2766
38,1,2,335,3.2159
38,1,2,336,3.1749
38,1,2,337,3.1635
38,1,2,338,3.1755
38,1,2,339,3.4475
38,1,2,340,3.1498
38,1,2,341,3.1492
38,1,2,342,3.2019
38,1,2,343,3.3092
38,1,2,344,3.8311
38,1,2,345,3.7123
38,1,2,346,3.7361
38,1,2,347,3.9958
38,1,2,348,4.1674
38,1,2,349,4.0436
38,1,2,350,3.8715
38,1,2,351,3.8961
38,1,2,352,4.1038
38,1,2,353,4.0973
38,1,2,354,3.8762
38,1,2,355,3.85
38,1,2,356,3.8656
38,1,2,357,4.1161
38,1,2,358,4.0455
38,1,2,359,4.1278
38,1,2,360,4.2078
38,1,2,361,4.2018
38,1,2,362,3.9049
38,1,2,363,3.9441
38,1,2,364,4.0191
38,1,2,365,4.4442
38,1,2,366,4.1663
38,1,2,367,2.6787
38,1,2,368,3.9468
38,1,2,369,3.5943
38,1,2,370,3.1795
38,1,2,371,3.1298
38,1,2,372,3.2413
38,1,2,373,3.2258
38,1,2,374,3.1859
38,1,2,375,3.1336
38,1,2,376,3.1212
38,1,2,377,3.2033
38,1,2,378,3.1368
38,1,2,379,3.1449
38,1,2,380,3.1486
38,1,2,381,3.0281
38,1,2,382,3.1233
38,1,2,383,3.1848
38,1,2,384,3.0966
38,1,2,385,3.1214
38,1,2,386,2.8759
38,1,2,387,3.0088
38,1,2,388,3.155
38,1,2,389,3.1558
38,1,2,390,3.1878
38,1,2,391,3.1704
38,1,2,392,3.1607
38,1,2,393,3.1995
38,1,2,394,3.1891
38,1,2,395,3.1669
38,1,2,396,3.1593
38,1,2,397,3.1319
38,1,2,398,3.1587
38,1,2,399,3.1868
38,1,2,400,3.1394
38,1,2,401,3.3312
38,1,2,402,3.2885
38,1,2,403,3.4416
38,1,2,404,3.8965
38,1,2,405,3.4783
38,1,2,406,3.3364
38,1,2,407,3.6872
38,1,2,408,3.5058
38,1,2,409,3.1957
38,1,2,410,3.2351
38,1,2,411,3.2677
38,1,2,412,3.1375
38,1,2,413,3.161
38,1,2,414,3.1686
38,1,2,415,3.1058
38,1,2,416,3.1488
38,1,2,417,3.1305
38,1,2,418,3.1045
38,1,2,419,3.1437
38,1,2,420,2.8778
38,1,2,421,3.1786
38,1,2,422,3.1371
38,1,2,423,3.1217
38,1,2,424,3.1645
38,1,2,425,2.7349
38,1,2,426,3.1127
38,1,2,427,3.1617
38,1,2,428,3.1284
38,1,2,429,3.1469
38,1,2,430,2.8114
38,1,2,431,2.9588
38,1,2,432,3.1717
38,1,2,433,3.1547
38,1,2,434,3.077
38,1,2,435,2.6302
38,1,2,436,3.0122
38,1,2,437,2.8731
38,1,2,438,2.6599
38,1,2,439,3.0976
38,1,2,440,3.1033
38,1,2,441,2.8765
38,1,2,442,3.1154
38,1,2,443,3.1464
38,1,2,444,3.1041
38,1,2,445,3.1392
38,1,2,446,3.3376
38,1,2,447,3.2449
38,1,2,448,3.1421
38,1,2,449,3.1462
38,1,2,450,3.1386
38,1,2,451,3.6788
38,1,2,452,3.2062
38,1,2,453,3.0272
38,1,2,454,3.5889
38,1,2,455,5.0844
38,1,2,456,4.5069
38,1,2,457,5.0101
38,1,2,458,4.3794
38,1,2,459,4.6081
38,1,2,460,5.1102
38,1,2,461,4.1201
38,1,2,462,2.219
38,1,2,463,4.7354
38,1,2,464,5.3341
38,1,2,465,2.7268
38,1,2,466,2.4654
38,1,2,467,5.4448
38,1,2,468,4.8652
38,1,2,469,5.2419
38,1,2,470,5.1792
38,1,2,471,7.1493
38,1,2,472,6.3437
38,1,2,473,5.1749
38,1,2,474,5.0342
38,1,2,475,4.4428
38,1,2,476,7.807
38,1,2,477,6.2446
38,1,2,478,6.7748
38,1,2,479,7.0708
38,1,2,480,6.7932
38,1,2,481,7.2109
38,1,2,482,7.2314
38,1,2,483,7.291
38,1,2,484,7.279
38,1,2,485,6.0228
38,1,2,486,5.1817
38,1,2,487,5.0088
38,1,2,488,6.5997
38,1,2,489,6.308
38,1,2,490,6.6004
38,1,2,491,5.8786
38,1,2,492,5.1222
38,1,2,493,5.3974
38,1,2,494,5.3015
38,1,2,495,4.9726
38,1,2,496,5.2868
38,1,2,497,6.317
38,1,2,498,5.4351
38,1,2,499,7.8886
38,1,2,500,8.4316
38,1,2,501,8.2168
38,1,2,502,5.2147
38,1,2,503,6.262
38,1,2,504,5.3172
38,1,2,505,4.9606
38,1,2,506,5.1289
38,1,2,507,4.8783
38,1,2,508,5.4055
38,1,2,509,6.1951
38,1,2,510,6.0137
38,1,2,511,7.6769
38,1,2,512,7.3973
38,1,2,513,7.3392
38,1,2,514,8.2753
38,1,2,515,7.6277
38,1,2,516,7.078
38,1,2,517,5.4441
38,1,2,518,7.7147
38,1,2,519,6.6554
38,1,2,520,7.345
38,1,2,521,7.0216
38,1,2,522,7.203
38,1,2,523,6.8748
38,1,2,524,7.1319
38,1,2,525,5.7068
38,1,2,526,5.1619
38,1,2,527,5.0313
38,1,2,528,5.0635
38,1,2,529,5.2276
38,1,2,530,5.5232
38,1,2,531,4.5783
38,1,2,532,7.2013
38,1,2,533,7.1931
38,1,2,534,6.9724
38,1,2,535,6.8053
38,1,2,536,6.5981
38,1,2,537,7.5557
38,1,2,538,6.1902
38,1,2,539,6.7237
38,1,2,540,6.7
38,1,2,541,5.637
38,1,2,542,5.0563
38,1,2,543,6.5425
38,1,2,544,6.8311
38,1,2,545,7.19
38,1,2,546,7.7264
38,1,2,547,6.482
38,1,2,548,5.4235
38,1,2,549,6.0267
38,1,2,550,5.7883
38,1,2,551,5.5913
38,1,2,552,5.2648
38,1,2,553,5.112
38,1,2,554,4.2915
38,1,2,555,4.851
38,1,2,556,5.2125
38,1,2,557,5.3023
38,1,2,558,4.6503
38,1,2,559,6.1134
38,1,2,560,5.2838
38,1,2,561,6.1582
38,1,2,562,4.5258
38,1,2,563,5.5268
38,1,2,564,5.6287
38,1,2,565,5.0617
38,1,2,566,4.8438
38,1,2,567,5.4693
38,1,2,568,6.0418
38,1,2,569,5.659
38,1,2,570,5.2687
38,1,2,571,5.4096
38,1,2,572,5.836
38,1,2,573,4.6871
38,1,2,574,5.3358
38,1,2,575,5.2905
38,1,2,576,4.9755
38,1,2,577,5.0168
38,1,2,578,3.2632
38,1,2,579,4.9572
38,1,2,580,4.9725
38,1,2,581,5.2611
38,1,2,582,5.3979
38,1,2,583,4.962
38,1,2,584,5.3875
38,1,2,585,5.4133
38,1,2,586,5.0822
38,1,2,587,5.2204
38,1,2,588,5.6186
38,1,2,589,5.3604
38,1,2,590,5.2853
38,1,2,591,4.6811
38,1,2,592,5.4946
38,1,2,593,5.6016
38,1,2,594,5.2602
38,1,2,595,5.2622
38,1,2,596,5.3072
38,1,2,597,5.2769
38,1,2,598,5.3544
38,1,2,599,5.4862
38,1,2,600,5.2946
38,1,2,601,5.245
38,1,2,602,4.0739
38,1,2,603,4.4104
38,1,2,604,5.8242
38,1,2,605,4.913
38,1,2,606,5.5203
38,1,2,607,5.4992
38,1,2,608,5.4875
38,1,2,609,5.5641
38,1,2,610,5.248
38,1,2,611,5.2098
38,1,2,612,5.0348
38,1,2,613,4.3497
38,1,2,614,4.0556
38,1,2,615,4.5111
38,1,2,616,5.0651
38,1,2,617,4.9897
38,1,2,618,4.267
38,1,2,619,5.4132
38,1,2,620,5.0371
38,1,2,621,4.7833
38,1,2,622,5.3228
38,1,2,623,5.2816
38,1,2,624,5.2791
38,1,2,625,5.4526
38,1,2,626,5.4971
38,1,2,627,5.6001
38,1,2,628,5.5463
38,1,2,629,5.4975
38,1,2,630,5.3311
38,1,2,631,4.6686
38,1,2,632,5.2476
38,1,2,633,4.1711
38,1,2,634,5.3105
38,1,2,635,5.2671
38,1,2,636,4.6277
38,1,2,637,5.0727
38,1,2,638,5.3528
38,1,2,639,4.1738
38,1,2,640,5.2577
38,1,2,641,4.9802
38,1,2,642,5.0696
38,1,2,643,5.0123
38,1,2,644,4.9373
38,1,2,645,5.1005
38,1,2,646,5.286
38,1,2,647,5.3895
38,1,2,648,5.4615
38,1,2,649,5.0818
38,1,2,650,4.2319
38,1,2,651,5.0699
38,1,2,652,5.3356
38,1,2,653,4.9791
38,1,2,654,5.1935
38,1,2,655,5.3515
38,1,2,656,4.9962
38,1,2,657,5.2606
38,1,2,658,5.3425
38,1,2,659,5.216
38,1,2,660,5.2858
38,1,2,661,5.0217
38,1,2,662,5.0087
38,1,2,663,4.9425
38,1,2,664,5.0985
38,1,2,665,5.1631
38,1,2,666,4.9977
38,1,2,667,5.2439
38,1,2,668,5.1815
38,1,2,669,5.0811
38,1,2,670,5.2686
38,1,2,671,5.237
38,1,2,672,5.1196
38,1,2,673,5.6189
38,1,2,674,5.2339
38,1,2,675,4.1909
38,1,2,676,5.8919
38,1,2,677,5.8669
38,1,2,678,5.4723
38,1,2,679,5.7771
38,1,2,680,5.6751
38,1,2,681,5.4749
38,1,2,682,5.2647
38,1,2,683,5.1099
38,1,2,684,5.0713
38,1,2,685,5.7169
38,1,2,686,4.2304
38,1,2,687,4.6871
38,1,2,688,5.9251
38,1,2,689,7.0821
38,1,2,690,8.3401
38,1,2,691,7.1651
38,1,2,692,5.4645
38,1,2,693,5.0409
38,1,2,694,5.3786
38,1,2,695,5.5707
38,1,2,696,5.7084
38,1,2,697,5.5459
38,1,2,698,5.2555
38,1,2,699,4.2567
38,1,2,700,4.5294
38,1,2,701,4.7038
38,1,2,702,5.0716
38,1,2,703,4.5299
38,1,2,704,5.2385
38,1,2,705,5.2255
38,1,2,706,5.824
38,1,2,707,7.9106
38,1,2,708,8.8612
38,1,2,709,8.9098
38,1,2,710,13.1519
38,1,2,711,6.0848
38,1,2,712,11.5673
38,1,2,713,5.2243
38,1,2,714,7.301
38,1,2,715,4.4052
38,1,2,716,4.8956
38,1,2,717,5.5377
38,1,2,718,4.9131
38,1,2,719,5.7578
38,1,2,720,5.2099
38,1,2,721,4.2687
38,1,2,722,2.3386
38,1,2,723,2.433
38,1,2,724,3.6938
38,1,2,725,2.7151
38,1,2,726,2.3035
38,1,2,727,4.1341
38,1,2,728,4.0048
38,1,2,729,3.9184
38,1,2,730,3.2455
38,1,2,731,4.0061
38,1,2,732,6.4932
38,1,2,733,4.5717
38,1,2,734,3.9676
38,1,2,735,6.0362
38,1,2,736,3.6937
38,1,2,737,2.2988
38,1,2,738,3.2268
38,1,2,739,3.0005
38,1,2,740,2.8391
38,1,2,741,2.8453
38,1,2,742,2.6541
38,1,2,743,2.991
38,1,2,744,2.9901
38,1,2,745,2.8239
38,1,2,746,2.3777
38,1,2,747,2.9793
38,1,2,748,2.9756
38,1,2,749,2.9884
38,1,2,750,2.9599
38,1,2,751,2.9402
38,1,2,752,2.9871
38,1,2,753,2.8717
38,1,2,754,2.8375
38,1,2,755,2.5874
38,1,2,756,2.9088
38,1,2,757,2.7787
38,1,2,758,2.7259
38,1,2,759,2.1632
38,1,2,760,2.7937
38,1,2,761,2.7998
38,1,2,762,2.906
38,1,2,763,2.8734
38,1,2,764,2.2367
38,1,2,765,2.6434
38,1,2,766,3.2112
38,1,2,767,3.1011
38,1,2,768,3.0865
38,1,2,769,3.4114
38,1,2,770,3.5847
38,1,2,771,3.0862
38,1,2,772,3.1184
38,1,2,773,3.1147
38,1,2,774,3.0974
38,1,2,775,3.1166
38,1,2,776,3.3155
38,1,2,777,3.548
38,1,2,778,3.1139
38,1,2,779,2.7412
38,1,2,780,3.1109
38,1,2,781,3.047
38,1,2,782,2.9935
38,1,2,783,2.9333
38,1,2,784,2.859
38,1,2,785,2.6633
38,1,2,786,2.7921
38,1,2,787,3.0476
38,1,2,788,2.8434
38,1,2,789,2.7405
38,1,2,790,2.8368
38,1,2,791,3.0716
38,1,2,792,3.0767
38,1,2,793,3.0601
38,1,2,794,3.1152
38,1,2,795,3.0119
38,1,2,796,2.6807
38,1,2,797,2.374
38,1,2,798,2.9065
38,1,2,799,3.0131
38,1,2,800,2.9006
38,1,2,801,2.7012
38,1,2,802,3.0287
38,1,2,803,2.9462
38,1,2,804,3.0565
38,1,2,805,3.0803
38,1,2,806,3.1098
38,1,2,807,2.9983
38,1,2,808,2.9799
38,1,2,809,2.9736
38,1,2,810,2.9423
38,1,2,811,2.7356
38,1,2,812,3.5182
38,1,2,813,4.0954
38,1,2,814,3.916
38,1,2,815,5.1465
38,1,2,816,3.3937
38,1,2,817,2.757
38,1,2,818,3.7294
38,1,2,819,4.875
38,1,2,820,4.9975
38,1,2,821,3.9595
38,1,2,822,4.0364
38,1,2,823,3.5222
38,1,2,824,3.1454
38,1,2,825,2.7793
38,1,2,826,2.7954
38,1,2,827,3.0329
38,1,2,828,3.9514
38,1,2,829,3.1881
38,1,2,830,3.6476
38,1,2,831,3.3832
38,1,2,832,3.339
38,1,2,833,3.1604
38,1,2,834,2.4003
38,1,2,835,2.6723
38,1,2,836,2.838
38,1,2,837,3.2269
38,1,2,838,3.4009
38,1,2,839,3.2094
38,1,2,840,2.5578
38,1,2,841,3.1933
38,1,2,842,3.2767
38,1,2,843,3.2837
38,1,2,844,3.1949
38,1,2,845,2.9582
38,1,2,846,3.0706
38,1,2,847,3.1597
38,1,2,848,3.8407
38,1,2,849,3.3814
38,1,2,850,3.1631
38,1,2,851,2.6279
38,1,2,852,2.8778
38,1,2,853,2.3434
38,1,2,854,2.8389
38,1,2,855,2.9905
38,1,2,856,3.0005
38,1,2,857,2.9869
38,1,2,858,2.9603
38,1,2,859,2.9724
38,1,2,860,2.6488
38,1,2,861,2.5559
38,1,2,862,2.4771
38,1,2,863,2.8066
38,1,2,864,2.9489
38,1,2,865,2.9756
38,1,2,866,2.7961
38,1,2,867,2.8767
38,1,2,868,2.9858
38,1,2,869,2.9812
38,1,2,870,2.8648
38,1,2,871,3.0024
38,1,2,872,2.485
38,1,2,873,2.933
38,1,2,874,2.7527
38,1,2,875,2.974
38,1,2,876,2.8952
38,1,2,877,2.6938
38,1,2,878,2.7832
38,1,2,879,3.0089
38,1,2,880,2.9459
38,1,2,881,3.001
38,1,2,882,2.7705
38,1,2,883,2.5704
38,1,2,884,3.8888
38,1,2,885,2.6767
38,1,2,886,3.2645
38,1,2,887,4.6938
38,1,2,888,4.0687
38,1,2,889,4.6645
38,1,2,890,3.5966
38,1,2,891,3.5611
38,1,2,892,4.1475
38,1,2,893,3.4615
38,1,2,894,3.1005
38,1,2,895,2.6591
38,1,2,896,3.1701
38,1,2,897,3.1819
38,1,2,898,2.994
38,1,2,899,3.1199
38,1,2,900,2.8874
38,2,0,1,21.3049
38,2,0,2,17.5971
38,2,0,3,15.8505
38,2,0,4,17.3639
38,2,0,5,20.9414
38,2,0,6,21.1496
38,2,0,7,20.7763
38,2,0,8,23.0504
38,2,0,9,21.5011
38,2,0,10,22.2623
38,2,0,11,23.0531
38,2,0,12,19.1819
38,2,0,13,23.8314
38,2,0,14,19.5514
38,2,0,15,24.7717
38,2,0,16,27.669
38,2,0,17,18.7764
38,2,0,18,17.1997
38,2,0,19,15.6271
38,2,0,20,22.8318
38,2,0,21,18.9152
38,2,0,22,18.6834
38,2,0,23,24.1767
38,2,0,24,25.1102
38,2,0,25,18.9809
38,2,0,26,18.4927
38,2,0,27,18.6696
38,2,0,28,17.0841
38,2,0,29,16.685
38,2,0,30,21.0053
38,2,0,31,15.9911
38,2,0,32,16.2278
38,2,0,33,20.2488
38,2,0,34,17.5542
38,2,0,35,20.8979
38,2,0,36,20.9004
38,2,0,37,22.2897
38,2,0,38,21.7622
38,2,0,39,22.7256
38,2,0,40,21.4678
38,2,0,41,20.8106
38,2,0,42,19.7261
38,2,0,43,17.714
38,2,0,44,20.6544
38,2,0,45,21.6142
38,2,0,46,20.9349
38,2,0,47,15.1249
38,2,0,48,17.8176
38,2,0,49,13.4239
38,2,0,50,16.4097
38,2,0,51,14.5652
38,2,0,52,15.4036
38,2,0,53,18.3346
38,2,0,54,18.2079
38,2,0,55,14.7524
38,2,0,56,16.4782
38,2,0,57,19.9793
38,2,0,58,13.8142
38,2,0,59,17.036
38,2,0,60,18.3595
38,2,0,61,16.9413
38,2,0,62,18.3215
38,2,0,63,18.0205
38,2,0,64,18.4404
38,2,0,65,18.51
38,2,0,66,17.2381
38,2,0,67,18.0702
38,2,0,68,18.6935
38,2,0,69,17.0948
38,2,0,70,19.0875
38,2,0,71,17.8727
38,2,0,72,18.2828
38,2,0,73,17.5775
38,2,0,74,19.8315
38,2,0,75,20.537
38,2,0,76,23.6502
38,2,0,77,23.1387
38,2,0,78,24.3948
38,2,0,79,22.3898
38,2,0,80,21.6927
38,2,0,81,22.569
38,2,0,82,22.0881
38,2,0,83,16.3021
38,2,0,84,16.186
38,2,0,85,19.4674
38,2,0,86,21.2027
38,2,0,87,16.1693
38,2,0,88,16.4381
38,2,0,89,21.4018
38,2,0,90,18.8564
38,2,0,91,18.1772
38,2,0,92,21.7101
38,2,0,93,19.3992
38,2,0,94,18.7851
38,2,0,95,20.4953
38,2,0,96,20.1826
38,2,0,97,18.6016
38,2,0,98,20.9491
38,2,0,99,18.117
38,2,0,100,19.4237
38,2,0,101,19.2009
38,2,0,102,17.5799
38,2,0,103,18.1756
38,2,0,104,17.0379
38,2,0,105,15.8695
38,2,0,106,16.4859
38,2,0,107,17.2428
38,2,0,108,17.4057
38,2,0,109,17.3805
38,2,0,110,18.5215
38,2,0,111,17.6229
38,2,0,112,16.98
38,2,0,113,18.4559
38,2,0,114,18.7939
38,2,0,115,17.1942
38,2,0,116,16.0704
38,2,0,117,17.0466
38,2,0,118,15.401
38,2,0,119,18.1365
38,2,0,120,13.512
38,2,0,121,15.7129
38,2,0,122,18.4318
38,2,0,123,18.6601
38,2,0,124,18.4358
38,2,0,125,15.0902
38,2,0,126,18.3258
38,2,0,127,14.0845
38,2,0,128,10.4398
38,2,0,129,14.0497
38,2,0,130,11.9943
38,2,0,131,16.4068
38,2,0,132,19.0862
38,2,0,133,17.4203
38,2,0,134,17.3152
38,2,0,135,18.3976
38,2,0,136,15.662
38,2,0,137,19.6617
38,2,0,138,19.006
38,2,0,139,17.9588
38,2,0,140,15.7728
38,2,0,141,15.7512
38,2,0,142,15.8743
38,2,0,143,20.8903
38,2,0,144,20.5581
38,2,0,145,23.0239
38,2,0,146,22.0575
38,2,0,147,18.1825
38,2,0,148,18.8635
38,2,0,149,18.3329
38,2,0,150,19.2345
38,2,0,151,17.3853
38,2,0,152,17.4081
38,2,0,153,17.682
38,2,0,154,17.0095
38,2,0,155,16.4115
38,2,0,156,18.1301
38,2,0,157,17.108
38,2,0,158,17.4844
38,2,0,159,16.9721
38,2,0,160,12.0286
38,2,0,161,11.5121
38,2,0,162,11.5467
38,2,0,163,10.9605
38,2,0,164,11.6187
38,2,0,165,11.5201
38,2,0,166,12.9986
38,2,0,167,12.6117
38,2,0,168,13.0017
38,2,0,169,13.9563
38,2,0,170,12.1462
38,2,0,171,13.595
38,2,0,172,11.7925
38,2,0,173,12.9609
38,2,0,174,14.2376
38,2,0,175,16.7785
38,2,0,176,17.3676
38,2,0,177,16.4858
38,2,0,178,14.3811
38,2,0,179,13.4859
38,2,0,180,11.7319
38,2,0,181,17.0509
38,2,0,182,17.3903
38,2,0,183,9.892
38,2,0,184,19.8335
38,2,0,185,24.7839
38,2,0,186,24.7358
38,2,0,187,24.0855
38,2,0,188,21.8634
38,2,0,189,19.1327
38,2,0,190,27.3899
38,2,0,191,27.5406
38,2,0,192,26.1739
38,2,0,193,25.0399
38,2,0,194,23.6537
38,2,0,195,23.2723
38,2,0,196,22.0117
38,2,0,197,19.8029
38,2,0,198,25.9647
38,2,0,199,30.4427
38,2,0,200,26.8532
38,2,0,201,24.0628
38,2,0,202,17.5182
38,2,0,203,19.7366
38,2,0,204,25.3189
38,2,0,205,24.0129
38,2,0,206,24.6432
38,2,0,207,21.9392
38,2,0,208,24.8295
38,2,0,209,25.0162
38,2,0,210,4.8369
38,2,0,211,5.3232
38,2,0,212,7.8369
38,2,0,213,6.3422
38,2,0,214,3.2651
38,2,0,215,3.4202
38,2,0,216,3.1807
38,2,0,217,2.4848
38,2,0,218,2.6854
38,2,0,219,2.6107
38,2,0,220,2.5725
38,2,0,221,2.524
38,2,0,222,2.456
38,2,0,223,2.5389
38,2,0,224,3.2292
38,2,0,225,2.5437
38,2,0,226,3.2411
38,2,0,227,2.4308
38,2,0,228,2.6999
38,2,0,229,4.2816
38,2,0,230,3.4908
38,2,0,231,2.3808
38,2,0,232,2.6159
38,2,0,233,3.8323
38,2,0,234,3.4441
38,2,0,235,3.4251
38,2,0,236,3.7815
38,2,0,237,3.5505
38,2,0,238,4.5865
38,2,0,239,5.2138
38,2,0,240,4.3279
38,2,0,241,4.1396
38,2,0,242,4.3058
38,2,0,243,3.8823
38,2,0,244,3.0174
38,2,0,245,2.9127
38,2,0,246,2.8134
38,2,0,247,3.1188
38,2,0,248,3.0546
38,2,0,249,2.8565
38,2,0,250,3.0313
38,2,0,251,2.902
38,2,0,252,3.0238
38,2,0,253,3.1932
38,2,0,254,3.0175
38,2,0,255,2.6808
38,2,0,256,2.7827
38,2,0,257,2.7619
38,2,0,258,2.9586
38,2,0,259,3.0844
38,2,0,260,2.9874
38,2,0,261,3.14
38,2,0,262,2.6291
38,2,0,263,3.1995
38,2,0,264,3.2337
38,2,0,265,2.6452
38,2,0,266,2.8017
38,2,0,267,2.8705
38,2,0,268,2.9367
38,2,0,269,3.0693
38,2,0,270,2.9545
38,2,0,271,2.9585
38,2,0,272,3.1111
38,2,0,273,3.2324
38,2,0,274,3.2403
38,2,0,275,3.2327
38,2,0,276,3.2802
38,2,0,277,2.9433
38,2,0,278,2.9146
38,2,0,279,3.2392
38,2,0,280,3.0007
38,2,0,281,2.5803
38,2,0,282,3.9104
38,2,0,283,3.2539
38,2,0,284,3.138
38,2,0,285,3.7844
38,2,0,286,3.623
38,2,0,287,3.886
38,2,0,288,4.0006
38,2,0,289,4.6352
38,2,0,290,6.2612
38,2,0,291,4.8105
38,2,0,292,4.2947
38,2,0,293,3.8349
38,2,0,294,3.6117
38,2,0,295,4.0269
38,2,0,296,3.6212
38,2,0,297,2.6885
38,2,0,298,3.2897
38,2,0,299,3.3055
38,2,0,300,2.4959
38,2,0,301,3.0577
38,2,0,302,3.2765
38,2,0,303,3.0784
38,2,0,304,3.3756
38,2,0,305,3.6566
38,2,0,306,4.4408
38,2,0,307,3.8492
38,2,0,308,4.1834
38,2,0,309,5.06
38,2,0,310,3.5521
38,2,0,311,4.1404
38,2,0,312,5.0876
38,2,0,313,5.5188
38,2,0,314,4.1622
38,2,0,315,5.3255
38,2,0,316,4.2275
38,2,0,317,3.5791
38,2,0,318,3.9428
38,2,0,319,5.0812
38,2,0,320,4.2821
38,2,0,321,3.2087
38,2,0,322,3.197
38,2,0,323,3.1967
38,2,0,324,2.8239
38,2,0,325,3.1214
38,2,0,326,3.2376
38,2,0,327,2.4113
38,2,0,328,2.4738
38,2,0,329,5.2351
38,2,0,330,5.4557
38,2,0,331,5.2027
38,2,0,332,4.6607
38,2,0,333,4.5395
38,2,0,334,5.1011
38,2,0,335,5.0995
38,2,0,336,4.5823
38,2,0,337,4.8009
38,2,0,338,4.7774
38,2,0,339,4.6979
38,2,0,340,4.9981
38,2,0,341,4.8039
38,2,0,342,4.8871
38,2,0,343,4.7875
38,2,0,344,4.6349
38,2,0,345,4.458
38,2,0,346,4.6019
38,2,0,347,4.5733
38,2,0,348,4.5639
38,2,0,349,4.0671
38,2,0,350,3.1322
38,2,0,351,3.5015
38,2,0,352,4.7937
38,2,0,353,4.9795
38,2,0,354,5.0703
38,2,0,355,4.8254
38,2,0,356,4.5718
38,2,0,357,3.8808
38,2,0,358,3.5375
38,2,0,359,3.2116
38,2,0,360,3.1829
38,2,0,361,2.9063
38,2,0,362,3.352
38,2,0,363,3.6378
38,2,0,364,3.2252
38,2,0,365,3.1754
38,2,0,366,3.0459
38,2,0,367,3.1689
38,2,0,368,3.9829
38,2,0,369,4.2443
38,2,0,370,3.4559
38,2,0,371,3.7845
38,2,0,372,3.3898
38,2,0,373,3.2407
38,2,0,374,3.2111
38,2,0,375,3.2081
38,2,0,376,3.2143
38,2,0,377,3.2137
38,2,0,378,3.2149
38,2,0,379,3.2003
38,2,0,380,2.9132
38,2,0,381,3.3795
38,2,0,382,4.1796
38,2,0,383,4.182
38,2,0,384,4.3057
38,2,0,385,4.633
38,2,0,386,5.0203
38,2,0,387,4.5626
38,2,0,388,4.0911
38,2,0,389,3.306
38,2,0,390,3.2193
38,2,0,391,3.26
38,2,0,392,3.1099
38,2,0,393,3.2664
38,2,0,394,3.2248
38,2,0,395,3.2177
38,2,0,396,3.2276
38,2,0,397,3.3776
38,2,0,398,3.295
38,2,0,399,3.2474
38,2,0,400,3.2608
38,2,0,401,3.7177
38,2,0,402,3.4902
38,2,0,403,3.2174
38,2,0,404,3.233
38,2,0,405,3.2199
38,2,0,406,3.399
38,2,0,407,2.9959
38,2,0,408,3.4495
38,2,0,409,3.7836
38,2,0,410,4.31
38,2,0,411,3.6912
38,2,0,412,3.3844
38,2,0,413,4.9632
38,2,0,414,5.2602
38,2,0,415,5.3367
38,2,0,416,5.2619
38,2,0,417,5.0663
38,2,0,418,3.4892
38,2,0,419,3.6088
38,2,0,420,2.6511
38,2,0,421,2.904
38,2,0,422,3.0702
38,2,0,423,3.3709
38,2,0,424,3.1006
38,2,0,425,3.1774
38,2,0,426,3.228
38,2,0,427,2.9165
38,2,0,428,2.9393
38,2,0,429,2.8971
38,2,0,430,3.1599
38,2,0,431,3.0612
38,2,0,432,2.9629
38,2,0,433,3.1702
38,2,0,434,2.999
38,2,0,435,2.9543
38,2,0,436,2.9428
38,2,0,437,2.6732
38,2,0,438,2.7438
38,2,0,439,3.0977
38,2,0,440,3.5021
38,2,0,441,3.3303
38,2,0,442,3.0363
38,2,0,443,2.6508
38,2,0,444,3.1465
38,2,0,445,3.0421
38,2,0,446,3.1466
38,2,0,447,3.2524
38,2,0,448,2.7946
38,2,0,449,3.1568
38,2,0,450,3.2486
38,2,0,451,4.5122
38,2,0,452,5.0763
38,2,0,453,6.1792
38,2,0,454,6.138
38,2,0,455,6.2721
38,2,0,456,6.2105
38,2,0,457,5.9647
38,2,0,458,6.4892
38,2,0,459,6.2253
38,2,0,460,7.1883
38,2,0,461,8.2324
38,2,0,462,7.3648
38,2,0,463,6.0998
38,2,0,464,5.9662
38,2,0,465,5.5241
38,2,0,466,6.0625
38,2,0,467,6.0455
38,2,0,468,6.1114
38,2,0,469,5.982
38,2,0,470,6.1278
38,2,0,471,6.4272
38,2,0,472,6.0546
38,2,0,473,6.1317
38,2,0,474,6.0395
38,2,0,475,6.4708
38,2,0,476,6.1251
38,2,0,477,5.8138
38,2,0,478,6.0223
38,2,0,479,6.1484
38,2,0,480,6.2136
38,2,0,481,5.9815
38,2,0,482,6.0687
38,2,0,483,6.2764
38,2,0,484,6.0118
38,2,0,485,5.102
38,2,0,486,6.1645
38,2,0,487,5.6724
38,2,0,488,6.2822
38,2,0,489,6.1642
38,2,0,490,5.4688
38,2,0,491,6.1856
38,2,0,492,6.0473
38,2,0,493,4.8381
38,2,0,494,6.2688
38,2,0,495,6.1984
38,2,0,496,6.6986
38,2,0,497,6.1356
38,2,0,498,6.34
38,2,0,499,5.6831
38,2,0,500,5.8054
38,2,0,501,8.5075
38,2,0,502,8.1238
38,2,0,503,6.3686
38,2,0,504,6.1455
38,2,0,505,6.0853
38,2,0,506,6.2815
38,2,0,507,6.8974
38,2,0,508,7.1832
38,2,0,509,6.5772
38,2,0,510,5.7045
38,2,0,511,6.6021
38,2,0,512,6.1602
38,2,0,513,6.1808
38,2,0,514,7.0368
38,2,0,515,5.4609
38,2,0,516,5.6109
38,2,0,517,6.5341
38,2,0,518,6.6393
38,2,0,519,6.5239
38,2,0,520,6.5844
38,2,0,521,6.4851
38,2,0,522,6.696
38,2,0,523,6.5867
38,2,0,524,6.406
38,2,0,525,6.2792
38,2,0,526,5.224
38,2,0,527,5.619
38,2,0,528,6.6607
38,2,0,529,6.1919
38,2,0,530,5.949
38,2,0,531,6.372
38,2,0,532,7.0483
38,2,0,533,6.7111
38,2,0,534,6.3523
38,2,0,535,6.3635
38,2,0,536,6.2421
38,2,0,537,6.0413
38,2,0,538,6.2652
38,2,0,539,6.3319
38,2,0,540,6.0209
38,2,0,541,6.3823
38,2,0,542,6.5851
38,2,0,543,6.2864
38,2,0,544,6.3496
38,2,0,545,6.2713
38,2,0,546,6.3307
38,2,0,547,6.3349
38,2,0,548,5.7257
38,2,0,549,5.5132
38,2,0,550,6.5846
38,2,0,551,4.5186
38,2,0,552,6.2054
38,2,0,553,6.3031
38,2,0,554,6.2218
38,2,0,555,6.4071
38,2,0,556,6.5648
38,2,0,557,5.6437
38,2,0,558,6.2594
38,2,0,559,6.499
38,2,0,560,6.6286
38,2,0,561,6.106
38,2,0,562,4.8578
38,2,0,563,6.4419
38,2,0,564,6.1224
38,2,0,565,6.1923
38,2,0,566,6.3035
38,2,0,567,6.2694
38,2,0,568,6.1709
38,2,0,569,6.0724
38,2,0,570,5.3621
38,2,0,571,6.2055
38,2,0,572,5.7529
38,2,0,573,6.614
38,2,0,574,9.1732
38,2,0,575,8.513
38,2,0,576,6.5925
38,2,0,577,6.4993
38,2,0,578,7.367
38,2,0,579,10.4894
38,2,0,580,9.6573
38,2,0,581,6.6275
38,2,0,582,6.284
38,2,0,583,6.1341
38,2,0,584,6.3437
38,2,0,585,6.2661
38,2,0,586,5.9207
38,2,0,587,5.2493
38,2,0,588,6.4134
38,2,0,589,7.1815
38,2,0,590,6.2543
38,2,0,591,5.8887
38,2,0,592,6.0235
38,2,0,593,6.0411
38,2,0,594,5.9734
38,2,0,595,5.9976
38,2,0,596,6.1148
38,2,0,597,5.4538
38,2,0,598,6.7079
38,2,0,599,7.4343
38,2,0,600,7.8121
38,2,0,601,7.8053
38,2,0,602,7.553
38,2,0,603,7.4262
38,2,0,604,7.5031
38,2,0,605,7.6413
38,2,0,606,6.0665
38,2,0,607,6.1243
38,2,0,608,6.045
38,2,0,609,5.0833
38,2,0,610,6.2497
38,2,0,611,6.0621
38,2,0,612,6.0531
38,2,0,613,6.8489
38,2,0,614,6.616
38,2,0,615,6.2455
38,2,0,616,6.3362
38,2,0,617,6.8314
38,2,0,618,6.4294
38,2,0,619,5.8583
38,2,0,620,5.8807
38,2,0,621,6.2689
38,2,0,622,6.1071
38,2,0,623,5.3053
38,2,0,624,5.1594
38,2,0,625,5.1133
38,2,0,626,5.3488
38,2,0,627,5.2691
38,2,0,628,5.2692
38,2,0,629,5.4825
38,2,0,630,5.1296
38,2,0,631,4.5629
38,2,0,632,5.5029
38,2,0,633,5.3252
38,2,0,634,3.9841
38,2,0,635,3.8269
38,2,0,636,4.2704
38,2,0,637,4.164
38,2,0,638,4.3059
38,2,0,639,4.2702
38,2,0,640,4.3091
38,2,0,641,4.1947
38,2,0,642,4.2932
38,2,0,643,4.3634
38,2,0,644,4.2967
38,2,0,645,3.2088
38,2,0,646,3.0775
38,2,0,647,2.963
38,2,0,648,2.9697
38,2,0,649,2.8226
38,2,0,650,2.9717
38,2,0,651,3.1198
38,2,0,652,3.0427
38,2,0,653,3.0037
38,2,0,654,3.0436
38,2,0,655,3.0603
38,2,0,656,3.0941
38,2,0,657,3.0319
38,2,0,658,3.0233
38,2,0,659,3.0266
38,2,0,660,3.0609
38,2,0,661,2.8425
38,2,0,662,2.2858
38,2,0,663,3.1779
38,2,0,664,3.1445
38,2,0,665,3.1356
38,2,0,666,3.1984
38,2,0,667,2.8914
38,2,0,668,2.2948
38,2,0,669,3.054
38,2,0,670,3.0396
38,2,0,671,2.978
38,2,0,672,2.789
38,2,0,673,2.6132
38,2,0,674,2.957
38,2,0,675,2.9575
38,2,0,676,2.9628
38,2,0,677,2.9569
38,2,0,678,3.1288
38,2,0,679,3.0239
38,2,0,680,2.9921
38,2,0,681,2.9827
38,2,0,682,3.003
38,2,0,683,2.7133
38,2,0,684,2.6258
38,2,0,685,3.0096
38,2,0,686,3.0681
38,2,0,687,3.0186
38,2,0,688,3.0425
38,2,0,689,3.0175
38,2,0,690,2.9921
38,2,0,691,3.0203
38,2,0,692,2.9985
38,2,0,693,3.0877
38,2,0,694,2.321
38,2,0,695,2.9883
38,2,0,696,3.006
38,2,0,697,3.0337
38,2,0,698,2.9911
38,2,0,699,2.9378
38,2,0,700,2.8839
38,2,0,701,3.0607
38,2,0,702,3.0908
38,2,0,703,3.0478
38,2,0,704,3.0389
38,2,0,705,3.1244
38,2,0,706,3.0387
38,2,0,707,3.0757
38,2,0,708,3.0488
38,2,0,709,3.0306
38,2,0,710,3.133
38,2,0,711,3.1245
38,2,0,712,3.0449
38,2,0,713,3.0866
38,2,0,714,3.0833
38,2,0,715,3.1196
38,2,0,716,3.1067
38,2,0,717,3.058
38,2,0,718,3.0821
38,2,0,719,3.0653
38,2,0,720,3.1263
38,2,0,721,3.1623
38,2,0,722,3.1699
38,2,0,723,3.0755
38,2,0,724,3.2187
38,2,0,725,3.0338
38,2,0,726,2.9707
38,2,0,727,2.966
38,2,0,728,2.98
38,2,0,729,3.2008
38,2,0,730,3.2959
38,2,0,731,2.2197
38,2,0,732,3.1217
38,2,0,733,3.0082
38,2,0,734,2.9646
38,2,0,735,3.186
38,2,0,736,3.1174
38,2,0,737,3.1686
38,2,0,738,3.2797
38,2,0,739,3.0063
38,2,0,740,3.0093
38,2,0,741,3.0348
38,2,0,742,3.0107
38,2,0,743,3.2047
38,2,0,744,3.0141
38,2,0,745,3.0075
38,2,0,746,3.6032
38,2,0,747,2.9824
38,2,0,748,2.9479
38,2,0,749,2.9803
38,2,0,750,2.9331
38,2,0,751,2.8807
38,2,0,752,3.0104
38,2,0,753,2.9555
38,2,0,754,2.9887
38,2,0,755,2.9212
38,2,0,756,2.903
38,2,0,757,2.5334
38,2,0,758,2.9574
38,2,0,759,2.7715
38,2,0,760,2.4523
38,2,0,761,3.033
38,2,0,762,2.9945
38,2,0,763,3.0359
38,2,0,764,2.9736
38,2,0,765,2.6355
38,2,0,766,2.7002
38,2,0,767,3.1048
38,2,0,768,3.0688
38,2,0,769,3.0544
38,2,0,770,3.0077
38,2,0,771,3.0928
38,2,0,772,2.977
38,2,0,773,3.0331
38,2,0,774,3.1035
38,2,0,775,3.0352
38,2,0,776,3.0413
38,2,0,777,3.1933
38,2,0,778,3.07
38,2,0,779,2.9976
38,2,0,780,2.9915
38,2,0,781,2.9483
38,2,0,782,2.9489
38,2,0,783,2.942
38,2,0,784,2.9478
38,2,0,785,3.0193
38,2,0,786,3.0257
38,2,0,787,3.4057
38,2,0,788,3.6169
38,2,0,789,2.9901
38,2,0,790,3.0033
38,2,0,791,2.9818
38,2,0,792,2.9624
38,2,0,793,3.0282
38,2,0,794,3.0106
38,2,0,795,2.9633
38,2,0,796,3.0302
38,2,0,797,2.9805
38,2,0,798,2.8135
38,2,0,799,3.0744
38,2,0,800,2.9795
38,2,0,801,2.4589
38,2,0,802,2.3012
38,2,0,803,3.1097
38,2,0,804,3.0165
38,2,0,805,3.0299
38,2,0,806,3.0469
38,2,0,807,3.0149
38,2,0,808,2.8687
38,2,0,809,2.2694
38,2,0,810,2.2264
38,2,0,811,2.8672
38,2,0,812,2.9759
38,2,0,813,2.9894
38,2,0,814,2.5087
38,2,0,815,3.5532
38,2,0,816,3.9359
38,2,0,817,4.051
38,2,0,818,3.8487
38,2,0,819,3.2434
38,2,0,820,2.9905
38,2,0,821,2.9918
38,2,0,822,2.9714
38,2,0,823,2.9905
38,2,0,824,2.975
38,2,0,825,2.9474
38,2,0,826,2.9917
38,2,0,827,3.0043
38,2,0,828,2.958
38,2,0,829,2.865
38,2,0,830,2.9671
38,2,0,831,2.9493
38,2,0,832,2.9949
38,2,0,833,2.9985
38,2,0,834,3.1004
38,2,0,835,3.0583
38,2,0,836,2.995
38,2,0,837,2.9849
38,2,0,838,3.014
38,2,0,839,2.789
38,2,0,840,2.9952
38,2,0,841,2.9792
38,2,0,842,2.9371
38,2,0,843,3.0048
38,2,0,844,2.9933
38,2,0,845,2.9743
38,2,0,846,3.0529
38,2,0,847,2.9557
38,2,0,848,2.9736
38,2,0,849,2.9791
38,2,0,850,3.031
38,2,0,851,2.9968
38,2,0,852,2.9979
38,2,0,853,2.942
38,2,0,854,2.9905
38,2,0,855,2.6191
38,2,0,856,3.0587
38,2,0,857,3.0302
38,2,0,858,2.996
38,2,0,859,2.9612
38,2,0,860,3.107
38,2,0,861,3.0623
38,2,0,862,2.9672
38,2,0,863,2.9976
38,2,0,864,2.9426
38,2,0,865,3.0013
38,2,0,866,3.0089
38,2,0,867,2.9856
38,2,0,868,2.9788
38,2,0,869,2.9751
38,2,0,870,2.9407
38,2,0,871,3.5778
38,2,0,872,2.1938
38,2,0,873,3.9675
38,2,0,874,3.4083
38,2,0,875,3.2855
38,2,0,876,3.0031
38,2,0,877,2.994
38,2,0,878,2.9596
38,2,0,879,3.0052
38,2,0,880,2.9241
38,2,0,881,2.0487
38,2,0,882,2.5717
38,2,0,883,2.5188
38,2,0,884,2.8372
38,2,0,885,2.9042
38,2,0,886,3.0994
38,2,0,887,3.369
38,2,0,888,3.3429
38,2,0,889,3.2599
38,2,0,890,3.2573
38,2,0,891,3.1639
38,2,0,892,3.2488
38,2,0,893,3.3152
38,2,0,894,3.2825
38,2,0,895,3.2754
38,2,0,896,3.3189
38,2,0,897,3.2001
38,2,0,898,3.2658
38,2,0,899,3.2218
38,2,0,900,3.2108
38,2,1,1,17.6262
38,2,1,2,17.5777
38,2,1,3,18.1385
38,2,1,4,17.2205
38,2,1,5,15.6714
38,2,1,6,16.9823
38,2,1,7,15.8074
38,2,1,8,15.9238
38,2,1,9,15.3586
38,2,1,10,14.9169
38,2,1,11,16.1818
38,2,1,12,15.9868
38,2,1,13,14.8794
38,2,1,14,16.6021
38,2,1,15,15.615
38,2,1,16,15.9696
38,2,1,17,18.6856
38,2,1,18,18.0315
38,2,1,19,18.2007
38,2,1,20,19.3392
38,2,1,21,18.3062
38,2,1,22,17.5657
38,2,1,23,17.2912
38,2,1,24,15.8419
38,2,1,25,16.5905
38,2,1,26,15.3381
38,2,1,27,13.4379
38,2,1,28,14.5375
38,2,1,29,14.4636
38,2,1,30,14.336
38,2,1,31,14.4208
38,2,1,32,15.3161
38,2,1,33,16.3979
38,2,1,34,16.2501
38,2,1,35,19.5166
38,2,1,36,17.6219
38,2,1,37,15.6488
38,2,1,38,16.5215
38,2,1,39,15.2946
38,2,1,40,18.6606
38,2,1,41,16.2528
38,2,1,42,12.9459
38,2,1,43,12.7047
38,2,1,44,16.594
38,2,1,45,16.1292
38,2,1,46,14.9879
38,2,1,47,13.7433
38,2,1,48,17.4956
38,2,1,49,17.0672
38,2,1,50,15.8644
38,2,1,51,13.5714
38,2,1,52,12.1837
38,2,1,53,12.5759
38,2,1,54,11.7365
38,2,1,55,11.4965
38,2,1,56,10.9144
38,2,1,57,10.9459
38,2,1,58,11.2771
38,2,1,59,11.7649
38,2,1,60,11.4944
38,2,1,61,11.3532
38,2,1,62,10.1564
38,2,1,63,7.7439
38,2,1,64,6.3133
38,2,1,65,7.3684
38,2,1,66,6.5136
38,2,1,67,9.842
38,2,1,68,12.1941
38,2,1,69,11.8593
38,2,1,70,9.6586
38,2,1,71,14.2729
38,2,1,72,14.5407
38,2,1,73,13.4506
38,2,1,74,14.2842
38,2,1,75,13.6168
38,2,1,76,12.5665
38,2,1,77,11.4797
38,2,1,78,9.3662
38,2,1,79,9.674
38,2,1,80,11.1556
38,2,1,81,12.2931
38,2,1,82,11.7055
38,2,1,83,14.634
38,2,1,84,13.0837
38,2,1,85,13.686
38,2,1,86,12.5545
38,2,1,87,13.4935
38,2,1,88,12.9079
38,2,1,89,13.4409
38,2,1,90,12.9561
38,2,1,91,12.4413
38,2,1,92,11.15
38,2,1,93,12.5133
38,2,1,94,12.867
38,2,1,95,12.8087
38,2,1,96,13.2033
38,2,1,97,15.0755
38,2,1,98,16.5008
38,2,1,99,14.9495
38,2,1,100,14.8817
38,2,1,101,13.9576
38,2,1,102,15.1463
38,2,1,103,13.4985
38,2,1,104,13.4158
38,2,1,105,13.5685
38,2,1,106,13.8163
38,2,1,107,13.6423
38,2,1,108,10.8599
38,2,1,109,15.1712
38,2,1,110,15.911
38,2,1,111,16.1012
38,2,1,112,16.2309
38,2,1,113,15.373
38,2,1,114,15.231
38,2,1,115,13.4169
38,2,1,116,11.019
38,2,1,117,9.3296
38,2,1,118,9.9127
38,2,1,119,11.9132
38,2,1,120,14.9261
38,2,1,121,11.2279
38,2,1,122,9.4828
38,2,1,123,9.8891
38,2,1,124,9.7251
38,2,1,125,9.7865
38,2,1,126,9.4508
38,2,1,127,8.5862
38,2,1,128,8.7984
38,2,1,129,9.5019
38,2,1,130,8.8327
38,2,1,131,8.6921
38,2,1,132,9.9551
38,2,1,133,9.7728
38,2,1,134,8.715
38,2,1,135,8.8495
38,2,1,136,9.0873
38,2,1,137,9.3841
38,2,1,138,9.6928
38,2,1,139,8.7132
38,2,1,140,8.6086
38,2,1,141,9.4231
38,2,1,142,9.6474
38,2,1,143,9.7561
38,2,1,144,8.4141
38,2,1,145,8.9697
38,2,1,146,9.1996
38,2,1,147,10.8773
38,2,1,148,9.6984
38,2,1,149,11.1757
38,2,1,150,11.843
38,2,1,151,9.0265
38,2,1,152,9.0637
38,2,1,153,10.757
38,2,1,154,13.7985
38,2,1,155,14.8788
38,2,1,156,14.0833
38,2,1,157,14.3639
38,2,1,158,16.2204
38,2,1,159,15.9599
38,2,1,160,11.7557
38,2,1,161,14.8178
38,2,1,162,20.5042
38,2,1,163,23.4919
38,2,1,164,27.9891
38,2,1,165,21.9623
38,2,1,166,15.4391
38,2,1,167,13.4469
38,2,1,168,12.8638
38,2,1,169,12.617
38,2,1,170,14.1432
38,2,1,171,13.6922
38,2,1,172,13.8996
38,2,1,173,13.6023
38,2,1,174,14.759
38,2,1,175,18.4372
38,2,1,176,13.5364
38,2,1,177,13.5386
38,2,1,178,13.4255
38,2,1,179,13.7612
38,2,1,180,17.2862
38,2,1,181,13.3021
38,2,1,182,12.9848
38,2,1,183,12.2623
38,2,1,184,15.4534
38,2,1,185,15.0107
38,2,1,186,14.5782
38,2,1,187,12.9914
38,2,1,188,17.9637
38,2,1,189,17.1168
38,2,1,190,19.2151
38,2,1,191,10.4447
38,2,1,192,8.5029
38,2,1,193,8.413
38,2,1,194,10.9339
38,2,1,195,11.4037
38,2,1,196,8.5627
38,2,1,197,9.8054
38,2,1,198,7.5344
38,2,1,199,7.8958
38,2,1,200,8.4881
38,2,1,201,10.5813
38,2,1,202,8.9139
38,2,1,203,7.6591
38,2,1,204,9.7272
38,2,1,205,9.6834
38,2,1,206,9.1982
38,2,1,207,12.9097
38,2,1,208,12.3314
38,2,1,209,12.1659
38,2,1,210,13.5752
38,2,1,211,13.4314
38,2,1,212,20.4791
38,2,1,213,26.5971
38,2,1,214,20.9
38,2,1,215,16.8085
38,2,1,216,22.4088
38,2,1,217,17.0299
38,2,1,218,3.9719
38,2,1,219,4.7499
38,2,1,220,3.5467
38,2,1,221,4.1974
38,2,1,222,4.8785
38,2,1,223,4.7999
38,2,1,224,4.7989
38,2,1,225,3.8511
38,2,1,226,5.3593
38,2,1,227,4.7436
38,2,1,228,3.8703
38,2,1,229,3.433
38,2,1,230,4.1275
38,2,1,231,3.9045
38,2,1,232,3.6055
38,2,1,233,3.4163
38,2,1,234,3.4005
38,2,1,235,3.2355
38,2,1,236,3.2115
38,2,1,237,3.2057
38,2,1,238,3.1901
38,2,1,239,3.2904
38,2,1,240,3.2267
38,2,1,241,3.4945
38,2,1,242,3.6697
38,2,1,243,3.6909
38,2,1,244,2.8955
38,2,1,245,3.7938
38,2,1,246,3.7529
38,2,1,247,3.5962
38,2,1,248,3.2512
38,2,1,249,3.3724
38,2,1,250,3.7882
38,2,1,251,3.6022
38,2,1,252,3.5077
38,2,1,253,4.3786
38,2,1,254,3.4694
38,2,1,255,3.387
38,2,1,256,3.4646
38,2,1,257,3.8641
38,2,1,258,3.8781
38,2,1,259,3.6962
38,2,1,260,3.5513
38,2,1,261,3.557
38,2,1,262,3.7013
38,2,1,263,3.6994
38,2,1,264,3.4976
38,2,1,265,3.6205
38,2,1,266,3.1747
38,2,1,267,3.6734
38,2,1,268,3.551
38,2,1,269,3.4832
38,2,1,270,3.4658
38,2,1,271,3.3124
38,2,1,272,3.1328
38,2,1,273,3.4555
38,2,1,274,3.4785
38,2,1,275,3.4501
38,2,1,276,3.4143
38,2,1,277,3.49
38,2,1,278,3.4654
38,2,1,279,4.0267
38,2,1,280,3.5314
38,2,1,281,4.2983
38,2,1,282,4.4213
38,2,1,283,3.1386
38,2,1,284,3.6475
38,2,1,285,3.4809
38,2,1,286,3.5392
38,2,1,287,3.608
38,2,1,288,2.8821
38,2,1,289,3.636
38,2,1,290,4.2796
38,2,1,291,4.2489
38,2,1,292,3.7387
38,2,1,293,3.5931
38,2,1,294,4.9991
38,2,1,295,4.7571
38,2,1,296,4.0191
38,2,1,297,3.3412
38,2,1,298,4.7288
38,2,1,299,4.587
38,2,1,300,3.9899
38,2,1,301,3.8238
38,2,1,302,4.8537
38,2,1,303,4.5329
38,2,1,304,3.9826
38,2,1,305,3.3707
38,2,1,306,3.3556
38,2,1,307,3.0261
38,2,1,308,3.1064
38,2,1,309,2.8767
38,2,1,310,3.2833
38,2,1,311,3.1147
38,2,1,312,2.8421
38,2,1,313,3.4721
38,2,1,314,6.1497
38,2,1,315,6.2835
38,2,1,316,5.1758
38,2,1,317,4.5522
38,2,1,318,4.0839
38,2,1,319,3.6903
38,2,1,320,2.8332
38,2,1,321,3.5567
38,2,1,322,3.2742
38,2,1,323,3.1332
38,2,1,324,2.8496
38,2,1,325,3.1263
38,2,1,326,3.5671
38,2,1,327,3.3852
38,2,1,328,3.6555
38,2,1,329,3.4123
38,2,1,330,3.6887
38,2,1,331,3.9354
38,2,1,332,3.4838
38,2,1,333,3.4096
38,2,1,334,3.8312
38,2,1,335,3.4757
38,2,1,336,4.75
38,2,1,337,3.4345
38,2,1,338,4.594
38,2,1,339,3.8
38,2,1,340,3.7757
38,2,1,341,3.5366
38,2,1,342,3.4172
38,2,1,343,3.2861
38,2,1,344,3.3705
38,2,1,345,3.3359
38,2,1,346,2.8983
38,2,1,347,3.5743
38,2,1,348,3.4171
38,2,1,349,3.4168
38,2,1,350,3.4237
38,2,1,351,3.0607
38,2,1,352,3.4706
38,2,1,353,3.4487
38,2,1,354,3.392
38,2,1,355,3.3409
38,2,1,356,2.7691
38,2,1,357,3.3439
38,2,1,358,3.3152
38,2,1,359,3.2465
38,2,1,360,3.2596
38,2,1,361,3.4502
38,2,1,362,3.1533
38,2,1,363,3.1332
38,2,1,364,3.1742
38,2,1,365,3.3313
38,2,1,366,3.2964
38,2,1,367,3.1387
38,2,1,368,3.21
38,2,1,369,3.2179
38,2,1,370,3.4208
38,2,1,371,3.9561
38,2,1,372,3.2837
38,2,1,373,3.2206
38,2,1,374,3.2249
38,2,1,375,3.3077
38,2,1,376,4.9925
38,2,1,377,4.8538
38,2,1,378,5.2108
38,2,1,379,5.0874
38,2,1,380,5.4741
38,2,1,381,3.0232
38,2,1,382,4.7105
38,2,1,383,4
38,2,1,384,3.4709
38,2,1,385,3.2035
38,2,1,386,3.1983
38,2,1,387,3.1503
38,2,1,388,3.14
38,2,1,389,3.445
38,2,1,390,3.4205
38,2,1,391,3.2593
38,2,1,392,3.3077
38,2,1,393,3.243
38,2,1,394,3.2669
38,2,1,395,2.9396
38,2,1,396,3.3333
38,2,1,397,3.2059
38,2,1,398,3.2049
38,2,1,399,3.2082
38,2,1,400,3.3225
38,2,1,401,3.2548
38,2,1,402,3.2852
38,2,1,403,3.2385
38,2,1,404,2.9408
38,2,1,405,2.8268
38,2,1,406,3.1786
38,2,1,407,3.1712
38,2,1,408,3.2485
38,2,1,409,3.0232
38,2,1,410,2.7043
38,2,1,411,3.19
38,2,1,412,3.1263
38,2,1,413,2.9149
38,2,1,414,3.2088
38,2,1,415,3.2574
38,2,1,416,3.2466
38,2,1,417,3.2038
38,2,1,418,3.2917
38,2,1,419,3.3112
38,2,1,420,3.367
38,2,1,421,3.2996
38,2,1,422,3.2053
38,2,1,423,3.1802
38,2,1,424,2.5578
38,2,1,425,2.6313
38,2,1,426,3.163
38,2,1,427,3.295
38,2,1,428,3.3112
38,2,1,429,2.6643
38,2,1,430,3.5443
38,2,1,431,2.9226
38,2,1,432,3.3162
38,2,1,433,3.2269
38,2,1,434,3.1122
38,2,1,435,3.1887
38,2,1,436,3.0219
38,2,1,437,2.5122
38,2,1,438,3.3648
38,2,1,439,3.2357
38,2,1,440,3.2032
38,2,1,441,3.0916
38,2,1,442,3.1272
38,2,1,443,3.183
38,2,1,444,2.8444
38,2,1,445,2.5598
38,2,1,446,3.2479
38,2,1,447,3.2574
38,2,1,448,3.2761
38,2,1,449,3.2324
38,2,1,450,4.5413
38,2,1,451,5.3339
38,2,1,452,6.5373
38,2,1,453,6.8592
38,2,1,454,6.4667
38,2,1,455,7.124
38,2,1,456,6.2391
38,2,1,457,6.4352
38,2,1,458,6.3337
38,2,1,459,6.9175
38,2,1,460,6.3393
38,2,1,461,6.2724
38,2,1,462,6.5987
38,2,1,463,6.0266
38,2,1,464,5.9875
38,2,1,465,6.4159
38,2,1,466,6.6156
38,2,1,467,7.4903
38,2,1,468,7.8847
38,2,1,469,8.2359
38,2,1,470,7.7634
38,2,1,471,7.7728
38,2,1,472,7.3427
38,2,1,473,7.0275
38,2,1,474,7.2391
38,2,1,475,6.2958
38,2,1,476,7.116
38,2,1,477,7.176
38,2,1,478,7.0848
38,2,1,479,7.0705
38,2,1,480,7.1432
38,2,1,481,7.6336
38,2,1,482,6.8671
38,2,1,483,7.3745
38,2,1,484,7.2074
38,2,1,485,6.6561
38,2,1,486,7.2662
38,2,1,487,7.5457
38,2,1,488,7.6442
38,2,1,489,7.1357
38,2,1,490,7.4124
38,2,1,491,6.9672
38,2,1,492,7.0606
38,2,1,493,7.1053
38,2,1,494,6.536
38,2,1,495,7.4611
38,2,1,496,6.8934
38,2,1,497,6.9358
38,2,1,498,6.4458
38,2,1,499,6.433
38,2,1,500,6.2636
38,2,1,501,6.7716
38,2,1,502,7.4442
38,2,1,503,7.3903
38,2,1,504,6.995
38,2,1,505,6.3243
38,2,1,506,5.8746
38,2,1,507,6.0848
38,2,1,508,6.2937
38,2,1,509,6.4517
38,2,1,510,6.2766
38,2,1,511,6.369
38,2,1,512,6.2123
38,2,1,513,6.4105
38,2,1,514,5.2292
38,2,1,515,6.11
38,2,1,516,6.2394
38,2,1,517,6.2571
38,2,1,518,6.4463
38,2,1,519,6.0366
38,2,1,520,5.538
38,2,1,521,6.3459
38,2,1,522,6.096
38,2,1,523,6.2269
38,2,1,524,6.4159
38,2,1,525,5.6798
38,2,1,526,6.7074
38,2,1,527,6.5198
38,2,1,528,8.4401
38,2,1,529,6.9066
38,2,1,530,7.4949
38,2,1,531,10.7848
38,2,1,532,10.6136
38,2,1,533,10.8098
38,2,1,534,10.0131
38,2,1,535,6.2718
38,2,1,536,6.0792
38,2,1,537,7.0106
38,2,1,538,6.3693
38,2,1,539,6.8534
38,2,1,540,6.779
38,2,1,541,6.7127
38,2,1,542,5.7961
38,2,1,543,6.2636
38,2,1,544,6.0775
38,2,1,545,5.9386
38,2,1,546,5.7799
38,2,1,547,6.1101
38,2,1,548,6.2453
38,2,1,549,6.4531
38,2,1,550,5.326
38,2,1,551,6.2848
38,2,1,552,6.1965
38,2,1,553,6.3204
38,2,1,554,6.5468
38,2,1,555,6.537
38,2,1,556,6.306
38,2,1,557,6.4484
38,2,1,558,6.1628
38,2,1,559,6.0352
38,2,1,560,6.3248
38,2,1,561,5.5979
38,2,1,562,5.6813
38,2,1,563,5.8514
38,2,1,564,6.1933
38,2,1,565,6.1415
38,2,1,566,6.0806
38,2,1,567,6.3958
38,2,1,568,5.9949
38,2,1,569,6.1543
38,2,1,570,5.995
38,2,1,571,5.9905
38,2,1,572,5.9376
38,2,1,573,6.009
38,2,1,574,7.4024
38,2,1,575,7.1489
38,2,1,576,6.8006
38,2,1,577,6.6478
38,2,1,578,6.2035
38,2,1,579,7.2159
38,2,1,580,13.0848
38,2,1,581,12.7046
38,2,1,582,10.3727
38,2,1,583,8.686
38,2,1,584,7.5401
38,2,1,585,7.3774
38,2,1,586,5.9124
38,2,1,587,8.0169
38,2,1,588,7.5428
38,2,1,589,7.171
38,2,1,590,7.4907
38,2,1,591,6.8911
38,2,1,592,7.2548
38,2,1,593,7.3216
38,2,1,594,7.7244
38,2,1,595,7.1333
38,2,1,596,7.0516
38,2,1,597,5.4987
38,2,1,598,6.9409
38,2,1,599,7.2168
38,2,1,600,7.3986
38,2,1,601,7.2114
38,2,1,602,8.3711
38,2,1,603,7.2972
38,2,1,604,8.1351
38,2,1,605,6.3161
38,2,1,606,6.3896
38,2,1,607,7.1607
38,2,1,608,5.8594
38,2,1,609,6.7335
38,2,1,610,6.8534
38,2,1,611,6.7583
38,2,1,612,6.0364
38,2,1,613,6.5829
38,2,1,614,6.9811
38,2,1,615,7.3641
38,2,1,616,6.7658
38,2,1,617,7.0571
38,2,1,618,6.1113
38,2,1,619,6.4252
38,2,1,620,6.822
38,2,1,621,6.4101
38,2,1,622,5.4147
38,2,1,623,5.8005
38,2,1,624,5.8453
38,2,1,625,5.8438
38,2,1,626,5.8577
38,2,1,627,6.3184
38,2,1,628,5.7066
38,2,1,629,5.3945
38,2,1,630,5.4589
38,2,1,631,4.8606
38,2,1,632,5.2136
38,2,1,633,4.452
38,2,1,634,4.3921
38,2,1,635,4.3791
38,2,1,636,4.4428
38,2,1,637,4.8964
38,2,1,638,4.9541
38,2,1,639,4.318
38,2,1,640,3.8799
38,2,1,641,4.532
38,2,1,642,4.448
38,2,1,643,4.51
38,2,1,644,2.8755
38,2,1,645,2.5843
38,2,1,646,2.9968
38,2,1,647,3.0245
38,2,1,648,2.8353
38,2,1,649,2.4513
38,2,1,650,3.131
38,2,1,651,3.0689
38,2,1,652,3.0143
38,2,1,653,2.9232
38,2,1,654,2.6238
38,2,1,655,3.0493
38,2,1,656,3.0361
38,2,1,657,3.0622
38,2,1,658,3.0424
38,2,1,659,2.5861
38,2,1,660,2.2843
38,2,1,661,3.0292
38,2,1,662,3.0136
38,2,1,663,3.0553
38,2,1,664,3.0098
38,2,1,665,2.3141
38,2,1,666,2.6439
38,2,1,667,3.0764
38,2,1,668,3.1219
38,2,1,669,2.6395
38,2,1,670,2.4936
38,2,1,671,3.1543
38,2,1,672,3.0392
38,2,1,673,3.0368
38,2,1,674,3.0855
38,2,1,675,3.0181
38,2,1,676,3.1035
38,2,1,677,3.1355
38,2,1,678,3.0862
38,2,1,679,3.0413
38,2,1,680,3.0116
38,2,1,681,3.0309
38,2,1,682,3.0758
38,2,1,683,3.0844
38,2,1,684,3.0431
38,2,1,685,3.1395
38,2,1,686,3.1129
38,2,1,687,3.0536
38,2,1,688,3.0541
38,2,1,689,3.0217
38,2,1,690,3.1123
38,2,1,691,2.8346
38,2,1,692,3.0486
38,2,1,693,3.0614
38,2,1,694,3.024
38,2,1,695,3.0376
38,2,1,696,3.1092
38,2,1,697,2.6897
38,2,1,698,2.9931
38,2,1,699,3.0427
38,2,1,700,3.038
38,2,1,701,2.4077
38,2,1,702,3.015
38,2,1,703,3.0022
38,2,1,704,3.0677
38,2,1,705,3.0024
38,2,1,706,2.751
38,2,1,707,2.4744
38,2,1,708,3.0419
38,2,1,709,3.0152
38,2,1,710,3.0596
38,2,1,711,3.0626
38,2,1,712,3.0371
38,2,1,713,3.0322
38,2,1,714,3.0117
38,2,1,715,2.9548
38,2,1,716,2.9923
38,2,1,717,2.2095
38,2,1,718,3.0384
38,2,1,719,3.0104
38,2,1,720,3.0105
38,2,1,721,3.0292
38,2,1,722,3.0886
38,2,1,723,3.0165
38,2,1,724,2.4529
38,2,1,725,3.0479
38,2,1,726,3.1219
38,2,1,727,3.0274
38,2,1,728,2.3882
38,2,1,729,3.048
38,2,1,730,3.0897
38,2,1,731,3.0449
38,2,1,732,3.1137
38,2,1,733,2.8484
38,2,1,734,3.0388
38,2,1,735,3.0781
38,2,1,736,3.0268
38,2,1,737,2.979
38,2,1,738,3.1139
38,2,1,739,3.0128
38,2,1,740,3.0142
38,2,1,741,3.1377
38,2,1,742,3.1457
38,2,1,743,2.7637
38,2,1,744,2.8057
38,2,1,745,3.0562
38,2,1,746,3.0971
38,2,1,747,3.0719
38,2,1,748,3.1395
38,2,1,749,3.1102
38,2,1,750,3.1473
38,2,1,751,3.2019
38,2,1,752,3.2031
38,2,1,753,2.59
38,2,1,754,3.1204
38,2,1,755,3.0924
38,2,1,756,3.1406
38,2,1,757,3.0784
38,2,1,758,3.1287
38,2,1,759,3.0904
38,2,1,760,3.1395
38,2,1,761,3.0494
38,2,1,762,3.0306
38,2,1,763,3.1366
38,2,1,764,3.0271
38,2,1,765,3.0786
38,2,1,766,2.9949
38,2,1,767,3.0113
38,2,1,768,2.4233
38,2,1,769,3.0883
38,2,1,770,3.0993
38,2,1,771,3.1687
38,2,1,772,3.0813
38,2,1,773,3.0808
38,2,1,774,3.0579
38,2,1,775,3.0047
38,2,1,776,3.026
38,2,1,777,3.0347
38,2,1,778,2.9893
38,2,1,779,3.0531
38,2,1,780,3.0593
38,2,1,781,3.0707
38,2,1,782,3.0659
38,2,1,783,3.0194
38,2,1,784,2.4688
38,2,1,785,2.9425
38,2,1,786,3.0668
38,2,1,787,3.1408
38,2,1,788,3.1254
38,2,1,789,3.0804
38,2,1,790,3.0794
38,2,1,791,3.1159
38,2,1,792,3.025
38,2,1,793,3.1136
38,2,1,794,2.7704
38,2,1,795,2.2868
38,2,1,796,2.9382
38,2,1,797,3.007
38,2,1,798,2.9534
38,2,1,799,2.9624
38,2,1,800,2.8132
38,2,1,801,3.1248
38,2,1,802,3.1782
38,2,1,803,3.1592
38,2,1,804,3.2218
38,2,1,805,3.2131
38,2,1,806,3.1503
38,2,1,807,3.1615
38,2,1,808,3.2418
38,2,1,809,3.3947
38,2,1,810,3.4113
38,2,1,811,3.2774
38,2,1,812,3.2405
38,2,1,813,3.3299
38,2,1,814,3.3196
38,2,1,815,3.1467
38,2,1,816,3.1177
38,2,1,817,3.1596
38,2,1,818,3.1334
38,2,1,819,3.1331
38,2,1,820,3.1456
38,2,1,821,3.1209
38,2,1,822,3.1612
38,2,1,823,3.1997
38,2,1,824,3.1471
38,2,1,825,3.1714
38,2,1,826,3.1312
38,2,1,827,3.2295
38,2,1,828,3.3726
38,2,1,829,2.939
38,2,1,830,2.9387
38,2,1,831,3.1618
38,2,1,832,3.1282
38,2,1,833,3.1478
38,2,1,834,3.1739
38,2,1,835,3.1787
38,2,1,836,3.1812
38,2,1,837,3.1424
38,2,1,838,3.1636
38,2,1,839,2.8536
38,2,1,840,2.8169
38,2,1,841,3.1816
38,2,1,842,3.1937
38,2,1,843,3.1332
38,2,1,844,3.1709
38,2,1,845,3.2033
38,2,1,846,3.1946
38,2,1,847,3.1323
38,2,1,848,3.1375
38,2,1,849,3.0498
38,2,1,850,2.752
38,2,1,851,3.1447
38,2,1,852,3.2705
38,2,1,853,3.3408
38,2,1,854,3.2802
38,2,1,855,2.9098
38,2,1,856,3.3163
38,2,1,857,3.1652
38,2,1,858,3.2626
38,2,1,859,3.3326
38,2,1,860,3.1224
38,2,1,861,3.0653
38,2,1,862,3.1682
38,2,1,863,3.1343
38,2,1,864,3.09
38,2,1,865,3.1408
38,2,1,866,3.1729
38,2,1,867,3.2116
38,2,1,868,3.2169
38,2,1,869,3.1478
38,2,1,870,3.1645
38,2,1,871,3.1035
38,2,1,872,3.1961
38,2,1,873,3.1956
38,2,1,874,2.8755
38,2,1,875,2.7331
38,2,1,876,3.123
38,2,1,877,3.1386
38,2,1,878,3.1448
38,2,1,879,3.0791
38,2,1,880,3.063
38,2,1,881,3.1212
38,2,1,882,3.1512
38,2,1,883,3.1231
38,2,1,884,3.127
38,2,1,885,2.7527
38,2,1,886,3.165
38,2,1,887,3.1568
38,2,1,888,3.1146
38,2,1,889,3.1889
38,2,1,890,2.437
38,2,1,891,3.1153
38,2,1,892,3.278
38,2,1,893,3.1116
38,2,1,894,3.0695
38,2,1,895,2.4118
38,2,1,896,3.18
38,2,1,897,3.2284
38,2,1,898,3.2209
38,2,1,899,3.167
38,2,1,900,3.1588
38,2,2,1,27.2395
38,2,2,2,24.3315
38,2,2,3,29.4147
38,2,2,4,26.5541
38,2,2,5,30.7107
38,2,2,6,22.3468
38,2,2,7,26.7164
38,2,2,8,25.9682
38,2,2,9,30.777
38,2,2,10,23.5839
38,2,2,11,23.9109
38,2,2,12,22.9403
38,2,2,13,25.5351
38,2,2,14,28.319
38,2,2,15,20.1103
38,2,2,16,22.0681
38,2,2,17,23.0127
38,2,2,18,31.5616
38,2,2,19,30.8307
38,2,2,20,29.2313
38,2,2,21,28.7018
38,2,2,22,29.8911
38,2,2,23,28.2618
38,2,2,24,29.4651
38,2,2,25,27.1718
38,2,2,26,28.1634
38,2,2,27,33.0156
38,2,2,28,27.6152
38,2,2,29,24.6551
38,2,2,30,28.2197
38,2,2,31,27.2917
38,2,2,32,23.9006
38,2,2,33,27.2567
38,2,2,34,22.6658
38,2,2,35,27.6181
38,2,2,36,28.7228
38,2,2,37,28.3928
38,2,2,38,29.6671
38,2,2,39,22.7202
38,2,2,40,24.8768
38,2,2,41,27.6256
38,2,2,42,22.5253
38,2,2,43,23.0847
38,2,2,44,22.9917
38,2,2,45,27.9501
38,2,2,46,24.0208
38,2,2,47,34.9521
38,2,2,48,33.508
38,2,2,49,29.1864
38,2,2,50,28.4579
38,2,2,51,28.577
38,2,2,52,27.4001
38,2,2,53,25.4597
38,2,2,54,25.3194
38,2,2,55,24.9073
38,2,2,56,24.1254
38,2,2,57,29.2438
38,2,2,58,23.5023
38,2,2,59,22.0722
38,2,2,60,22.6624
38,2,2,61,23.8582
38,2,2,62,24.437
38,2,2,63,25.0251
38,2,2,64,26.3819
38,2,2,65,24.4372
38,2,2,66,28.4269
38,2,2,67,23.8471
38,2,2,68,26.4092
38,2,2,69,24.6238
38,2,2,70,21.6403
38,2,2,71,19.5968
38,2,2,72,22.1352
38,2,2,73,26.345
38,2,2,74,22.2347
38,2,2,75,20.5066
38,2,2,76,23.7272
38,2,2,77,22.1169
38,2,2,78,33.8331
38,2,2,79,39.3457
38,2,2,80,30.5616
38,2,2,81,31.0002
38,2,2,82,27.5298
38,2,2,83,27.289
38,2,2,84,28.6519
38,2,2,85,28.8101
38,2,2,86,26.3733
38,2,2,87,23.9963
38,2,2,88,24.0803
38,2,2,89,23.1619
38,2,2,90,22.2346
38,2,2,91,24.6155
38,2,2,92,23.6155
38,2,2,93,23.9574
38,2,2,94,24.6048
38,2,2,95,28.8959
38,2,2,96,30.9781
38,2,2,97,29.2647
38,2,2,98,24.9275
38,2,2,99,22.9108
38,2,2,100,23.8811
38,2,2,101,30.5215
38,2,2,102,21.3625
38,2,2,103,29.3091
38,2,2,104,29.0425
38,2,2,105,26.9785
38,2,2,106,24.7651
38,2,2,107,30.019
38,2,2,108,25.575
38,2,2,109,27.9532
38,2,2,110,26.3886
38,2,2,111,25.8833
38,2,2,112,27.0139
38,2,2,113,25.9905
38,2,2,114,21.1122
38,2,2,115,18.4837
38,2,2,116,19.395
38,2,2,117,19.6415
38,2,2,118,23.5139
38,2,2,119,30.3437
38,2,2,120,32.7252
38,2,2,121,28.946
38,2,2,122,22.2238
38,2,2,123,18.0862
38,2,2,124,17.8285
38,2,2,125,20.1078
38,2,2,126,24.5946
38,2,2,127,28.1496
38,2,2,128,24.0629
38,2,2,129,28.296
38,2,2,130,23.3037
38,2,2,131,23.2339
38,2,2,132,22.9913
38,2,2,133,24.2787
38,2,2,134,24.3326
38,2,2,135,24.5717
38,2,2,136,25.9889
38,2,2,137,31.2849
38,2,2,138,23.8163
38,2,2,139,18.2613
38,2,2,140,20.8664
38,2,2,141,23.2734
38,2,2,142,28.3442
38,2,2,143,23.8346
38,2,2,144,31.3823
38,2,2,145,32.0051
38,2,2,146,29.9248
38,2,2,147,29.4692
38,2,2,148,27.9601
38,2,2,149,23.9143
38,2,2,150,18.8402
38,2,2,151,19.2349
38,2,2,152,22.0945
38,2,2,153,23.3553
38,2,2,154,23.1913
38,2,2,155,23.9415
38,2,2,156,22.9592
38,2,2,157,23.12
38,2,2,158,26.2564
38,2,2,159,23.81
38,2,2,160,24.195
38,2,2,161,23.3982
38,2,2,162,19.0373
38,2,2,163,18.2284
38,2,2,164,21.0998
38,2,2,165,17.6262
38,2,2,166,17.0425
38,2,2,167,10.0825
38,2,2,168,9.9628
38,2,2,169,9.4477
38,2,2,170,9.1719
38,2,2,171,9.6152
38,2,2,172,9.8665
38,2,2,173,9.8149
38,2,2,174,9.7321
38,2,2,175,9.9861
38,2,2,176,9.9725
38,2,2,177,11.0643
38,2,2,178,27.037
38,2,2,179,25.2338
38,2,2,180,22.1918
38,2,2,181,24.5523
38,2,2,182,21.3364
38,2,2,183,26.5044
38,2,2,184,18.0947
38,2,2,185,25.1862
38,2,2,186,21.9598
38,2,2,187,10.349
38,2,2,188,10.378
38,2,2,189,10.8774
38,2,2,190,10.9545
38,2,2,191,9.5982
38,2,2,192,10.3451
38,2,2,193,11.2481
38,2,2,194,10.1446
38,2,2,195,11.1629
38,2,2,196,10.7581
38,2,2,197,7.6719
38,2,2,198,11.044
38,2,2,199,8.9836
38,2,2,200,10.3575
38,2,2,201,10.416
38,2,2,202,9.7579
38,2,2,203,10.7593
38,2,2,204,11.4835
38,2,2,205,11.8895
38,2,2,206,10.6387
38,2,2,207,10.5108
38,2,2,208,10.5558
38,2,2,209,8.383
38,2,2,210,10.5906
38,2,2,211,10.4929
38,2,2,212,11.3201
38,2,2,213,9.7346
38,2,2,214,11.3313
38,2,2,215,11.2545
38,2,2,216,11.0222
38,2,2,217,9.9176
38,2,2,218,10.8062
38,2,2,219,4.4146
38,2,2,220,4.6351
38,2,2,221,4.8817
38,2,2,222,3.0541
38,2,2,223,4.35
38,2,2,224,4.6718
38,2,2,225,4.4608
38,2,2,226,4.19
38,2,2,227,3.4253
38,2,2,228,5.3169
38,2,2,229,4.5104
38,2,2,230,4.2352
38,2,2,231,4.8187
38,2,2,232,4.6653
38,2,2,233,4.8382
38,2,2,234,3.7775
38,2,2,235,3.2248
38,2,2,236,4.0462
38,2,2,237,4.1614
38,2,2,238,3.5132
38,2,2,239,3.2286
38,2,2,240,3.2668
38,2,2,241,3.2342
38,2,2,242,3.1788
38,2,2,243,3.0487
38,2,2,244,3.2134
38,2,2,245,3.1952
38,2,2,246,3.1453
38,2,2,247,2.2949
38,2,2,248,3.9099
38,2,2,249,4.3268
38,2,2,250,3.8884
38,2,2,251,2.7357
38,2,2,252,3.6641
38,2,2,253,4.3292
38,2,2,254,4.7622
38,2,2,255,5.229
38,2,2,256,5.0617
38,2,2,257,5.1776
38,2,2,258,5.0291
38,2,2,259,4.8588
38,2,2,260,5.1122
38,2,2,261,4.3109
38,2,2,262,3.4243
38,2,2,263,3.2492
38,2,2,264,3.1129
38,2,2,265,3.2194
38,2,2,266,3.1702
38,2,2,267,3.2407
38,2,2,268,3.1819
38,2,2,269,3.246
38,2,2,270,3.3128
38,2,2,271,3.1979
38,2,2,272,3.2537
38,2,2,273,3.1881
38,2,2,274,3.2794
38,2,2,275,4.5353
38,2,2,276,3.8012
38,2,2,277,4.8728
38,2,2,278,3.9209
38,2,2,279,4.0866
38,2,2,280,4.1457
38,2,2,281,4.2821
38,2,2,282,4.5863
38,2,2,283,4.3292
38,2,2,284,3.5095
38,2,2,285,3.2874
38,2,2,286,3.1476
38,2,2,287,3.4527
38,2,2,288,3.4219
38,2,2,289,3.3375
38,2,2,290,3.1919
38,2,2,291,3.1156
38,2,2,292,3.1954
38,2,2,293,3.2274
38,2,2,294,3.163
38,2,2,295,3.9495
38,2,2,296,3.25
38,2,2,297,3.6741
38,2,2,298,3.2481
38,2,2,299,3.5992
38,2,2,300,4.6854
38,2,2,301,5.4671
38,2,2,302,4.792
38,2,2,303,4.3919
38,2,2,304,4.4369
38,2,2,305,3.878
38,2,2,306,4.6686
38,2,2,307,4.7351
38,2,2,308,4.5149
38,2,2,309,3.6479
38,2,2,310,4.8243
38,2,2,311,5.2379
38,2,2,312,3.56
38,2,2,313,4.46
38,2,2,314,4.5411
38,2,2,315,4.5935
38,2,2,316,4.7167
38,2,2,317,5.5035
38,2,2,318,4.9002
38,2,2,319,4.3264
38,2,2,320,3.7773
38,2,2,321,3.1962
38,2,2,322,3.2402
38,2,2,323,3.1709
38,2,2,324,3.1632
38,2,2,325,2.9887
38,2,2,326,3.2032
38,2,2,327,3.2055
38,2,2,328,3.1862
38,2,2,329,3.2067
38,2,2,330,3.3443
38,2,2,331,3.1718
38,2,2,332,3.1972
38,2,2,333,3.1592
38,2,2,334,2.8648
38,2,2,335,3.1755
38,2,2,336,3.2037
38,2,2,337,3.2044
38,2,2,338,3.1926
38,2,2,339,3.54
38,2,2,340,3.9889
38,2,2,341,4.3992
38,2,2,342,4.4613
38,2,2,343,4.2714
38,2,2,344,3.8701
38,2,2,345,3.2712
38,2,2,346,3.2448
38,2,2,347,3.1983
38,2,2,348,3.17
38,2,2,349,3.4481
38,2,2,350,3.2658
38,2,2,351,3.2574
38,2,2,352,3.2858
38,2,2,353,3.0274
38,2,2,354,2.9885
38,2,2,355,4.0888
38,2,2,356,3.4615
38,2,2,357,4.0735
38,2,2,358,2.8839
38,2,2,359,3.9455
38,2,2,360,4.0194
38,2,2,361,3.8603
38,2,2,362,3.5301
38,2,2,363,3.2892
38,2,2,364,3.236
38,2,2,365,3.1747
38,2,2,366,3.215
38,2,2,367,3.3043
38,2,2,368,3.36
38,2,2,369,3.1809
38,2,2,370,3.1427
38,2,2,371,3.1887
38,2,2,372,3.1125
38,2,2,373,3.2127
38,2,2,374,3.2242
38,2,2,375,3.1747
38,2,2,376,3.2272
38,2,2,377,3.0871
38,2,2,378,3.2496
38,2,2,379,3.2134
38,2,2,380,3.136
38,2,2,381,3.2884
38,2,2,382,2.8099
38,2,2,383,3.1343
38,2,2,384,3.1009
38,2,2,385,3.1705
38,2,2,386,3.2181
38,2,2,387,2.9891
38,2,2,388,3.2988
38,2,2,389,2.8477
38,2,2,390,3.0849
38,2,2,391,3.1616
38,2,2,392,2.9926
38,2,2,393,2.7868
38,2,2,394,2.617
38,2,2,395,2.7558
38,2,2,396,3.2175
38,2,2,397,3.0779
38,2,2,398,2.9986
38,2,2,399,3.1918
38,2,2,400,3.1188
38,2,2,401,2.8981
38,2,2,402,3.2318
38,2,2,403,2.766
38,2,2,404,3.0272
38,2,2,405,3.1133
38,2,2,406,2.9997
38,2,2,407,3.1687
38,2,2,408,3.1662
38,2,2,409,3.2508
38,2,2,410,3.1742
38,2,2,411,2.3707
38,2,2,412,2.8361
38,2,2,413,2.9697
38,2,2,414,2.9277
38,2,2,415,3.1288
38,2,2,416,2.9872
38,2,2,417,2.3944
38,2,2,418,3.1963
38,2,2,419,3.1079
38,2,2,420,2.6451
38,2,2,421,3.0869
38,2,2,422,2.8991
38,2,2,423,2.9805
38,2,2,424,3.1455
38,2,2,425,3.1512
38,2,2,426,3.2119
38,2,2,427,3.0774
38,2,2,428,2.4934
38,2,2,429,3.0656
38,2,2,430,3.1624
38,2,2,431,3.2238
38,2,2,432,3.1288
38,2,2,433,2.8536
38,2,2,434,2.8495
38,2,2,435,3.1658
38,2,2,436,3.0126
38,2,2,437,3.2426
38,2,2,438,3.1042
38,2,2,439,2.3169
38,2,2,440,2.6771
38,2,2,441,3.1496
38,2,2,442,2.9862
38,2,2,443,3.058
38,2,2,444,2.9152
38,2,2,445,2.4424
38,2,2,446,2.9967
38,2,2,447,3.1553
38,2,2,448,3.419
38,2,2,449,2.9674
38,2,2,450,2.5634
38,2,2,451,2.568
38,2,2,452,3.5582
38,2,2,453,3.0139
38,2,2,454,3.5527
38,2,2,455,4.0191
38,2,2,456,7.3851
38,2,2,457,7.9738
38,2,2,458,10.5028
38,2,2,459,8.8375
38,2,2,460,6.8205
38,2,2,461,6.2661
38,2,2,462,6.4828
38,2,2,463,5.7901
38,2,2,464,9.5333
38,2,2,465,10.2992
38,2,2,466,8.1441
38,2,2,467,10.8316
38,2,2,468,8.9262
38,2,2,469,9.4667
38,2,2,470,9.0905
38,2,2,471,10.9909
38,2,2,472,7.7372
38,2,2,473,7.2902
38,2,2,474,5.8175
38,2,2,475,6.1447
38,2,2,476,5.9777
38,2,2,477,5.8654
38,2,2,478,5.9828
38,2,2,479,5.5403
38,2,2,480,6.3339
38,2,2,481,6.4987
38,2,2,482,7.818
38,2,2,483,6.3471
38,2,2,484,5.8621
38,2,2,485,8.204
38,2,2,486,10.8334
38,2,2,487,9.6632
38,2,2,488,7.3935
38,2,2,489,5.778
38,2,2,490,5.0698
38,2,2,491,5.2488
38,2,2,492,6.1727
38,2,2,493,4.8782
38,2,2,494,5.787
38,2,2,495,5.9665
38,2,2,496,5.3557
38,2,2,497,6.1841
38,2,2,498,6.7761
38,2,2,499,6.4252
38,2,2,500,7.4266
38,2,2,501,7.2885
38,2,2,502,6.5394
38,2,2,503,5.5796
38,2,2,504,5.7554
38,2,2,505,5.1826
38,2,2,506,6.419
38,2,2,507,5.5786
38,2,2,508,6.0835
38,2,2,509,6.1519
38,2,2,510,5.8767
38,2,2,511,5.5573
38,2,2,512,6.7577
38,2,2,513,8.3585
38,2,2,514,7.7465
38,2,2,515,6.5237
38,2,2,516,7.5317
38,2,2,517,5.7893
38,2,2,518,8.5232
38,2,2,519,4.8081
38,2,2,520,7.2178
38,2,2,521,6.7512
38,2,2,522,6.0121
38,2,2,523,7.093
38,2,2,524,8.005
38,2,2,525,8.0643
38,2,2,526,9.5629
38,2,2,527,7.8214
38,2,2,528,6.4345
38,2,2,529,5.8967
38,2,2,530,4.1064
38,2,2,531,7.4906
38,2,2,532,7.5932
38,2,2,533,8.1022
38,2,2,534,6.6685
38,2,2,535,8.4629
38,2,2,536,6.3976
38,2,2,537,6.9626
38,2,2,538,6.2266
38,2,2,539,6.5569
38,2,2,540,6.3273
38,2,2,541,4.9893
38,2,2,542,8.6962
38,2,2,543,5.6475
38,2,2,544,6.8411
38,2,2,545,5.5369
38,2,2,546,6.1655
38,2,2,547,7.4858
38,2,2,548,5.3626
38,2,2,549,6.4489
38,2,2,550,6.1659
38,2,2,551,6.6379
38,2,2,552,6.2232
38,2,2,553,5.5135
38,2,2,554,5.8281
38,2,2,555,4.9516
38,2,2,556,7.2074
38,2,2,557,5.353
38,2,2,558,8.186
38,2,2,559,7.9242
38,2,2,560,9.1705
38,2,2,561,8.36
38,2,2,562,6.0405
38,2,2,563,6.2915
38,2,2,564,8.3466
38,2,2,565,7.1137
38,2,2,566,4.8643
38,2,2,567,6.2967
38,2,2,568,6.6011
38,2,2,569,7.6595
38,2,2,570,6.3331
38,2,2,571,7.4333
38,2,2,572,8.74
38,2,2,573,8.2496
38,2,2,574,8.0657
38,2,2,575,8.8155
38,2,2,576,6.448
38,2,2,577,4.9504
38,2,2,578,6.7492
38,2,2,579,8.0386
38,2,2,580,7.1121
38,2,2,581,6.4573
38,2,2,582,7.6297
38,2,2,583,8.1408
38,2,2,584,6.4451
38,2,2,585,6.1795
38,2,2,586,6.4474
38,2,2,587,5.8851
38,2,2,588,5.9875
38,2,2,589,12.5941
38,2,2,590,19.9977
38,2,2,591,15.8151
38,2,2,592,13.9432
38,2,2,593,17.3905
38,2,2,594,22.4478
38,2,2,595,15.6669
38,2,2,596,10.3681
38,2,2,597,9.8028
38,2,2,598,8.7934
38,2,2,599,9.0554
38,2,2,600,7.7544
38,2,2,601,8.7197
38,2,2,602,7.2421
38,2,2,603,8.0369
38,2,2,604,6.7263
38,2,2,605,8.1167
38,2,2,606,7.5947
38,2,2,607,10.1886
38,2,2,608,10.2017
38,2,2,609,8.464
38,2,2,610,5.9634
38,2,2,611,6.3689
38,2,2,612,5.9696
38,2,2,613,4.2928
38,2,2,614,5.9328
38,2,2,615,5.9406
38,2,2,616,5.6416
38,2,2,617,5.5356
38,2,2,618,5.8863
38,2,2,619,6.5978
38,2,2,620,7.0783
38,2,2,621,6.0196
38,2,2,622,6.1901
38,2,2,623,6.566
38,2,2,624,6.3387
38,2,2,625,6.0791
38,2,2,626,5.9907
38,2,2,627,5.4531
38,2,2,628,6.4484
38,2,2,629,6.0882
38,2,2,630,5.2258
38,2,2,631,4.9477
38,2,2,632,4.9492
38,2,2,633,5.2746
38,2,2,634,4.9587
38,2,2,635,4.9462
38,2,2,636,4.9309
38,2,2,637,4.8962
38,2,2,638,4.0038
38,2,2,639,3.901
38,2,2,640,4.0487
38,2,2,641,4.0365
38,2,2,642,3.9985
38,2,2,643,3.8303
38,2,2,644,3.3248
38,2,2,645,3.9577
38,2,2,646,4.0229
38,2,2,647,3.732
38,2,2,648,3.7652
38,2,2,649,2.6342
38,2,2,650,2.9414
38,2,2,651,2.9553
38,2,2,652,2.978
38,2,2,653,2.9542
38,2,2,654,2.9447
38,2,2,655,3.0507
38,2,2,656,2.9451
38,2,2,657,2.9869
38,2,2,658,2.9565
38,2,2,659,2.9256
38,2,2,660,2.9443
38,2,2,661,2.9205
38,2,2,662,2.9043
38,2,2,663,2.2811
38,2,2,664,2.9678
38,2,2,665,2.9217
38,2,2,666,2.9628
38,2,2,667,2.9563
38,2,2,668,3.0556
38,2,2,669,3.5154
38,2,2,670,3.4368
38,2,2,671,3.4162
38,2,2,672,3.111
38,2,2,673,2.9431
38,2,2,674,3.6436
38,2,2,675,3.6521
38,2,2,676,3.568
38,2,2,677,3.9437
38,2,2,678,3.0132
38,2,2,679,3.1998
38,2,2,680,2.9703
38,2,2,681,2.6113
38,2,2,682,2.1229
38,2,2,683,3.4543
38,2,2,684,3.1073
38,2,2,685,2.9927
38,2,2,686,2.9795
38,2,2,687,2.6029
38,2,2,688,2.9388
38,2,2,689,2.9751
38,2,2,690,3.0038
38,2,2,691,2.9853
38,2,2,692,2.7929
38,2,2,693,2.3689
38,2,2,694,3.0559
38,2,2,695,3.1673
38,2,2,696,3.0217
38,2,2,697,3.1269
38,2,2,698,2.7927
38,2,2,699,2.8115
38,2,2,700,2.7423
38,2,2,701,2.8016
38,2,2,702,2.8122
38,2,2,703,2.9822
38,2,2,704,2.6011
38,2,2,705,2.5576
38,2,2,706,2.8747
38,2,2,707,2.9683
38,2,2,708,2.9118
38,2,2,709,2.6083
38,2,2,710,3.0838
38,2,2,711,2.998
38,2,2,712,2.9672
38,2,2,713,2.9738
38,2,2,714,2.9702
38,2,2,715,2.9891
38,2,2,716,3.0353
38,2,2,717,2.9507
38,2,2,718,3.1272
38,2,2,719,3.9914
38,2,2,720,3.2208
38,2,2,721,2.692
38,2,2,722,2.9556
38,2,2,723,2.9501
38,2,2,724,2.575
38,2,2,725,2.7672
38,2,2,726,3.1919
38,2,2,727,3.6143
38,2,2,728,3.8185
38,2,2,729,3.4448
38,2,2,730,3.8216
38,2,2,731,4.3864
38,2,2,732,4.4442
38,2,2,733,4.2541
38,2,2,734,4.3405
38,2,2,735,4.3029
38,2,2,736,4.0071
38,2,2,737,3.011
38,2,2,738,3.589
38,2,2,739,3.3112
38,2,2,740,2.829
38,2,2,741,3.114
38,2,2,742,3.073
38,2,2,743,3.0322
38,2,2,744,3.5285
38,2,2,745,4.1052
38,2,2,746,4.5784
38,2,2,747,4.792
38,2,2,748,5.0015
38,2,2,749,4.7636
38,2,2,750,3.4028
38,2,2,751,4.0893
38,2,2,752,4.6318
38,2,2,753,4.7
38,2,2,754,4.1516
38,2,2,755,3.5341
38,2,2,756,3.0373
38,2,2,757,2.5549
38,2,2,758,2.7938
38,2,2,759,2.962
38,2,2,760,2.9731
38,2,2,761,2.9577
38,2,2,762,2.9514
38,2,2,763,3.0487
38,2,2,764,2.9574
38,2,2,765,2.8168
38,2,2,766,2.8544
38,2,2,767,2.974
38,2,2,768,2.7994
38,2,2,769,2.6713
38,2,2,770,2.9399
38,2,2,771,2.9846
38,2,2,772,3.1573
38,2,2,773,4.1497
38,2,2,774,4.4785
38,2,2,775,4.365
38,2,2,776,4.597
38,2,2,777,3.5427
38,2,2,778,2.8254
38,2,2,779,4.4077
38,2,2,780,2.768
38,2,2,781,3.2165
38,2,2,782,3.0171
38,2,2,783,2.7385
38,2,2,784,3.0521
38,2,2,785,2.9675
38,2,2,786,2.722
38,2,2,787,2.8326
38,2,2,788,2.5711
38,2,2,789,2.8401
38,2,2,790,3.0379
38,2,2,791,2.9578
38,2,2,792,2.7323
38,2,2,793,3.0665
38,2,2,794,3.1362
38,2,2,795,3.1274
38,2,2,796,3.0345
38,2,2,797,3.1192
38,2,2,798,3.0681
38,2,2,799,2.7668
38,2,2,800,2.6381
38,2,2,801,3.0438
38,2,2,802,3.0078
38,2,2,803,2.8659
38,2,2,804,3.0453
38,2,2,805,3.0575
38,2,2,806,3.0736
38,2,2,807,3.0291
38,2,2,808,2.6755
38,2,2,809,3.0029
38,2,2,810,3.0403
38,2,2,811,3.0936
38,2,2,812,3.0582
38,2,2,813,3.0918
38,2,2,814,3.0547
38,2,2,815,3.019
38,2,2,816,2.9663
38,2,2,817,2.9851
38,2,2,818,2.9646
38,2,2,819,2.397
38,2,2,820,3.739
38,2,2,821,4.1189
38,2,2,822,3.9061
38,2,2,823,4.3524
38,2,2,824,4.2425
38,2,2,825,3.6431
38,2,2,826,3.0093
38,2,2,827,2.8626
38,2,2,828,2.5539
38,2,2,829,2.966
38,2,2,830,2.9479
38,2,2,831,2.9474
38,2,2,832,2.9974
38,2,2,833,2.9891
38,2,2,834,2.8073
38,2,2,835,2.8746
38,2,2,836,2.9349
38,2,2,837,2.6821
38,2,2,838,2.6479
38,2,2,839,2.204
38,2,2,840,2.3167
38,2,2,841,2.3321
38,2,2,842,3.0538
38,2,2,843,3.0424
38,2,2,844,3.3159
38,2,2,845,2.0892
38,2,2,846,2.6417
38,2,2,847,2.1707
38,2,2,848,4.0496
38,2,2,849,4.3132
38,2,2,850,3.9604
38,2,2,851,3.7676
38,2,2,852,2.8074
38,2,2,853,2.8707
38,2,2,854,3.022
38,2,2,855,2.6355
38,2,2,856,2.923
38,2,2,857,2.9213
38,2,2,858,2.8354
38,2,2,859,2.963
38,2,2,860,3.2302
38,2,2,861,2.9709
38,2,2,862,2.8299
38,2,2,863,2.9387
38,2,2,864,2.9793
38,2,2,865,2.4399
38,2,2,866,2.4368
38,2,2,867,2.9735
38,2,2,868,2.8739
38,2,2,869,2.7963
38,2,2,870,2.9374
38,2,2,871,2.6527
38,2,2,872,2.3026
38,2,2,873,2.9484
38,2,2,874,2.88
38,2,2,875,2.8658
38,2,2,876,2.8865
38,2,2,877,2.8493
38,2,2,878,2.5342
38,2,2,879,2.9122
38,2,2,880,2.9289
38,2,2,881,3.0144
38,2,2,882,2.9142
38,2,2,883,2.4381
38,2,2,884,2.5126
38,2,2,885,3.006
38,2,2,886,2.7045
38,2,2,887,2.2634
38,2,2,888,4.3428
38,2,2,889,4.0362
38,2,2,890,4.4658
38,2,2,891,4.3212
38,2,2,892,4.1013
38,2,2,893,3.5367
38,2,2,894,3.0272
38,2,2,895,2.9458
38,2,2,896,2.8681
38,2,2,897,2.5231
38,2,2,898,3.1525
38,2,2,899,3.3955
38,2,2,900,3.0122
38,3,0,1,3.5913
38,3,0,2,3.3256
38,3,0,3,3.2289
38,3,0,4,3.1351
38,3,0,5,3.1014
38,3,0,6,3.1568
38,3,0,7,2.7093
38,3,0,8,3.1538
38,3,0,9,3.1183
38,3,0,10,2.7683
38,3,0,11,3.1263
38,3,0,12,3.213
38,3,0,13,3.2114
38,3,0,14,3.1248
38,3,0,15,2.5216
38,3,0,16,4.2324
38,3,0,17,4.1876
38,3,0,18,4.3783
38,3,0,19,4.2021
38,3,0,20,4.6335
38,3,0,21,4.4463
38,3,0,22,4.6954
38,3,0,23,5.0276
38,3,0,24,4.0296
38,3,0,25,5.4191
38,3,0,26,4.3695
38,3,0,27,3.6569
38,3,0,28,3.6661
38,3,0,29,3.2277
38,3,0,30,3.1313
38,3,0,31,3.1808
38,3,0,32,3.2163
38,3,0,33,3.1274
38,3,0,34,3.1732
38,3,0,35,3.1432
38,3,0,36,3.2363
38,3,0,37,3.2826
38,3,0,38,3.1225
38,3,0,39,3.1431
38,3,0,40,3.1442
38,3,0,41,3.1455
38,3,0,42,3.2044
38,3,0,43,3.1235
38,3,0,44,3.1584
38,3,0,45,3.1909
38,3,0,46,3.5172
38,3,0,47,3.2369
38,3,0,48,3.1511
38,3,0,49,3.1471
38,3,0,50,3.1309
38,3,0,51,2.8943
38,3,0,52,3.6802
38,3,0,53,4.1657
38,3,0,54,4.68
38,3,0,55,4.9519
38,3,0,56,4.6147
38,3,0,57,4.199
38,3,0,58,3.6885
38,3,0,59,3.1572
38,3,0,60,3.5506
38,3,0,61,2.6948
38,3,0,62,4.5321
38,3,0,63,4.5891
38,3,0,64,3.2906
38,3,0,65,3.9803
38,3,0,66,3.9077
38,3,0,67,3.7016
38,3,0,68,3.1662
38,3,0,69,3.4765
38,3,0,70,3.2969
38,3,0,71,3.2106
38,3,0,72,3.1808
38,3,0,73,3.163
38,3,0,74,2.7718
38,3,0,75,3.0733
38,3,0,76,3.214
38,3,0,77,4.1028
38,3,0,78,4.9399
38,3,0,79,5.2185
38,3,0,80,3.2362
38,3,0,81,3.2152
38,3,0,82,3.1627
38,3,0,83,2.5798
38,3,0,84,2.7176
38,3,0,85,3.1933
38,3,0,86,3.0152
38,3,0,87,3.2102
38,3,0,88,2.9825
38,3,0,89,2.3894
38,3,0,90,3.218
38,3,0,91,3.2122
38,3,0,92,2.533
38,3,0,93,3.132
38,3,0,94,2.9541
38,3,0,95,3.2352
38,3,0,96,3.2102
38,3,0,97,3.111
38,3,0,98,3.2167
38,3,0,99,2.9298
38,3,0,100,3.184
38,3,0,101,3.1189
38,3,0,102,3.1287
38,3,0,103,3.2168
38,3,0,104,2.6814
38,3,0,105,2.9654
38,3,0,106,2.8556
38,3,0,107,3.1986
38,3,0,108,3.1878
38,3,0,109,3.1283
38,3,0,110,3.9858
38,3,0,111,4.3312
38,3,0,112,4.2451
38,3,0,113,4.3141
38,3,0,114,4.5283
38,3,0,115,4.9347
38,3,0,116,4.8464
38,3,0,117,4.6074
38,3,0,118,4.3773
38,3,0,119,4.5208
38,3,0,120,4.3923
38,3,0,121,4.4375
38,3,0,122,4.2112
38,3,0,123,4.4097
38,3,0,124,4.3487
38,3,0,125,4.06
38,3,0,126,4.0072
38,3,0,127,3.8643
38,3,0,128,3.3536
38,3,0,129,3.1831
38,3,0,130,2.8918
38,3,0,131,3.076
38,3,0,132,3.1452
38,3,0,133,3.1587
38,3,0,134,3.1532
38,3,0,135,3.1482
38,3,0,136,3.2431
38,3,0,137,3.2198
38,3,0,138,2.9796
38,3,0,139,2.6472
38,3,0,140,2.9021
38,3,0,141,3.0963
38,3,0,142,3.1949
38,3,0,143,3.1453
38,3,0,144,3.1654
38,3,0,145,3.1456
38,3,0,146,3.1706
38,3,0,147,3.1786
38,3,0,148,3.2106
38,3,0,149,3.1297
38,3,0,150,3.177
38,3,0,151,3.1539
38,3,0,152,3.1706
38,3,0,153,3.1664
38,3,0,154,3.1412
38,3,0,155,3.1191
38,3,0,156,3.1484
38,3,0,157,2.6479
38,3,0,158,2.7457
38,3,0,159,3.1621
38,3,0,160,3.0489
38,3,0,161,2.8277
38,3,0,162,3.12
38,3,0,163,3.1375
38,3,0,164,3.1419
38,3,0,165,3.1454
38,3,0,166,3.2174
38,3,0,167,3.1347
38,3,0,168,3.1839
38,3,0,169,3.1833
38,3,0,170,3.1445
38,3,0,171,2.5835
38,3,0,172,3.0168
38,3,0,173,3.1768
38,3,0,174,3.2348
38,3,0,175,3.1853
38,3,0,176,2.9378
38,3,0,177,3.8733
38,3,0,178,3.8546
38,3,0,179,3.3026
38,3,0,180,3.2221
38,3,0,181,2.6431
38,3,0,182,2.9871
38,3,0,183,3.1367
38,3,0,184,2.4597
38,3,0,185,3.1756
38,3,0,186,3.1195
38,3,0,187,2.9997
38,3,0,188,3.057
38,3,0,189,3.0675
38,3,0,190,2.9472
38,3,0,191,3.1776
38,3,0,192,2.8547
38,3,0,193,2.8621
38,3,0,194,3.1249
38,3,0,195,2.7808
38,3,0,196,2.782
38,3,0,197,3.0156
38,3,0,198,3.0808
38,3,0,199,3.1639
38,3,0,200,3.0391
38,3,0,201,2.5391
38,3,0,202,3.0289
38,3,0,203,3.1715
38,3,0,204,3.1891
38,3,0,205,3.1442
38,3,0,206,3.141
38,3,0,207,2.66
38,3,0,208,2.9405
38,3,0,209,3.2015
38,3,0,210,3.5304
38,3,0,211,3.2761
38,3,0,212,2.7972
38,3,0,213,2.4661
38,3,0,214,3.4521
38,3,0,215,4.6255
38,3,0,216,3.2347
38,3,0,217,3.6396
38,3,0,218,4.4827
38,3,0,219,3.9715
38,3,0,220,3.2745
38,3,0,221,2.922
38,3,0,222,2.9685
38,3,0,223,3.1185
38,3,0,224,3.0892
38,3,0,225,2.9791
38,3,0,226,3.0032
38,3,0,227,3.5496
38,3,0,228,3.1416
38,3,0,229,3.204
38,3,0,230,2.9688
38,3,0,231,2.896
38,3,0,232,3.3328
38,3,0,233,3.1372
38,3,0,234,3.0311
38,3,0,235,3.1832
38,3,0,236,3.1601
38,3,0,237,3.2069
38,3,0,238,3.1889
38,3,0,239,3.1095
38,3,0,240,3.0951
38,3,0,241,2.2605
38,3,0,242,2.5169
38,3,0,243,3.0607
38,3,0,244,3.1146
38,3,0,245,3.1527
38,3,0,246,2.7407
38,3,0,247,2.6675
38,3,0,248,3.1241
38,3,0,249,3.2381
38,3,0,250,3.1178
38,3,0,251,2.5842
38,3,0,252,3.1214
38,3,0,253,3.4626
38,3,0,254,3.4491
38,3,0,255,3.5818
38,3,0,256,4.8524
38,3,0,257,5.4327
38,3,0,258,4.8395
38,3,0,259,4.4641
38,3,0,260,3.6258
38,3,0,261,3.1538
38,3,0,262,3.8081
38,3,0,263,3.3659
38,3,0,264,3.4421
38,3,0,265,3.1997
38,3,0,266,3.1219
38,3,0,267,3.2122
38,3,0,268,3.2069
38,3,0,269,3.1553
38,3,0,270,3.184
38,3,0,271,3.1855
38,3,0,272,3.189
38,3,0,273,3.2158
38,3,0,274,3.1485
38,3,0,275,3.1375
38,3,0,276,3.1202
38,3,0,277,3.1297
38,3,0,278,2.8306
38,3,0,279,2.2612
38,3,0,280,2.7111
38,3,0,281,2.9232
38,3,0,282,3.1434
38,3,0,283,3.1812
38,3,0,284,3.0734
38,3,0,285,3.1339
38,3,0,286,3.1883
38,3,0,287,3.1367
38,3,0,288,3.1108
38,3,0,289,3.166
38,3,0,290,3.3264
38,3,0,291,3.2457
38,3,0,292,3.2213
38,3,0,293,3.1114
38,3,0,294,3.0621
38,3,0,295,3.6652
38,3,0,296,3.1459
38,3,0,297,3.1744
38,3,0,298,3.0349
38,3,0,299,3.1193
38,3,0,300,3.9723
38,3,0,301,4.1756
38,3,0,302,3.6766
38,3,0,303,3.4083
38,3,0,304,3.1735
38,3,0,305,3.1095
38,3,0,306,3.1527
38,3,0,307,3.1255
38,3,0,308,3.2603
38,3,0,309,3.459
38,3,0,310,3.1998
38,3,0,311,3.2485
38,3,0,312,3.4239
38,3,0,313,3.2138
38,3,0,314,3.2095
38,3,0,315,3.1415
38,3,0,316,3.1435
38,3,0,317,3.2045
38,3,0,318,3.1267
38,3,0,319,3.1664
38,3,0,320,3.1335
38,3,0,321,3.1352
38,3,0,322,3.2176
38,3,0,323,3.2223
38,3,0,324,3.182
38,3,0,325,3.1538
38,3,0,326,3.1136
38,3,0,327,3.5445
38,3,0,328,3.4115
38,3,0,329,3.1505
38,3,0,330,3.199
38,3,0,331,3.1273
38,3,0,332,2.5254
38,3,0,333,3.416
38,3,0,334,4.1445
38,3,0,335,4.3142
38,3,0,336,3.8058
38,3,0,337,3.2796
38,3,0,338,3.1182
38,3,0,339,3.1735
38,3,0,340,3.1738
38,3,0,341,3.1171
38,3,0,342,3.164
38,3,0,343,3.1324
38,3,0,344,3.1618
38,3,0,345,3.6319
38,3,0,346,3.1636
38,3,0,347,3.163
38,3,0,348,3.1044
38,3,0,349,3.0195
38,3,0,350,2.7613
38,3,0,351,3.2003
38,3,0,352,3.1484
38,3,0,353,3.1544
38,3,0,354,3.3507
38,3,0,355,3.9574
38,3,0,356,4.5708
38,3,0,357,4.6523
38,3,0,358,3.573
38,3,0,359,5.2195
38,3,0,360,6.181
38,3,0,361,5.3242
38,3,0,362,3.661
38,3,0,363,6.0288
38,3,0,364,5.4555
38,3,0,365,6.151
38,3,0,366,5.8663
38,3,0,367,4.3694
38,3,0,368,5.6282
38,3,0,369,5.4811
38,3,0,370,5.1492
38,3,0,371,4.7609
38,3,0,372,5.2472
38,3,0,373,5.4196
38,3,0,374,5.2824
38,3,0,375,5.49
38,3,0,376,3.9194
38,3,0,377,5.191
38,3,0,378,4.5222
38,3,0,379,4.9981
38,3,0,380,4.262
38,3,0,381,3.3899
38,3,0,382,3.383
38,3,0,383,3.2443
38,3,0,384,2.6258
38,3,0,385,3.0097
38,3,0,386,4.8685
38,3,0,387,4.8196
38,3,0,388,4.9846
38,3,0,389,4.8479
38,3,0,390,4.4287
38,3,0,391,4.4091
38,3,0,392,4.204
38,3,0,393,3.6036
38,3,0,394,3.1846
38,3,0,395,3.353
38,3,0,396,3.7078
38,3,0,397,4.2844
38,3,0,398,4.1318
38,3,0,399,4.1508
38,3,0,400,4.0147
38,3,0,401,4.089
38,3,0,402,3.646
38,3,0,403,2.5565
38,3,0,404,3.8036
38,3,0,405,3.1589
38,3,0,406,3.1367
38,3,0,407,3.0582
38,3,0,408,2.5679
38,3,0,409,3.6623
38,3,0,410,3.1713
38,3,0,411,3.2183
38,3,0,412,3.2133
38,3,0,413,3.8416
38,3,0,414,4.8058
38,3,0,415,4.4985
38,3,0,416,4.5778
38,3,0,417,4.5472
38,3,0,418,3.1498
38,3,0,419,3.1663
38,3,0,420,3.1474
38,3,0,421,3.2213
38,3,0,422,2.6353
38,3,0,423,3.0949
38,3,0,424,3.072
38,3,0,425,3.0571
38,3,0,426,2.7619
38,3,0,427,3.116
38,3,0,428,3.1094
38,3,0,429,3.0623
38,3,0,430,3.0771
38,3,0,431,3.0948
38,3,0,432,3.1465
38,3,0,433,2.8461
38,3,0,434,3.1749
38,3,0,435,4.4921
38,3,0,436,5.2716
38,3,0,437,5.0977
38,3,0,438,5.076
38,3,0,439,5.1345
38,3,0,440,5.0537
38,3,0,441,5.1379
38,3,0,442,5.2473
38,3,0,443,5.1943
38,3,0,444,5.2646
38,3,0,445,5.0567
38,3,0,446,5.1219
38,3,0,447,4.8919
38,3,0,448,4.7054
38,3,0,449,5.1147
38,3,0,450,5.1075
38,3,0,451,4.8528
38,3,0,452,5.1252
38,3,0,453,5.0791
38,3,0,454,5.0175
38,3,0,455,4.7971
38,3,0,456,5.0085
38,3,0,457,4.9857
38,3,0,458,5.0895
38,3,0,459,5.055
38,3,0,460,5.1732
38,3,0,461,5.0699
38,3,0,462,5.3798
38,3,0,463,5.0279
38,3,0,464,5.0325
38,3,0,465,5.3436
38,3,0,466,5.0426
38,3,0,467,5.8691
38,3,0,468,7.3408
38,3,0,469,7.612
38,3,0,470,7.0405
38,3,0,471,6.7657
38,3,0,472,5.3209
38,3,0,473,8.0258
38,3,0,474,8.3581
38,3,0,475,6.0625
38,3,0,476,7.8716
38,3,0,477,7.7392
38,3,0,478,7.6877
38,3,0,479,5.7943
38,3,0,480,5.2573
38,3,0,481,5.5395
38,3,0,482,5.2181
38,3,0,483,5.5743
38,3,0,484,4.7119
38,3,0,485,5.3966
38,3,0,486,5.2019
38,3,0,487,5.1212
38,3,0,488,5.2292
38,3,0,489,5.1447
38,3,0,490,3.4792
38,3,0,491,5.1461
38,3,0,492,5.0872
38,3,0,493,5.3283
38,3,0,494,5.4974
38,3,0,495,5.2429
38,3,0,496,5.2695
38,3,0,497,5.1646
38,3,0,498,5.2027
38,3,0,499,5.6181
38,3,0,500,5.8045
38,3,0,501,4.5162
38,3,0,502,5.0693
38,3,0,503,5.1291
38,3,0,504,5.1744
38,3,0,505,6.3963
38,3,0,506,5.289
38,3,0,507,5.4336
38,3,0,508,5.1141
38,3,0,509,5.0413
38,3,0,510,5.0503
38,3,0,511,4.3991
38,3,0,512,4.6751
38,3,0,513,5.1151
38,3,0,514,4.6746
38,3,0,515,5.2407
38,3,0,516,5.1782
38,3,0,517,5.1784
38,3,0,518,5.072
38,3,0,519,5.5689
38,3,0,520,5.8973
38,3,0,521,5.3373
38,3,0,522,5.1417
38,3,0,523,5.6679
38,3,0,524,5.318
38,3,0,525,5.2423
38,3,0,526,4.6213
38,3,0,527,5.3221
38,3,0,528,5.1953
38,3,0,529,5.5211
38,3,0,530,5.402
38,3,0,531,5.1801
38,3,0,532,4.8391
38,3,0,533,5.0629
38,3,0,534,5.3663
38,3,0,535,5.3788
38,3,0,536,5.25
38,3,0,537,3.6912
38,3,0,538,5.3812
38,3,0,539,5.6732
38,3,0,540,5.3173
38,3,0,541,5.1914
38,3,0,542,5.3079
38,3,0,543,5.2103
38,3,0,544,5.5521
38,3,0,545,5.3664
38,3,0,546,5.1962
38,3,0,547,5.2564
38,3,0,548,5.1408
38,3,0,549,5.1968
38,3,0,550,4.1623
38,3,0,551,5.1215
38,3,0,552,5.1698
38,3,0,553,4.7467
38,3,0,554,5.678
38,3,0,555,5.0856
38,3,0,556,5.8496
38,3,0,557,5.9244
38,3,0,558,6.3883
38,3,0,559,6.4255
38,3,0,560,6.106
38,3,0,561,6.3484
38,3,0,562,4.5063
38,3,0,563,5.0132
38,3,0,564,4.8313
38,3,0,565,5.6226
38,3,0,566,5.1398
38,3,0,567,6.4306
38,3,0,568,5.3517
38,3,0,569,5.8261
38,3,0,570,6.7231
38,3,0,571,6.6199
38,3,0,572,4.502
38,3,0,573,5.0585
38,3,0,574,5.0999
38,3,0,575,4.5341
38,3,0,576,5.1764
38,3,0,577,5.0143
38,3,0,578,4.3985
38,3,0,579,6.4153
38,3,0,580,6.2501
38,3,0,581,6.5932
38,3,0,582,6.3122
38,3,0,583,6.912
38,3,0,584,7.8473
38,3,0,585,8.3542
38,3,0,586,7.3846
38,3,0,587,6.3126
38,3,0,588,6.8201
38,3,0,589,7.0092
38,3,0,590,6.6759
38,3,0,591,6.3841
38,3,0,592,6.3308
38,3,0,593,5.2036
38,3,0,594,5.4004
38,3,0,595,5.1128
38,3,0,596,4.9668
38,3,0,597,5.4002
38,3,0,598,4.182
38,3,0,599,5.0368
38,3,0,600,4.3723
38,3,0,601,6.3632
38,3,0,602,7.3957
38,3,0,603,6.7771
38,3,0,604,7.2066
38,3,0,605,7.4718
38,3,0,606,6.622
38,3,0,607,5.9021
38,3,0,608,5.1059
38,3,0,609,4.2657
38,3,0,610,5.1151
38,3,0,611,5.0016
38,3,0,612,5.1116
38,3,0,613,5.0148
38,3,0,614,4.9816
38,3,0,615,5.0896
38,3,0,616,5.0569
38,3,0,617,5.0081
38,3,0,618,5.1912
38,3,0,619,5.3031
38,3,0,620,5.0691
38,3,0,621,5.1281
38,3,0,622,5.0568
38,3,0,623,4.9853
38,3,0,624,4.4391
38,3,0,625,5.1371
38,3,0,626,5.1003
38,3,0,627,6.2348
38,3,0,628,6.2812
38,3,0,629,6.2113
38,3,0,630,6.1714
38,3,0,631,6.1666
38,3,0,632,6.0642
38,3,0,633,5.1484
38,3,0,634,4.1522
38,3,0,635,5.9965
38,3,0,636,6.9941
38,3,0,637,6.8121
38,3,0,638,6.7168
38,3,0,639,6.2895
38,3,0,640,6.3823
38,3,0,641,5.4629
38,3,0,642,5.2204
38,3,0,643,5.1498
38,3,0,644,5.031
38,3,0,645,4.2815
38,3,0,646,6.9106
38,3,0,647,6.2582
38,3,0,648,5.3828
38,3,0,649,6.0838
38,3,0,650,5.5058
38,3,0,651,6.9645
38,3,0,652,5.5195
38,3,0,653,5.2842
38,3,0,654,8.4508
38,3,0,655,9.8484
38,3,0,656,8.0541
38,3,0,657,8.2589
38,3,0,658,6.3693
38,3,0,659,5.7805
38,3,0,660,6.0461
38,3,0,661,6.1885
38,3,0,662,6.0834
38,3,0,663,5.2377
38,3,0,664,5.4005
38,3,0,665,5.3526
38,3,0,666,5.4187
38,3,0,667,5.2846
38,3,0,668,5.3903
38,3,0,669,4.6756
38,3,0,670,4.8076
38,3,0,671,4.5118
38,3,0,672,4.4584
38,3,0,673,4.6151
38,3,0,674,4.372
38,3,0,675,4.4202
38,3,0,676,4.3206
38,3,0,677,4.3877
38,3,0,678,4.2309
38,3,0,679,4.5349
38,3,0,680,4.4321
38,3,0,681,3.1303
38,3,0,682,2.9642
38,3,0,683,2.2828
38,3,0,684,3.2083
38,3,0,685,2.981
38,3,0,686,3.0931
38,3,0,687,3.0348
38,3,0,688,3.0893
38,3,0,689,2.8832
38,3,0,690,2.6072
38,3,0,691,2.7898
38,3,0,692,2.459
38,3,0,693,2.9827
38,3,0,694,2.991
38,3,0,695,2.6884
38,3,0,696,3.0305
38,3,0,697,3.0409
38,3,0,698,3.0452
38,3,0,699,3.0639
38,3,0,700,3.0616
38,3,0,701,3.0631
38,3,0,702,3.0241
38,3,0,703,3.0908
38,3,0,704,3.0253
38,3,0,705,3.1614
38,3,0,706,3.0149
38,3,0,707,2.9478
38,3,0,708,2.9395
38,3,0,709,2.9781
38,3,0,710,3.0637
38,3,0,711,2.9637
38,3,0,712,2.953
38,3,0,713,2.9327
38,3,0,714,2.9473
38,3,0,715,3.0163
38,3,0,716,3.0725
38,3,0,717,3.0543
38,3,0,718,3.0258
38,3,0,719,3.0383
38,3,0,720,3.0496
38,3,0,721,3.1006
38,3,0,722,3.0519
38,3,0,723,3.0538
38,3,0,724,3.0044
38,3,0,725,3.0653
38,3,0,726,2.7634
38,3,0,727,2.688
38,3,0,728,2.9943
38,3,0,729,3.024
38,3,0,730,2.973
38,3,0,731,2.7026
38,3,0,732,2.5955
38,3,0,733,2.9452
38,3,0,734,2.943
38,3,0,735,2.9481
38,3,0,736,2.9178
38,3,0,737,2.4106
38,3,0,738,3.04
38,3,0,739,2.9911
38,3,0,740,2.962
38,3,0,741,2.9183
38,3,0,742,2.6758
38,3,0,743,2.4432
38,3,0,744,2.9558
38,3,0,745,2.9656
38,3,0,746,2.9755
38,3,0,747,2.9564
38,3,0,748,3.0274
38,3,0,749,3.0361
38,3,0,750,2.9501
38,3,0,751,2.9993
38,3,0,752,2.9605
38,3,0,753,3.1007
38,3,0,754,2.9956
38,3,0,755,2.9856
38,3,0,756,3.0023
38,3,0,757,2.9834
38,3,0,758,3.0152
38,3,0,759,3.0377
38,3,0,760,3.073
38,3,0,761,3.0333
38,3,0,762,3.0711
38,3,0,763,2.9985
38,3,0,764,3.0309
38,3,0,765,3.1383
38,3,0,766,3.1004
38,3,0,767,3.0525
38,3,0,768,2.9814
38,3,0,769,3.0353
38,3,0,770,3.0909
38,3,0,771,3.0453
38,3,0,772,2.9911
38,3,0,773,2.9821
38,3,0,774,2.9314
38,3,0,775,2.981
38,3,0,776,2.8986
38,3,0,777,3.0264
38,3,0,778,3.0258
38,3,0,779,3.0927
38,3,0,780,2.9819
38,3,0,781,3.0966
38,3,0,782,2.9638
38,3,0,783,3.0234
38,3,0,784,3.1091
38,3,0,785,2.9975
38,3,0,786,2.9795
38,3,0,787,3.0064
38,3,0,788,2.9905
38,3,0,789,2.7662
38,3,0,790,2.5125
38,3,0,791,3.0715
38,3,0,792,3.2108
38,3,0,793,3.3411
38,3,0,794,2.8744
38,3,0,795,3.2943
38,3,0,796,3.3527
38,3,0,797,3.2591
38,3,0,798,3.1686
38,3,0,799,3.0225
38,3,0,800,2.8842
38,3,0,801,3.0135
38,3,0,802,2.9831
38,3,0,803,3.0492
38,3,0,804,2.981
38,3,0,805,2.9971
38,3,0,806,2.9923
38,3,0,807,2.9886
38,3,0,808,2.9659
38,3,0,809,3.042
38,3,0,810,3.0572
38,3,0,811,2.9537
38,3,0,812,2.9445
38,3,0,813,2.9468
38,3,0,814,2.9247
38,3,0,815,2.9106
38,3,0,816,3.0382
38,3,0,817,3.1891
38,3,0,818,3.0085
38,3,0,819,2.9493
38,3,0,820,3.426
38,3,0,821,3.003
38,3,0,822,2.9575
38,3,0,823,2.9966
38,3,0,824,3.5157
38,3,0,825,4.0837
38,3,0,826,4.129
38,3,0,827,4.0529
38,3,0,828,4.1471
38,3,0,829,4.0924
38,3,0,830,3.9321
38,3,0,831,3.4544
38,3,0,832,3.0114
38,3,0,833,2.9596
38,3,0,834,2.9204
38,3,0,835,2.9525
38,3,0,836,2.9292
38,3,0,837,2.9853
38,3,0,838,2.9562
38,3,0,839,2.9802
38,3,0,840,2.9705
38,3,0,841,2.9645
38,3,0,842,2.9568
38,3,0,843,3.1602
38,3,0,844,3.0961
38,3,0,845,3.0844
38,3,0,846,3.0656
38,3,0,847,3.0937
38,3,0,848,2.9473
38,3,0,849,3.0417
38,3,0,850,3.0419
38,3,0,851,3.0873
38,3,0,852,3.0345
38,3,0,853,3.1015
38,3,0,854,3.0086
38,3,0,855,2.96
38,3,0,856,3.017
38,3,0,857,3.0811
38,3,0,858,2.985
38,3,0,859,3.7842
38,3,0,860,3.057
38,3,0,861,3.0356
38,3,0,862,3.0023
38,3,0,863,2.9566
38,3,0,864,2.4939
38,3,0,865,2.7043
38,3,0,866,2.9504
38,3,0,867,3.0593
38,3,0,868,2.9896
38,3,0,869,3.0472
38,3,0,870,2.8224
38,3,0,871,3.1663
38,3,0,872,3.1848
38,3,0,873,3.2017
38,3,0,874,3.1464
38,3,0,875,3.0784
38,3,0,876,3.0251
38,3,0,877,3.09
38,3,0,878,3.1834
38,3,0,879,3.3354
38,3,0,880,3.0566
38,3,0,881,3.2
38,3,0,882,3.0907
38,3,0,883,3.011
38,3,0,884,3.017
38,3,0,885,3.0316
38,3,0,886,3.0681
38,3,0,887,2.968
38,3,0,888,2.9475
38,3,0,889,2.9942
38,3,0,890,2.9812
38,3,0,891,2.9876
38,3,0,892,2.9891
38,3,0,893,2.9459
38,3,0,894,2.9499
38,3,0,895,2.8513
38,3,0,896,2.9961
38,3,0,897,2.971
38,3,0,898,2.9775
38,3,0,899,2.9333
38,3,0,900,2.9506
38,3,1,1,3.7581
38,3,1,2,4.4648
38,3,1,3,4.923
38,3,1,4,4.5716
38,3,1,5,4.2245
38,3,1,6,4.4561
38,3,1,7,4.2965
38,3,1,8,3.9667
38,3,1,9,3.4115
38,3,1,10,3.2194
38,3,1,11,3.1316
38,3,1,12,3.1715
38,3,1,13,3.1488
38,3,1,14,3.1454
38,3,1,15,3.1949
38,3,1,16,3.1311
38,3,1,17,3.1515
38,3,1,18,3.2371
38,3,1,19,3.3302
38,3,1,20,2.395
38,3,1,21,3.1971
38,3,1,22,3.1559
38,3,1,23,3.1565
38,3,1,24,2.8852
38,3,1,25,3.1738
38,3,1,26,3.2116
38,3,1,27,3.1248
38,3,1,28,3.1833
38,3,1,29,3.1542
38,3,1,30,3.1417
38,3,1,31,3.1946
38,3,1,32,3.1356
38,3,1,33,3.2277
38,3,1,34,2.4041
38,3,1,35,3.1431
38,3,1,36,3.1756
38,3,1,37,3.2069
38,3,1,38,3.231
38,3,1,39,3.2704
38,3,1,40,3.1965
38,3,1,41,3.1345
38,3,1,42,3.1676
38,3,1,43,3.1573
38,3,1,44,2.4809
38,3,1,45,2.9458
38,3,1,46,3.1177
38,3,1,47,3.2462
38,3,1,48,3.1466
38,3,1,49,2.9945
38,3,1,50,3.1567
38,3,1,51,3.1165
38,3,1,52,3.2121
38,3,1,53,3.8358
38,3,1,54,3.4617
38,3,1,55,4.337
38,3,1,56,4.0624
38,3,1,57,3.9745
38,3,1,58,3.019
38,3,1,59,4.0271
38,3,1,60,3.8376
38,3,1,61,3.7527
38,3,1,62,3.9487
38,3,1,63,3.9694
38,3,1,64,4.1523
38,3,1,65,3.6141
38,3,1,66,3.4075
38,3,1,67,3.832
38,3,1,68,3.5137
38,3,1,69,3.1344
38,3,1,70,3.1662
38,3,1,71,2.6479
38,3,1,72,3.4105
38,3,1,73,3.317
38,3,1,74,3.1458
38,3,1,75,3.1067
38,3,1,76,3.5816
38,3,1,77,3.8519
38,3,1,78,3.7983
38,3,1,79,3.8264
38,3,1,80,3.7112
38,3,1,81,4.4329
38,3,1,82,4.82
38,3,1,83,4.3861
38,3,1,84,4.1517
38,3,1,85,3.564
38,3,1,86,3.4111
38,3,1,87,3.1602
38,3,1,88,3.1573
38,3,1,89,3.2792
38,3,1,90,3.168
38,3,1,91,3.0999
38,3,1,92,3.1852
38,3,1,93,3.1722
38,3,1,94,3.0498
38,3,1,95,3.1834
38,3,1,96,3.1523
38,3,1,97,3.1357
38,3,1,98,2.818
38,3,1,99,3.2559
38,3,1,100,3.2264
38,3,1,101,3.1695
38,3,1,102,3.1645
38,3,1,103,3.6543
38,3,1,104,3.3989
38,3,1,105,3.3866
38,3,1,106,3.3401
38,3,1,107,3.051
38,3,1,108,3.2729
38,3,1,109,3.3342
38,3,1,110,3.0185
38,3,1,111,3.291
38,3,1,112,4.0228
38,3,1,113,3.2942
38,3,1,114,3.1558
38,3,1,115,3.191
38,3,1,116,2.8698
38,3,1,117,3.187
38,3,1,118,3.1371
38,3,1,119,3.0162
38,3,1,120,3.1791
38,3,1,121,2.9939
38,3,1,122,3.0975
38,3,1,123,3.2166
38,3,1,124,3.1422
38,3,1,125,3.1244
38,3,1,126,2.8335
38,3,1,127,3.2133
38,3,1,128,3.1846
38,3,1,129,3.135
38,3,1,130,2.7871
38,3,1,131,3.0015
38,3,1,132,3.0378
38,3,1,133,2.9608
38,3,1,134,2.8341
38,3,1,135,3.3255
38,3,1,136,3.2984
38,3,1,137,2.4943
38,3,1,138,3.0457
38,3,1,139,2.5935
38,3,1,140,3.2079
38,3,1,141,3.2941
38,3,1,142,2.9494
38,3,1,143,3.2115
38,3,1,144,3.2648
38,3,1,145,3.246
38,3,1,146,3.2306
38,3,1,147,3.3254
38,3,1,148,3.2588
38,3,1,149,3.2353
38,3,1,150,3.2523
38,3,1,151,3.1941
38,3,1,152,3.5792
38,3,1,153,3.2993
38,3,1,154,3.154
38,3,1,155,3.1564
38,3,1,156,3.1783
38,3,1,157,3.4621
38,3,1,158,3.2966
38,3,1,159,3.8282
38,3,1,160,3.2536
38,3,1,161,3.3333
38,3,1,162,3.4172
38,3,1,163,3.2025
38,3,1,164,3.503
38,3,1,165,3.2058
38,3,1,166,3.1042
38,3,1,167,3.1392
38,3,1,168,3.1877
38,3,1,169,3.1608
38,3,1,170,3.1823
38,3,1,171,3.2714
38,3,1,172,3.1979
38,3,1,173,3.2584
38,3,1,174,3.2466
38,3,1,175,3.1454
38,3,1,176,3.0907
38,3,1,177,3.2282
38,3,1,178,3.278
38,3,1,179,3.3023
38,3,1,180,3.4656
38,3,1,181,3.5126
38,3,1,182,3.4638
38,3,1,183,3.4932
38,3,1,184,3.4272
38,3,1,185,3.3554
38,3,1,186,3.5496
38,3,1,187,3.461
38,3,1,188,3.5653
38,3,1,189,3.4872
38,3,1,190,3.6126
38,3,1,191,3.3335
38,3,1,192,3.2798
38,3,1,193,3.1977
38,3,1,194,2.5666
38,3,1,195,2.4866
38,3,1,196,3.3285
38,3,1,197,2.7889
38,3,1,198,2.9598
38,3,1,199,3.2706
38,3,1,200,3.3528
38,3,1,201,3.281
38,3,1,202,3.2192
38,3,1,203,3.2671
38,3,1,204,3.3259
38,3,1,205,3.3001
38,3,1,206,3.2578
38,3,1,207,3.2689
38,3,1,208,3.2884
38,3,1,209,3.3167
38,3,1,210,3.3041
38,3,1,211,3.2885
38,3,1,212,3.1965
38,3,1,213,3.471
38,3,1,214,3.4684
38,3,1,215,3.152
38,3,1,216,3.1416
38,3,1,217,3.1071
38,3,1,218,3.4063
38,3,1,219,3.4874
38,3,1,220,3.3967
38,3,1,221,3.1966
38,3,1,222,3.1697
38,3,1,223,2.7505
38,3,1,224,2.8233
38,3,1,225,3.2072
38,3,1,226,3.321
38,3,1,227,3.2323
38,3,1,228,2.9647
38,3,1,229,3.1971
38,3,1,230,3.2265
38,3,1,231,3.2869
38,3,1,232,3.1979
38,3,1,233,3.2253
38,3,1,234,3.2245
38,3,1,235,3.2004
38,3,1,236,3.2142
38,3,1,237,3.2247
38,3,1,238,3.334
38,3,1,239,3.3631
38,3,1,240,3.1588
38,3,1,241,3.1362
38,3,1,242,3.2677
38,3,1,243,3.2393
38,3,1,244,3.2044
38,3,1,245,3.1734
38,3,1,246,3.139
38,3,1,247,3.5379
38,3,1,248,3.9247
38,3,1,249,3.193
38,3,1,250,4.0538
38,3,1,251,3.603
38,3,1,252,3.0203
38,3,1,253,3.0729
38,3,1,254,4.5275
38,3,1,255,3.3813
38,3,1,256,5.208
38,3,1,257,3.2499
38,3,1,258,3.2408
38,3,1,259,5.1643
38,3,1,260,6.3291
38,3,1,261,5.6502
38,3,1,262,6.385
38,3,1,263,5.8611
38,3,1,264,5.9847
38,3,1,265,5.923
38,3,1,266,5.6139
38,3,1,267,5.745
38,3,1,268,4.0173
38,3,1,269,5.129
38,3,1,270,3.7597
38,3,1,271,3.3366
38,3,1,272,3.1288
38,3,1,273,3.288
38,3,1,274,3.1793
38,3,1,275,3.1608
38,3,1,276,3.4689
38,3,1,277,3.0893
38,3,1,278,2.8335
38,3,1,279,2.9775
38,3,1,280,2.8534
38,3,1,281,2.9195
38,3,1,282,3.1922
38,3,1,283,2.8678
38,3,1,284,3.0032
38,3,1,285,3.1718
38,3,1,286,2.6369
38,3,1,287,2.6267
38,3,1,288,3.1401
38,3,1,289,3.438
38,3,1,290,3.2186
38,3,1,291,2.5855
38,3,1,292,3.2887
38,3,1,293,2.2715
38,3,1,294,2.9448
38,3,1,295,3.0186
38,3,1,296,3.0172
38,3,1,297,2.3644
38,3,1,298,2.6431
38,3,1,299,2.249
38,3,1,300,2.1119
38,3,1,301,2.2103
38,3,1,302,2.9804
38,3,1,303,3.024
38,3,1,304,2.8608
38,3,1,305,2.876
38,3,1,306,3.1918
38,3,1,307,2.4154
38,3,1,308,3.162
38,3,1,309,3.2882
38,3,1,310,3.4762
38,3,1,311,4.6848
38,3,1,312,4.2909
38,3,1,313,4.7836
38,3,1,314,5.1108
38,3,1,315,4.941
38,3,1,316,4.5453
38,3,1,317,4.3317
38,3,1,318,4.8127
38,3,1,319,4.3786
38,3,1,320,4.5854
38,3,1,321,4.2309
38,3,1,322,2.3906
38,3,1,323,4.6964
38,3,1,324,4.8632
38,3,1,325,4.9051
38,3,1,326,4.7237
38,3,1,327,3.6233
38,3,1,328,5.2338
38,3,1,329,5.0968
38,3,1,330,3.8643
38,3,1,331,4.3128
38,3,1,332,3.3966
38,3,1,333,4.2919
38,3,1,334,3.7868
38,3,1,335,3.992
38,3,1,336,3.6421
38,3,1,337,4.9209
38,3,1,338,4.8672
38,3,1,339,4.7677
38,3,1,340,4.3849
38,3,1,341,4.9106
38,3,1,342,4.4493
38,3,1,343,4.6276
38,3,1,344,4.3725
38,3,1,345,5.2327
38,3,1,346,4.7066
38,3,1,347,4.5783
38,3,1,348,5.1855
38,3,1,349,4.0065
38,3,1,350,3.3836
38,3,1,351,3.3552
38,3,1,352,3.3476
38,3,1,353,3.2719
38,3,1,354,2.4009
38,3,1,355,3.2796
38,3,1,356,3.1986
38,3,1,357,2.5677
38,3,1,358,2.5581
38,3,1,359,3.1313
38,3,1,360,3.3425
38,3,1,361,4.1159
38,3,1,362,4.1218
38,3,1,363,4.8811
38,3,1,364,4.3751
38,3,1,365,4.4154
38,3,1,366,4.529
38,3,1,367,3.7514
38,3,1,368,3.2039
38,3,1,369,3.1643
38,3,1,370,2.8103
38,3,1,371,2.9364
38,3,1,372,3.1976
38,3,1,373,3.1678
38,3,1,374,3.2384
38,3,1,375,3.1235
38,3,1,376,2.8966
38,3,1,377,4.2416
38,3,1,378,4.2625
38,3,1,379,4.6215
38,3,1,380,4.4147
38,3,1,381,5.0896
38,3,1,382,4.5239
38,3,1,383,5.0076
38,3,1,384,4.7542
38,3,1,385,4.2099
38,3,1,386,3.5545
38,3,1,387,3.1581
38,3,1,388,3.845
38,3,1,389,3.3375
38,3,1,390,3.2967
38,3,1,391,3.1656
38,3,1,392,3.3805
38,3,1,393,4.0545
38,3,1,394,3.1526
38,3,1,395,3.1233
38,3,1,396,3.085
38,3,1,397,3.2775
38,3,1,398,5.0828
38,3,1,399,4.817
38,3,1,400,4.7576
38,3,1,401,4.6182
38,3,1,402,4.3812
38,3,1,403,4.1244
38,3,1,404,4.4702
38,3,1,405,4.4858
38,3,1,406,4.4785
38,3,1,407,4.4276
38,3,1,408,2.9674
38,3,1,409,3.9435
38,3,1,410,3.317
38,3,1,411,3.1417
38,3,1,412,2.6103
38,3,1,413,2.944
38,3,1,414,3.1521
38,3,1,415,3.1368
38,3,1,416,3.0963
38,3,1,417,3.1688
38,3,1,418,3.1186
38,3,1,419,3.0514
38,3,1,420,3.1253
38,3,1,421,3.1104
38,3,1,422,2.8455
38,3,1,423,2.4638
38,3,1,424,3.0577
38,3,1,425,3.0923
38,3,1,426,2.7673
38,3,1,427,3.0844
38,3,1,428,3.0338
38,3,1,429,3.0923
38,3,1,430,3.0196
38,3,1,431,3.1304
38,3,1,432,3.2777
38,3,1,433,3.0701
38,3,1,434,3.0784
38,3,1,435,3.134
38,3,1,436,4.4374
38,3,1,437,4.6112
38,3,1,438,5.6602
38,3,1,439,5.1914
38,3,1,440,5.1166
38,3,1,441,6.5108
38,3,1,442,6.6687
38,3,1,443,6.7213
38,3,1,444,5.6668
38,3,1,445,5.0546
38,3,1,446,5.1939
38,3,1,447,5.2
38,3,1,448,5.1037
38,3,1,449,5.065
38,3,1,450,5.1459
38,3,1,451,4.8827
38,3,1,452,5.1744
38,3,1,453,5.1792
38,3,1,454,5.0548
38,3,1,455,7.1787
38,3,1,456,5.7069
38,3,1,457,6.2809
38,3,1,458,8.6794
38,3,1,459,8.5403
38,3,1,460,9.3285
38,3,1,461,9.9171
38,3,1,462,10.2851
38,3,1,463,10.8374
38,3,1,464,10.1992
38,3,1,465,10.0089
38,3,1,466,8.7976
38,3,1,467,9.3261
38,3,1,468,9.1513
38,3,1,469,8.8444
38,3,1,470,6.1606
38,3,1,471,5.9275
38,3,1,472,4.8158
38,3,1,473,5.3166
38,3,1,474,5.1227
38,3,1,475,5.098
38,3,1,476,5.285
38,3,1,477,5.048
38,3,1,478,4.9498
38,3,1,479,5.3201
38,3,1,480,5.2385
38,3,1,481,5.3197
38,3,1,482,5.1209
38,3,1,483,5.245
38,3,1,484,5.4539
38,3,1,485,5.2622
38,3,1,486,5.2788
38,3,1,487,6.1772
38,3,1,488,5.5413
38,3,1,489,5.3526
38,3,1,490,5.0082
38,3,1,491,4.2081
38,3,1,492,5.1084
38,3,1,493,5.1436
38,3,1,494,7.5556
38,3,1,495,9.8166
38,3,1,496,9.4418
38,3,1,497,10.4324
38,3,1,498,10.0349
38,3,1,499,10.199
38,3,1,500,10.718
38,3,1,501,9.5305
38,3,1,502,7.3933
38,3,1,503,7.7382
38,3,1,504,8.447
38,3,1,505,6.7768
38,3,1,506,7.4158
38,3,1,507,7.2852
38,3,1,508,5.8168
38,3,1,509,6.9025
38,3,1,510,7.6097
38,3,1,511,9.3684
38,3,1,512,7.5885
38,3,1,513,9.1914
38,3,1,514,8.5649
38,3,1,515,6.4699
38,3,1,516,5.2544
38,3,1,517,5.5395
38,3,1,518,5.4788
38,3,1,519,5.347
38,3,1,520,5.2933
38,3,1,521,6.1718
38,3,1,522,5.8126
38,3,1,523,7.6067
38,3,1,524,9.0837
38,3,1,525,5.8358
38,3,1,526,5.4063
38,3,1,527,3.7916
38,3,1,528,6.7828
38,3,1,529,5.6101
38,3,1,530,5.1719
38,3,1,531,4.9695
38,3,1,532,5.2081
38,3,1,533,5.221
38,3,1,534,5.2207
38,3,1,535,5.1171
38,3,1,536,4.0966
38,3,1,537,5.3071
38,3,1,538,4.2159
38,3,1,539,4.9212
38,3,1,540,4.3577
38,3,1,541,6.6828
38,3,1,542,5.8616
38,3,1,543,6.9677
38,3,1,544,6.7354
38,3,1,545,6.6892
38,3,1,546,6.3033
38,3,1,547,6.3748
38,3,1,548,6.3648
38,3,1,549,5.8788
38,3,1,550,6.1421
38,3,1,551,6.3127
38,3,1,552,6.591
38,3,1,553,6.1679
38,3,1,554,5.2248
38,3,1,555,4.4788
38,3,1,556,5.1004
38,3,1,557,5.0094
38,3,1,558,4.417
38,3,1,559,5.0967
38,3,1,560,5.7584
38,3,1,561,6.4649
38,3,1,562,6.3012
38,3,1,563,4.9567
38,3,1,564,6.498
38,3,1,565,6.3209
38,3,1,566,5.9988
38,3,1,567,6.1575
38,3,1,568,5.5983
38,3,1,569,4.995
38,3,1,570,5.1451
38,3,1,571,5.12
38,3,1,572,5.3426
38,3,1,573,5.3285
38,3,1,574,4.2205
38,3,1,575,4.8918
38,3,1,576,4.7905
38,3,1,577,5.5192
38,3,1,578,5.9511
38,3,1,579,8.1086
38,3,1,580,7.5615
38,3,1,581,5.5749
38,3,1,582,4.9381
38,3,1,583,4.9364
38,3,1,584,5.0016
38,3,1,585,5.0728
38,3,1,586,5.1269
38,3,1,587,5.0077
38,3,1,588,5.0794
38,3,1,589,5.069
38,3,1,590,4.9688
38,3,1,591,4.7677
38,3,1,592,5.0699
38,3,1,593,5.1524
38,3,1,594,5.0518
38,3,1,595,4.9986
38,3,1,596,5.2153
38,3,1,597,5.0559
38,3,1,598,5.1159
38,3,1,599,4.1442
38,3,1,600,4.9144
38,3,1,601,5.1389
38,3,1,602,4.9685
38,3,1,603,5.0956
38,3,1,604,5.136
38,3,1,605,5.0252
38,3,1,606,4.9733
38,3,1,607,4.957
38,3,1,608,5.1154
38,3,1,609,5.1585
38,3,1,610,4.0959
38,3,1,611,5.1528
38,3,1,612,5.0975
38,3,1,613,5.3735
38,3,1,614,5.1317
38,3,1,615,5.4734
38,3,1,616,5.3141
38,3,1,617,5.0502
38,3,1,618,5.1058
38,3,1,619,5.2749
38,3,1,620,5.0516
38,3,1,621,4.8742
38,3,1,622,6.3197
38,3,1,623,5.4874
38,3,1,624,5.591
38,3,1,625,6.2568
38,3,1,626,7.178
38,3,1,627,7.4402
38,3,1,628,8.1856
38,3,1,629,8.2057
38,3,1,630,8.0999
38,3,1,631,8.2706
38,3,1,632,6.2617
38,3,1,633,5.864
38,3,1,634,5.193
38,3,1,635,4.2808
38,3,1,636,5.3865
38,3,1,637,5.1695
38,3,1,638,5.2119
38,3,1,639,5.1745
38,3,1,640,5.9634
38,3,1,641,6.8331
38,3,1,642,5.1545
38,3,1,643,5.0247
38,3,1,644,4.5307
38,3,1,645,5.152
38,3,1,646,4.5767
38,3,1,647,5.1066
38,3,1,648,5.2285
38,3,1,649,5.1383
38,3,1,650,5.3068
38,3,1,651,5.3368
38,3,1,652,4.5627
38,3,1,653,4.3333
38,3,1,654,5.3759
38,3,1,655,5.3525
38,3,1,656,5.5069
38,3,1,657,5.342
38,3,1,658,5.2418
38,3,1,659,5.0182
38,3,1,660,5.6889
38,3,1,661,5.1631
38,3,1,662,5.2466
38,3,1,663,5.2914
38,3,1,664,4.7853
38,3,1,665,4.8256
38,3,1,666,5.0838
38,3,1,667,5.0726
38,3,1,668,4.8489
38,3,1,669,5.3058
38,3,1,670,5.2426
38,3,1,671,4.262
38,3,1,672,4.3595
38,3,1,673,4.2565
38,3,1,674,4.3024
38,3,1,675,4.7636
38,3,1,676,4.8942
38,3,1,677,4.3321
38,3,1,678,4.3192
38,3,1,679,4.2785
38,3,1,680,4.2365
38,3,1,681,4.395
38,3,1,682,3.0542
38,3,1,683,3.0578
38,3,1,684,3.0655
38,3,1,685,3.0553
38,3,1,686,3.0567
38,3,1,687,3.121
38,3,1,688,3.0348
38,3,1,689,3.086
38,3,1,690,3.0391
38,3,1,691,3.0432
38,3,1,692,2.2442
38,3,1,693,2.7767
38,3,1,694,3.0454
38,3,1,695,3.0751
38,3,1,696,3.0472
38,3,1,697,2.9927
38,3,1,698,2.9798
38,3,1,699,2.9888
38,3,1,700,3.0367
38,3,1,701,3.0276
38,3,1,702,2.997
38,3,1,703,3.1327
38,3,1,704,3.0866
38,3,1,705,3.0249
38,3,1,706,3.0141
38,3,1,707,3.0027
38,3,1,708,2.9253
38,3,1,709,2.9909
38,3,1,710,3.0058
38,3,1,711,3.0378
38,3,1,712,3.0267
38,3,1,713,3.0212
38,3,1,714,3.0629
38,3,1,715,3.0167
38,3,1,716,3.0173
38,3,1,717,3.0092
38,3,1,718,2.6365
38,3,1,719,2.6077
38,3,1,720,2.9648
38,3,1,721,2.9609
38,3,1,722,2.9612
38,3,1,723,2.9984
38,3,1,724,2.5458
38,3,1,725,3.0497
38,3,1,726,3.071
38,3,1,727,3.0532
38,3,1,728,3.0502
38,3,1,729,2.2789
38,3,1,730,2.8104
38,3,1,731,2.9554
38,3,1,732,2.9568
38,3,1,733,2.9453
38,3,1,734,3.1271
38,3,1,735,3.1099
38,3,1,736,3.0492
38,3,1,737,3.0459
38,3,1,738,3.0093
38,3,1,739,3.2265
38,3,1,740,2.2994
38,3,1,741,2.9679
38,3,1,742,3.1316
38,3,1,743,2.9483
38,3,1,744,2.9455
38,3,1,745,2.7164
38,3,1,746,2.5122
38,3,1,747,2.9465
38,3,1,748,2.9106
38,3,1,749,2.9487
38,3,1,750,2.8784
38,3,1,751,3.1492
38,3,1,752,2.9982
38,3,1,753,2.9487
38,3,1,754,2.9514
38,3,1,755,3.1383
38,3,1,756,2.4441
38,3,1,757,2.862
38,3,1,758,3.0505
38,3,1,759,2.9767
38,3,1,760,3.0017
38,3,1,761,3.3965
38,3,1,762,2.587
38,3,1,763,2.8309
38,3,1,764,2.9814
38,3,1,765,2.9898
38,3,1,766,3.0531
38,3,1,767,3.0639
38,3,1,768,3.0664
38,3,1,769,3.0332
38,3,1,770,3.0464
38,3,1,771,3.4098
38,3,1,772,3.3104
38,3,1,773,3.3546
38,3,1,774,3.2787
38,3,1,775,3.2678
38,3,1,776,3.3771
38,3,1,777,3.2861
38,3,1,778,3.3554
38,3,1,779,3.3258
38,3,1,780,3.2786
38,3,1,781,3.3188
38,3,1,782,3.2712
38,3,1,783,3.334
38,3,1,784,3.287
38,3,1,785,3.2516
38,3,1,786,2.7024
38,3,1,787,3.2967
38,3,1,788,3.2819
38,3,1,789,3.442
38,3,1,790,3.8016
38,3,1,791,3.1189
38,3,1,792,3.0961
38,3,1,793,3.0907
38,3,1,794,3.1638
38,3,1,795,3.1068
38,3,1,796,3.1383
38,3,1,797,3.1328
38,3,1,798,3.0763
38,3,1,799,3.2052
38,3,1,800,3.2484
38,3,1,801,3.1086
38,3,1,802,3.1244
38,3,1,803,3.0998
38,3,1,804,3.2417
38,3,1,805,2.622
38,3,1,806,2.9388
38,3,1,807,3.1975
38,3,1,808,3.2571
38,3,1,809,3.2458
38,3,1,810,2.428
38,3,1,811,2.9306
38,3,1,812,3.0582
38,3,1,813,3.0091
38,3,1,814,3.0634
38,3,1,815,2.9047
38,3,1,816,2.5935
38,3,1,817,3.1178
38,3,1,818,2.9781
38,3,1,819,3.0512
38,3,1,820,3.0431
38,3,1,821,2.9489
38,3,1,822,3.0495
38,3,1,823,2.9018
38,3,1,824,3.2412
38,3,1,825,3.0336
38,3,1,826,3.4874
38,3,1,827,3.0888
38,3,1,828,3.1115
38,3,1,829,2.9141
38,3,1,830,3.1521
38,3,1,831,3.2872
38,3,1,832,4.4403
38,3,1,833,3.3112
38,3,1,834,3.2536
38,3,1,835,2.948
38,3,1,836,2.6193
38,3,1,837,3.2055
38,3,1,838,3.0498
38,3,1,839,3.1265
38,3,1,840,2.9905
38,3,1,841,3.113
38,3,1,842,2.6226
38,3,1,843,3.136
38,3,1,844,3.0763
38,3,1,845,3.1315
38,3,1,846,3.0852
38,3,1,847,3.0992
38,3,1,848,3.0506
38,3,1,849,3.0686
38,3,1,850,3.1031
38,3,1,851,2.6484
38,3,1,852,2.8621
38,3,1,853,2.9941
38,3,1,854,3.0311
38,3,1,855,3.0586
38,3,1,856,2.7223
38,3,1,857,3.0421
38,3,1,858,3.0316
38,3,1,859,3.0057
38,3,1,860,2.9827
38,3,1,861,2.7793
38,3,1,862,2.135
38,3,1,863,2.9348
38,3,1,864,3.0209
38,3,1,865,3.0585
38,3,1,866,3.0843
38,3,1,867,2.6588
38,3,1,868,2.3588
38,3,1,869,3.0481
38,3,1,870,3.0607
38,3,1,871,3.2343
38,3,1,872,3.2064
38,3,1,873,2.802
38,3,1,874,2.9578
38,3,1,875,2.9555
38,3,1,876,3.0037
38,3,1,877,2.9865
38,3,1,878,2.9309
38,3,1,879,3.1249
38,3,1,880,3.0024
38,3,1,881,2.9898
38,3,1,882,2.9132
38,3,1,883,3.0086
38,3,1,884,2.9812
38,3,1,885,2.9997
38,3,1,886,2.9478
38,3,1,887,3.035
38,3,1,888,3.0594
38,3,1,889,3.0245
38,3,1,890,2.7758
38,3,1,891,3.0691
38,3,1,892,2.8252
38,3,1,893,2.3695
38,3,1,894,2.5059
38,3,1,895,2.865
38,3,1,896,2.3168
38,3,1,897,2.9961
38,3,1,898,3.0372
38,3,1,899,3.0166
38,3,1,900,2.1996
38,3,2,1,2.4499
38,3,2,2,3.0463
38,3,2,3,3.1803
38,3,2,4,3.1576
38,3,2,5,3.2795
38,3,2,6,4.1145
38,3,2,7,3.365
38,3,2,8,2.8504
38,3,2,9,2.9975
38,3,2,10,3.3701
38,3,2,11,3.1502
38,3,2,12,3.2732
38,3,2,13,3.8688
38,3,2,14,4.8132
38,3,2,15,5.2539
38,3,2,16,4.8797
38,3,2,17,5.3937
38,3,2,18,3.2271
38,3,2,19,4.1686
38,3,2,20,4.3571
38,3,2,21,4.2977
38,3,2,22,5.5533
38,3,2,23,5.7987
38,3,2,24,5.0207
38,3,2,25,3.882
38,3,2,26,4.8618
38,3,2,27,3.8431
38,3,2,28,4.3323
38,3,2,29,4.2603
38,3,2,30,3.6837
38,3,2,31,3.3447
38,3,2,32,2.5518
38,3,2,33,3.2774
38,3,2,34,3.0405
38,3,2,35,3.0783
38,3,2,36,3.0093
38,3,2,37,2.7049
38,3,2,38,2.4774
38,3,2,39,3.1294
38,3,2,40,3.1306
38,3,2,41,3.1975
38,3,2,42,3.1164
38,3,2,43,3.0423
38,3,2,44,3.5704
38,3,2,45,3.15
38,3,2,46,4.2674
38,3,2,47,4.4158
38,3,2,48,4.7999
38,3,2,49,4.7563
38,3,2,50,4.4053
38,3,2,51,4.6383
38,3,2,52,4.1609
38,3,2,53,3.2753
38,3,2,54,3.2025
38,3,2,55,2.8063
38,3,2,56,3.1265
38,3,2,57,3.0255
38,3,2,58,3.154
38,3,2,59,3.215
38,3,2,60,2.6856
38,3,2,61,3.1591
38,3,2,62,3.108
38,3,2,63,3.1606
38,3,2,64,3.074
38,3,2,65,2.5164
38,3,2,66,2.319
38,3,2,67,2.4583
38,3,2,68,3.011
38,3,2,69,3.1847
38,3,2,70,2.7809
38,3,2,71,2.7586
38,3,2,72,2.8754
38,3,2,73,2.8032
38,3,2,74,3.1108
38,3,2,75,2.3343
38,3,2,76,3.108
38,3,2,77,2.5503
38,3,2,78,2.5746
38,3,2,79,3.2777
38,3,2,80,3.0553
38,3,2,81,3.0842
38,3,2,82,2.8188
38,3,2,83,3.1649
38,3,2,84,3.1888
38,3,2,85,3.0703
38,3,2,86,2.9424
38,3,2,87,2.39
38,3,2,88,2.5642
38,3,2,89,3.1522
38,3,2,90,3.1338
38,3,2,91,3.1
38,3,2,92,2.9773
38,3,2,93,3.1977
38,3,2,94,3.15
38,3,2,95,3.1395
38,3,2,96,3.1494
38,3,2,97,3.1788
38,3,2,98,3.1816
38,3,2,99,3.1754
38,3,2,100,3.1329
38,3,2,101,3.1456
38,3,2,102,3.1584
38,3,2,103,3.1331
38,3,2,104,3.1134
38,3,2,105,3.0909
38,3,2,106,3.1108
38,3,2,107,2.7897
38,3,2,108,3.0673
38,3,2,109,3.2672
38,3,2,110,3.2419
38,3,2,111,3.1348
38,3,2,112,3.1051
38,3,2,113,3.0818
38,3,2,114,2.6154
38,3,2,115,2.9032
38,3,2,116,3.2155
38,3,2,117,3.1404
38,3,2,118,3.0396
38,3,2,119,3.1502
38,3,2,120,3.1808
38,3,2,121,3.1551
38,3,2,122,3.1203
38,3,2,123,2.3637
38,3,2,124,2.7774
38,3,2,125,2.4874
38,3,2,126,2.4065
38,3,2,127,2.3853
38,3,2,128,2.3574
38,3,2,129,2.3116
38,3,2,130,2.2968
38,3,2,131,3.1298
38,3,2,132,2.4762
38,3,2,133,3.0489
38,3,2,134,3.1211
38,3,2,135,3.1106
38,3,2,136,3.1217
38,3,2,137,3.1833
38,3,2,138,3.1854
38,3,2,139,3.1433
38,3,2,140,2.7278
38,3,2,141,2.8442
38,3,2,142,3.1282
38,3,2,143,2.9553
38,3,2,144,3.0111
38,3,2,145,3.1198
38,3,2,146,3.1808
38,3,2,147,3.1879
38,3,2,148,3.1088
38,3,2,149,3.1805
38,3,2,150,2.8829
38,3,2,151,3.1501
38,3,2,152,3.16
38,3,2,153,3.0951
38,3,2,154,3.1668
38,3,2,155,3.3298
38,3,2,156,3.116
38,3,2,157,3.1822
38,3,2,158,3.1175
38,3,2,159,3.1551
38,3,2,160,3.5025
38,3,2,161,3.1599
38,3,2,162,3.1859
38,3,2,163,3.2045
38,3,2,164,2.5853
38,3,2,165,2.7182
38,3,2,166,3.8456
38,3,2,167,3.5439
38,3,2,168,3.8381
38,3,2,169,3.3045
38,3,2,170,3.6144
38,3,2,171,3.5394
38,3,2,172,3.0694
38,3,2,173,3.8516
38,3,2,174,3.8702
38,3,2,175,3.9421
38,3,2,176,3.3279
38,3,2,177,3.1534
38,3,2,178,3.1584
38,3,2,179,3.175
38,3,2,180,3.1806
38,3,2,181,3.0333
38,3,2,182,3.2245
38,3,2,183,3.1778
38,3,2,184,3.2714
38,3,2,185,3.2199
38,3,2,186,3.1327
38,3,2,187,3.0665
38,3,2,188,3.0149
38,3,2,189,3.158
38,3,2,190,3.2491
38,3,2,191,3.1419
38,3,2,192,3.1715
38,3,2,193,2.8131
38,3,2,194,3.1557
38,3,2,195,3.1676
38,3,2,196,3.1844
38,3,2,197,2.9269
38,3,2,198,2.2601
38,3,2,199,2.3178
38,3,2,200,3.1487
38,3,2,201,2.9772
38,3,2,202,2.4739
38,3,2,203,3.2165
38,3,2,204,3.4513
38,3,2,205,3.2127
38,3,2,206,3.5246
38,3,2,207,3.4558
38,3,2,208,3.2875
38,3,2,209,2.5602
38,3,2,210,3.0999
38,3,2,211,3.0542
38,3,2,212,3.0915
38,3,2,213,3.9766
38,3,2,214,2.6998
38,3,2,215,4.5095
38,3,2,216,2.8201
38,3,2,217,4.2862
38,3,2,218,4.808
38,3,2,219,4.7058
38,3,2,220,2.674
38,3,2,221,3.5341
38,3,2,222,2.2154
38,3,2,223,5.3565
38,3,2,224,4.8313
38,3,2,225,3.6237
38,3,2,226,4.6142
38,3,2,227,2.3092
38,3,2,228,4.6422
38,3,2,229,3.8521
38,3,2,230,2.3732
38,3,2,231,3.8373
38,3,2,232,4.2597
38,3,2,233,4.8793
38,3,2,234,4.6624
38,3,2,235,5.0322
38,3,2,236,4.9949
38,3,2,237,4.1603
38,3,2,238,4.935
38,3,2,239,3.425
38,3,2,240,4.7365
38,3,2,241,5.0454
38,3,2,242,5.0935
38,3,2,243,3.0469
38,3,2,244,4.0871
38,3,2,245,5.8138
38,3,2,246,3.4531
38,3,2,247,4.1765
38,3,2,248,3.38
38,3,2,249,3.4542
38,3,2,250,4.3082
38,3,2,251,4.679
38,3,2,252,4.8047
38,3,2,253,4.4403
38,3,2,254,5.3855
38,3,2,255,3.7162
38,3,2,256,5.19
38,3,2,257,4.2295
38,3,2,258,3.7344
38,3,2,259,3.2896
38,3,2,260,3.1446
38,3,2,261,3.1607
38,3,2,262,3.1103
38,3,2,263,3.2032
38,3,2,264,3.5067
38,3,2,265,3.1904
38,3,2,266,2.8907
38,3,2,267,3.1341
38,3,2,268,3.1054
38,3,2,269,2.5042
38,3,2,270,4.2319
38,3,2,271,3.9829
38,3,2,272,3.4777
38,3,2,273,2.8686
38,3,2,274,3.0461
38,3,2,275,3.1394
38,3,2,276,2.64
38,3,2,277,2.9624
38,3,2,278,3.1808
38,3,2,279,3.2634
38,3,2,280,3.2246
38,3,2,281,3.0937
38,3,2,282,3.1705
38,3,2,283,2.9259
38,3,2,284,2.9424
38,3,2,285,3.1315
38,3,2,286,3.1239
38,3,2,287,3.1697
38,3,2,288,3.0745
38,3,2,289,2.7684
38,3,2,290,2.4053
38,3,2,291,3.1601
38,3,2,292,3.018
38,3,2,293,2.6729
38,3,2,294,3.0775
38,3,2,295,2.2334
38,3,2,296,3.0282
38,3,2,297,2.1342
38,3,2,298,2.59
38,3,2,299,3.1872
38,3,2,300,2.9146
38,3,2,301,3.5871
38,3,2,302,3.6915
38,3,2,303,2.3143
38,3,2,304,2.5374
38,3,2,305,3.0858
38,3,2,306,2.8529
38,3,2,307,3.1096
38,3,2,308,3.0824
38,3,2,309,3.2303
38,3,2,310,3.3171
38,3,2,311,3.0822
38,3,2,312,3.369
38,3,2,313,4.1309
38,3,2,314,4.6388
38,3,2,315,4.678
38,3,2,316,4.6594
38,3,2,317,4.2453
38,3,2,318,4.1518
38,3,2,319,4.1656
38,3,2,320,4.7012
38,3,2,321,4.4515
38,3,2,322,3.7077
38,3,2,323,3.2542
38,3,2,324,3.0748
38,3,2,325,3.255
38,3,2,326,2.6795
38,3,2,327,3.2871
38,3,2,328,4.8085
38,3,2,329,4.6505
38,3,2,330,4.2932
38,3,2,331,3.1958
38,3,2,332,4.6203
38,3,2,333,3.9337
38,3,2,334,4.1942
38,3,2,335,3.651
38,3,2,336,3.2311
38,3,2,337,3.1591
38,3,2,338,3.0704
38,3,2,339,3.1523
38,3,2,340,3.1646
38,3,2,341,3.1484
38,3,2,342,3.1282
38,3,2,343,2.7854
38,3,2,344,2.94
38,3,2,345,3.1215
38,3,2,346,3.2046
38,3,2,347,3.1312
38,3,2,348,3.1582
38,3,2,349,3.1917
38,3,2,350,3.1407
38,3,2,351,2.5418
38,3,2,352,3.0747
38,3,2,353,3.0794
38,3,2,354,3.2835
38,3,2,355,3.1961
38,3,2,356,3.1263
38,3,2,357,2.8646
38,3,2,358,3.1539
38,3,2,359,2.7472
38,3,2,360,2.7631
38,3,2,361,3.8825
38,3,2,362,2.4641
38,3,2,363,4.1948
38,3,2,364,4.7957
38,3,2,365,4.7969
38,3,2,366,4.6977
38,3,2,367,4.1501
38,3,2,368,2.7524
38,3,2,369,4.4484
38,3,2,370,3.338
38,3,2,371,3.2018
38,3,2,372,4.0078
38,3,2,373,4.4019
38,3,2,374,3.7225
38,3,2,375,3.1074
38,3,2,376,3.0336
38,3,2,377,3.147
38,3,2,378,3.2329
38,3,2,379,3.1619
38,3,2,380,3.2059
38,3,2,381,3.1627
38,3,2,382,3.1489
38,3,2,383,3.1984
38,3,2,384,3.1329
38,3,2,385,3.252
38,3,2,386,2.7231
38,3,2,387,3.2481
38,3,2,388,2.829
38,3,2,389,3.2064
38,3,2,390,2.8921
38,3,2,391,2.2432
38,3,2,392,3.1415
38,3,2,393,3.1244
38,3,2,394,3.16
38,3,2,395,3.1327
38,3,2,396,2.5153
38,3,2,397,2.2068
38,3,2,398,3.6232
38,3,2,399,3.1478
38,3,2,400,3.1417
38,3,2,401,3.1802
38,3,2,402,3.1728
38,3,2,403,3.1292
38,3,2,404,3.1168
38,3,2,405,3.1412
38,3,2,406,3.1114
38,3,2,407,3.0996
38,3,2,408,3.114
38,3,2,409,3.0517
38,3,2,410,3.0738
38,3,2,411,2.8563
38,3,2,412,3.1212
38,3,2,413,3.1617
38,3,2,414,3.0857
38,3,2,415,3.1146
38,3,2,416,3.1333
38,3,2,417,3.0807
38,3,2,418,3.1258
38,3,2,419,3.0906
38,3,2,420,2.8928
38,3,2,421,2.4994
38,3,2,422,2.8368
38,3,2,423,2.9633
38,3,2,424,3.1279
38,3,2,425,3.0938
38,3,2,426,3.0329
38,3,2,427,2.9094
38,3,2,428,3.0201
38,3,2,429,3.3784
38,3,2,430,3.1315
38,3,2,431,3.0817
38,3,2,432,3.1489
38,3,2,433,2.9763
38,3,2,434,3.0495
38,3,2,435,3.6179
38,3,2,436,3.3653
38,3,2,437,5.3697
38,3,2,438,5.3505
38,3,2,439,5.3318
38,3,2,440,5.3257
38,3,2,441,4.9946
38,3,2,442,5.3275
38,3,2,443,5.2882
38,3,2,444,5.1851
38,3,2,445,4.8152
38,3,2,446,4.8567
38,3,2,447,5.1214
38,3,2,448,5.2938
38,3,2,449,5.0977
38,3,2,450,4.8811
38,3,2,451,4.9539
38,3,2,452,4.7193
38,3,2,453,4.5912
38,3,2,454,5.1762
38,3,2,455,4.8466
38,3,2,456,4.9065
38,3,2,457,5.1464
38,3,2,458,5.1428
38,3,2,459,5.2553
38,3,2,460,4.5061
38,3,2,461,5.0157
38,3,2,462,5.7483
38,3,2,463,5.2412
38,3,2,464,5.8691
38,3,2,465,7.1844
38,3,2,466,6.7365
38,3,2,467,7.3384
38,3,2,468,8.324
38,3,2,469,4.1504
38,3,2,470,7.3684
38,3,2,471,6.5496
38,3,2,472,5.7878
38,3,2,473,6.9101
38,3,2,474,5.4775
38,3,2,475,5.0858
38,3,2,476,5.0023
38,3,2,477,4.8997
38,3,2,478,5.1643
38,3,2,479,5.0796
38,3,2,480,5.2025
38,3,2,481,5.1719
38,3,2,482,5.0769
38,3,2,483,5.2619
38,3,2,484,5.0359
38,3,2,485,5.1937
38,3,2,486,5.0647
38,3,2,487,5.1086
38,3,2,488,5.0789
38,3,2,489,4.8694
38,3,2,490,4.5271
38,3,2,491,4.8326
38,3,2,492,4.2769
38,3,2,493,5.7577
38,3,2,494,5.686
38,3,2,495,5.3261
38,3,2,496,4.7222
38,3,2,497,4.9724
38,3,2,498,5.1219
38,3,2,499,4.8625
38,3,2,500,5.1414
38,3,2,501,5.0726
38,3,2,502,4.8027
38,3,2,503,4.3519
38,3,2,504,4.9302
38,3,2,505,5.2637
38,3,2,506,4.4682
38,3,2,507,5.162
38,3,2,508,5.3431
38,3,2,509,5.431
38,3,2,510,5.4858
38,3,2,511,4.7987
38,3,2,512,6.128
38,3,2,513,5.4469
38,3,2,514,4.4054
38,3,2,515,5.2575
38,3,2,516,5.1435
38,3,2,517,4.5974
38,3,2,518,7.6685
38,3,2,519,7.7525
38,3,2,520,7.8299
38,3,2,521,7.5699
38,3,2,522,7.2005
38,3,2,523,6.8318
38,3,2,524,4.7149
38,3,2,525,6.1402
38,3,2,526,6.0876
38,3,2,527,5.2575
38,3,2,528,6.318
38,3,2,529,8.2051
38,3,2,530,9.341
38,3,2,531,8.2961
38,3,2,532,5.8778
38,3,2,533,7.0333
38,3,2,534,6.7008
38,3,2,535,8.9047
38,3,2,536,9.5479
38,3,2,537,6.3282
38,3,2,538,9.663
38,3,2,539,4.4335
38,3,2,540,8.2894
38,3,2,541,10.0214
38,3,2,542,7.0771
38,3,2,543,6.3362
38,3,2,544,6.7183
38,3,2,545,6.3356
38,3,2,546,5.0859
38,3,2,547,4.7232
38,3,2,548,4.7881
38,3,2,549,5.5596
38,3,2,550,5.3575
38,3,2,551,5.2757
38,3,2,552,5.4576
38,3,2,553,5.8071
38,3,2,554,6.851
38,3,2,555,7.1605
38,3,2,556,6.9623
38,3,2,557,4.8647
38,3,2,558,6.0725
38,3,2,559,5.9343
38,3,2,560,8.6026
38,3,2,561,7.7706
38,3,2,562,7.484
38,3,2,563,5.2257
38,3,2,564,6.0011
38,3,2,565,8.1229
38,3,2,566,7.9885
38,3,2,567,6.9322
38,3,2,568,6.638
38,3,2,569,5.4834
38,3,2,570,5.2986
38,3,2,571,5.5088
38,3,2,572,5.8101
38,3,2,573,4.0785
38,3,2,574,4.4311
38,3,2,575,5.4634
38,3,2,576,8.2286
38,3,2,577,8.0795
38,3,2,578,7.415
38,3,2,579,6.0106
38,3,2,580,7.5183
38,3,2,581,7.9845
38,3,2,582,5.5775
38,3,2,583,4.6991
38,3,2,584,5.6768
38,3,2,585,5.0337
38,3,2,586,6.1076
38,3,2,587,5.4411
38,3,2,588,5.248
38,3,2,589,5.1297
38,3,2,590,5.0806
38,3,2,591,5.4988
38,3,2,592,5.7419
38,3,2,593,4.9012
38,3,2,594,5.3594
38,3,2,595,5.4706
38,3,2,596,4.7041
38,3,2,597,4.3596
38,3,2,598,5.3828
38,3,2,599,5.4925
38,3,2,600,4.3196
38,3,2,601,5.0091
38,3,2,602,5.1879
38,3,2,603,5.0166
38,3,2,604,4.1056
38,3,2,605,4.7733
38,3,2,606,4.9803
38,3,2,607,4.9821
38,3,2,608,5.1355
38,3,2,609,5.2321
38,3,2,610,4.8509
38,3,2,611,4.212
38,3,2,612,4.9353
38,3,2,613,4.7284
38,3,2,614,4.5887
38,3,2,615,5.183
38,3,2,616,5.5767
38,3,2,617,5.0827
38,3,2,618,5.0403
38,3,2,619,5.1284
38,3,2,620,5.1665
38,3,2,621,5.07
38,3,2,622,4.3544
38,3,2,623,5.2236
38,3,2,624,5.2981
38,3,2,625,5.0373
38,3,2,626,5.1461
38,3,2,627,4.5676
38,3,2,628,4.9792
38,3,2,629,5.7705
38,3,2,630,7.5155
38,3,2,631,8.2615
38,3,2,632,9.2885
38,3,2,633,11.7239
38,3,2,634,7.8329
38,3,2,635,6.955
38,3,2,636,5.033
38,3,2,637,6.5244
38,3,2,638,8.9578
38,3,2,639,8.2036
38,3,2,640,8.8106
38,3,2,641,8.8562
38,3,2,642,7.9943
38,3,2,643,7.8978
38,3,2,644,7.2042
38,3,2,645,7.0721
38,3,2,646,7.3873
38,3,2,647,6.8372
38,3,2,648,8.4198
38,3,2,649,9.5527
38,3,2,650,8.5412
38,3,2,651,9.1613
38,3,2,652,9.7092
38,3,2,653,8.4198
38,3,2,654,6.6053
38,3,2,655,5.8091
38,3,2,656,6.3762
38,3,2,657,5.553
38,3,2,658,5.2531
38,3,2,659,5.0164
38,3,2,660,5.1072
38,3,2,661,4.8265
38,3,2,662,4.5385
38,3,2,663,5.3108
38,3,2,664,5.2482
38,3,2,665,6.6747
38,3,2,666,7.9996
38,3,2,667,5.111
38,3,2,668,6.8805
38,3,2,669,5.3519
38,3,2,670,4.9629
38,3,2,671,4.7726
38,3,2,672,4.1244
38,3,2,673,4.3372
38,3,2,674,5.9051
38,3,2,675,7.5253
38,3,2,676,5.194
38,3,2,677,5.1871
38,3,2,678,6.8114
38,3,2,679,6.9087
38,3,2,680,6.587
38,3,2,681,5.6171
38,3,2,682,6.3133
38,3,2,683,4.9511
38,3,2,684,4.8628
38,3,2,685,4.4791
38,3,2,686,3.1233
38,3,2,687,2.8577
38,3,2,688,2.9414
38,3,2,689,2.938
38,3,2,690,2.9508
38,3,2,691,2.9966
38,3,2,692,3.0647
38,3,2,693,3.0603
38,3,2,694,3.0551
38,3,2,695,2.9634
38,3,2,696,3.0699
38,3,2,697,3.1995
38,3,2,698,2.9827
38,3,2,699,2.943
38,3,2,700,2.9897
38,3,2,701,2.9569
38,3,2,702,3.6924
38,3,2,703,3.5296
38,3,2,704,3.0999
38,3,2,705,3.6094
38,3,2,706,3.2335
38,3,2,707,3.2046
38,3,2,708,3.2474
38,3,2,709,3.2944
38,3,2,710,3.2574
38,3,2,711,2.9111
38,3,2,712,3.3171
38,3,2,713,3.2545
38,3,2,714,3.3327
38,3,2,715,3.0897
38,3,2,716,2.7565
38,3,2,717,3.0224
38,3,2,718,3.3549
38,3,2,719,2.9752
38,3,2,720,2.9623
38,3,2,721,3.9605
38,3,2,722,3.9663
38,3,2,723,4.0926
38,3,2,724,4.024
38,3,2,725,2.6303
38,3,2,726,3.0726
38,3,2,727,2.9783
38,3,2,728,2.9937
38,3,2,729,2.9561
38,3,2,730,2.9661
38,3,2,731,2.9642
38,3,2,732,2.9421
38,3,2,733,2.9934
38,3,2,734,2.9793
38,3,2,735,2.8352
38,3,2,736,2.4406
38,3,2,737,3.025
38,3,2,738,3.0298
38,3,2,739,2.6486
38,3,2,740,3.0367
38,3,2,741,3.2458
38,3,2,742,2.9561
38,3,2,743,2.8946
38,3,2,744,2.9705
38,3,2,745,3.2586
38,3,2,746,3.976
38,3,2,747,4.4304
38,3,2,748,4.4442
38,3,2,749,3.9416
38,3,2,750,4.5712
38,3,2,751,4.2496
38,3,2,752,3.6878
38,3,2,753,3.2252
38,3,2,754,2.9343
38,3,2,755,2.9553
38,3,2,756,2.9496
38,3,2,757,2.9724
38,3,2,758,2.8471
38,3,2,759,2.87
38,3,2,760,2.9704
38,3,2,761,2.9636
38,3,2,762,3.0082
38,3,2,763,2.9449
38,3,2,764,2.8809
38,3,2,765,2.1309
38,3,2,766,2.943
38,3,2,767,2.9754
38,3,2,768,2.9463
38,3,2,769,2.9197
38,3,2,770,3.055
38,3,2,771,3.0756
38,3,2,772,3.0361
38,3,2,773,3.0774
38,3,2,774,3.0288
38,3,2,775,3.0213
38,3,2,776,2.5373
38,3,2,777,3.0108
38,3,2,778,2.984
38,3,2,779,2.9541
38,3,2,780,2.9396
38,3,2,781,3.3555
38,3,2,782,3.9427
38,3,2,783,3.8793
38,3,2,784,3.9265
38,3,2,785,3.8983
38,3,2,786,3.9697
38,3,2,787,4.5405
38,3,2,788,4.7483
38,3,2,789,4.3069
38,3,2,790,2.202
38,3,2,791,3.0682
38,3,2,792,3.0173
38,3,2,793,2.9905
38,3,2,794,2.986
38,3,2,795,2.5501
38,3,2,796,3.0542
38,3,2,797,2.9716
38,3,2,798,2.9966
38,3,2,799,3.0001
38,3,2,800,3.0536
38,3,2,801,3.0588
38,3,2,802,2.9821
38,3,2,803,2.734
38,3,2,804,2.6493
38,3,2,805,2.9819
38,3,2,806,2.822
38,3,2,807,3.0165
38,3,2,808,2.9753
38,3,2,809,2.9609
38,3,2,810,2.9726
38,3,2,811,2.7718
38,3,2,812,3.0518
38,3,2,813,3.0091
38,3,2,814,2.9896
38,3,2,815,3.0125
38,3,2,816,3.0196
38,3,2,817,3.0008
38,3,2,818,3.0566
38,3,2,819,2.9975
38,3,2,820,3.0105
38,3,2,821,3.2434
38,3,2,822,4.1679
38,3,2,823,3.6136
38,3,2,824,2.9211
38,3,2,825,2.5238
38,3,2,826,2.1695
38,3,2,827,2.4807
38,3,2,828,3.2991
38,3,2,829,3.053
38,3,2,830,3.0262
38,3,2,831,3.1308
38,3,2,832,4.7813
38,3,2,833,4.2623
38,3,2,834,4.1511
38,3,2,835,3.6568
38,3,2,836,4.0622
38,3,2,837,3.8537
38,3,2,838,3.8925
38,3,2,839,3.7828
38,3,2,840,3.1698
38,3,2,841,3.0485
38,3,2,842,2.6997
38,3,2,843,2.9745
38,3,2,844,3.0331
38,3,2,845,3.0797
38,3,2,846,3.0369
38,3,2,847,3.0755
38,3,2,848,3.0473
38,3,2,849,2.7558
38,3,2,850,3.0143
38,3,2,851,3.0828
38,3,2,852,3.0872
38,3,2,853,3.0968
38,3,2,854,3.1787
38,3,2,855,3.0706
38,3,2,856,3.1388
38,3,2,857,3.0848
38,3,2,858,3.0975
38,3,2,859,3.1723
38,3,2,860,3.0901
38,3,2,861,2.5769
38,3,2,862,2.8122
38,3,2,863,3.0579
38,3,2,864,3.026
38,3,2,865,2.8393
38,3,2,866,2.9371
38,3,2,867,3.0371
38,3,2,868,3.0014
38,3,2,869,2.9305
38,3,2,870,2.5818
38,3,2,871,2.98
38,3,2,872,2.9663
38,3,2,873,3.0134
38,3,2,874,2.9754
38,3,2,875,3.001
38,3,2,876,3.0193
38,3,2,877,3.0175
38,3,2,878,2.985
38,3,2,879,3.0097
38,3,2,880,2.9345
38,3,2,881,2.7011
38,3,2,882,2.9278
38,3,2,883,2.9822
38,3,2,884,3.0499
38,3,2,885,3.9289
38,3,2,886,4.1862
38,3,2,887,3.7454
38,3,2,888,3.2232
38,3,2,889,3.0211
38,3,2,890,3.2287
38,3,2,891,3.026
38,3,2,892,2.9844
38,3,2,893,2.9592
38,3,2,894,2.4205
38,3,2,895,3.0071
38,3,2,896,2.7088
38,3,2,897,2.7463
38,3,2,898,2.8061
38,3,2,899,2.9567
38,3,2,900,2.7859
57,1,0,1,26.5247
57,1,0,2,24.7429
57,1,0,3,27.3154
57,1,0,4,26.89
57,1,0,5,28.6365
57,1,0,6,26.4708
57,1,0,7,27.0176
57,1,0,8,25.4592
57,1,0,9,27.3999
57,1,0,10,26.5385
57,1,0,11,27.7316
57,1,0,12,27.6211
57,1,0,13,25.6899
57,1,0,14,25.4668
57,1,0,15,30.9187
57,1,0,16,28.6442
57,1,0,17,26.4906
57,1,0,18,26.4626
57,1,0,19,27.4301
57,1,0,20,24.9393
57,1,0,21,26.245
57,1,0,22,26.6704
57,1,0,23,29.1719
57,1,0,24,31.1947
57,1,0,25,31.5844
57,1,0,26,31.3797
57,1,0,27,28.7471
57,1,0,28,29.4976
57,1,0,29,27.602
57,1,0,30,28.9629
57,1,0,31,26.1376
57,1,0,32,23.0219
57,1,0,33,24.5933
57,1,0,34,25.6559
57,1,0,35,25.6699
57,1,0,36,25.1367
57,1,0,37,23.6212
57,1,0,38,23.887
57,1,0,39,24.001
57,1,0,40,25.0686
57,1,0,41,25.0592
57,1,0,42,25.8458
57,1,0,43,23.6345
57,1,0,44,22.8334
57,1,0,45,21.1829
57,1,0,46,26.5678
57,1,0,47,23.0609
57,1,0,48,21.4201
57,1,0,49,23.6139
57,1,0,50,24.9727
57,1,0,51,22.5993
57,1,0,52,21.2621
57,1,0,53,19.3956
57,1,0,54,19.1702
57,1,0,55,22.9727
57,1,0,56,22.2941
57,1,0,57,23.8977
57,1,0,58,23.3222
57,1,0,59,22.4302
57,1,0,60,22.8503
57,1,0,61,22.4688
57,1,0,62,22.0613
57,1,0,63,21.4322
57,1,0,64,25.9272
57,1,0,65,20.2979
57,1,0,66,19.1078
57,1,0,67,21.1689
57,1,0,68,19.6504
57,1,0,69,19.115
57,1,0,70,22.2841
57,1,0,71,29.2645
57,1,0,72,38.3333
57,1,0,73,25.3704
57,1,0,74,29.0404
57,1,0,75,26.3371
57,1,0,76,27.9413
57,1,0,77,22.2435
57,1,0,78,21.1826
57,1,0,79,21.4779
57,1,0,80,18.6862
57,1,0,81,18.415
57,1,0,82,18.8757
57,1,0,83,21.0969
57,1,0,84,15.8379
57,1,0,85,19.8438
57,1,0,86,22.6775
57,1,0,87,22.5755
57,1,0,88,26.1538
57,1,0,89,19.3726
57,1,0,90,26.6543
57,1,0,91,20.2604
57,1,0,92,28.392
57,1,0,93,24.3576
57,1,0,94,19.8197
57,1,0,95,20.3069
57,1,0,96,24.8433
57,1,0,97,25.7092
57,1,0,98,27.6039
57,1,0,99,28.6698
57,1,0,100,26.4608
57,1,0,101,23.6735
57,1,0,102,25.5759
57,1,0,103,22.9049
57,1,0,104,25.2099
57,1,0,105,24.0083
57,1,0,106,24.9638
57,1,0,107,28.6621
57,1,0,108,26.203
57,1,0,109,28.6406
57,1,0,110,28.5202
57,1,0,111,27.0939
57,1,0,112,29.9667
57,1,0,113,29.1601
57,1,0,114,25.6857
57,1,0,115,24.7202
57,1,0,116,23.1586
57,1,0,117,24.1427
57,1,0,118,22.7649
57,1,0,119,22.2232
57,1,0,120,22.4487
57,1,0,121,22.0914
57,1,0,122,20.9974
57,1,0,123,18.7388
57,1,0,124,26.46
57,1,0,125,25.4824
57,1,0,126,28.3066
57,1,0,127,29.081
57,1,0,128,29.49
57,1,0,129,28.2795
57,1,0,130,25.9115
57,1,0,131,21.2407
57,1,0,132,22.3648
57,1,0,133,23.5226
57,1,0,134,26.4744
57,1,0,135,17.5739
57,1,0,136,19.3369
57,1,0,137,20.7805
57,1,0,138,19.1081
57,1,0,139,20.5471
57,1,0,140,23.7662
57,1,0,141,22.5939
57,1,0,142,23.0298
57,1,0,143,24.4834
57,1,0,144,24.8469
57,1,0,145,24.1648
57,1,0,146,23.8553
57,1,0,147,26.954
57,1,0,148,26.5254
57,1,0,149,24.2622
57,1,0,150,24.2656
57,1,0,151,25.9513
57,1,0,152,31.1486
57,1,0,153,24.4316
57,1,0,154,28.5404
57,1,0,155,32.2989
57,1,0,156,32.3625
57,1,0,157,28.1196
57,1,0,158,26.3319
57,1,0,159,23.2863
57,1,0,160,14.2431
57,1,0,161,14.0268
57,1,0,162,17.648
57,1,0,163,18.5137
57,1,0,164,18.8553
57,1,0,165,19.2482
57,1,0,166,17.6678
57,1,0,167,17.7412
57,1,0,168,17.8782
57,1,0,169,16.2769
57,1,0,170,18.1049
57,1,0,171,19.1049
57,1,0,172,18.0114
57,1,0,173,17.2209
57,1,0,174,15.486
57,1,0,175,15.572
57,1,0,176,15.8909
57,1,0,177,17.3026
57,1,0,178,19.9194
57,1,0,179,16.945
57,1,0,180,22.7043
57,1,0,181,21.1035
57,1,0,182,19.9789
57,1,0,183,19.9779
57,1,0,184,21.4733
57,1,0,185,24.3727
57,1,0,186,20.136
57,1,0,187,22.016
57,1,0,188,18.2156
57,1,0,189,24.2152
57,1,0,190,24.4177
57,1,0,191,28.9495
57,1,0,192,23.7898
57,1,0,193,20.35
57,1,0,194,25.7673
57,1,0,195,20.017
57,1,0,196,20.3581
57,1,0,197,22.6192
57,1,0,198,21.9196
57,1,0,199,28.6225
57,1,0,200,37.7165
57,1,0,201,33.4475
57,1,0,202,28.9479
57,1,0,203,32.0345
57,1,0,204,26.9956
57,1,0,205,25.8716
57,1,0,206,28.2792
57,1,0,207,26.0805
57,1,0,208,20.6386
57,1,0,209,29.0783
57,1,0,210,27.8136
57,1,0,211,24.6188
57,1,0,212,24.8705
57,1,0,213,31.0103
57,1,0,214,26.2593
57,1,0,215,28.5417
57,1,0,216,24.3818
57,1,0,217,21.0528
57,1,0,218,29.6652
57,1,0,219,33.6146
57,1,0,220,29.249
57,1,0,221,32.7422
57,1,0,222,33.6302
57,1,0,223,32.1134
57,1,0,224,27.0349
57,1,0,225,22.34
57,1,0,226,23.8853
57,1,0,227,27.1977
57,1,0,228,22.9081
57,1,0,229,23.2288
57,1,0,230,28.2315
57,1,0,231,26.5134
57,1,0,232,25.1684
57,1,0,233,37.0087
57,1,0,234,33.5996
57,1,0,235,23.3737
57,1,0,236,22.0042
57,1,0,237,30.0737
57,1,0,238,25.1654
57,1,0,239,27.556
57,1,0,240,20.7714
57,1,0,241,20.5717
57,1,0,242,20.721
57,1,0,243,22.2497
57,1,0,244,23.5827
57,1,0,245,28.4525
57,1,0,246,33.5759
57,1,0,247,18.2243
57,1,0,248,16.7252
57,1,0,249,13.6248
57,1,0,250,11.1434
57,1,0,251,12.0842
57,1,0,252,9.6295
57,1,0,253,12.0998
57,1,0,254,15.1274
57,1,0,255,16.0005
57,1,0,256,9.8113
57,1,0,257,7.6077
57,1,0,258,9.5833
57,1,0,259,11.2599
57,1,0,260,9.0847
57,1,0,261,10.7633
57,1,0,262,7.1458
57,1,0,263,6.8582
57,1,0,264,6.4285
57,1,0,265,6.683
57,1,0,266,6.9986
57,1,0,267,6.9072
57,1,0,268,8.6076
57,1,0,269,7.9797
57,1,0,270,6.3596
57,1,0,271,6.182
57,1,0,272,6.8762
57,1,0,273,6.7462
57,1,0,274,6.5798
57,1,0,275,5.8959
57,1,0,276,6.1267
57,1,0,277,6.3116
57,1,0,278,6.3322
57,1,0,279,5.6965
57,1,0,280,5.7293
57,1,0,281,6.0742
57,1,0,282,6.8408
57,1,0,283,6.9473
57,1,0,284,5.8501
57,1,0,285,6.7971
57,1,0,286,6.64
57,1,0,287,6.5798
57,1,0,288,7.313
57,1,0,289,7.2263
57,1,0,290,8.2397
57,1,0,291,8.2667
57,1,0,292,7.0335
57,1,0,293,6.3738
57,1,0,294,5.7673
57,1,0,295,5.2683
57,1,0,296,6.3507
57,1,0,297,6.607
57,1,0,298,6.2575
57,1,0,299,6.2394
57,1,0,300,6.6994
57,1,0,301,6.6249
57,1,0,302,6.6306
57,1,0,303,6.7958
57,1,0,304,7.3631
57,1,0,305,7.3623
57,1,0,306,6.4651
57,1,0,307,6.2998
57,1,0,308,6.2953
57,1,0,309,6.6586
57,1,0,310,6.6859
57,1,0,311,7.0249
57,1,0,312,6.4247
57,1,0,313,7.8179
57,1,0,314,9.3463
57,1,0,315,8.2695
57,1,0,316,7.0201
57,1,0,317,6.5954
57,1,0,318,6.4663
57,1,0,319,6.286
57,1,0,320,6.4563
57,1,0,321,6.8952
57,1,0,322,7.145
57,1,0,323,5.7186
57,1,0,324,6.2884
57,1,0,325,5.6565
57,1,0,326,8.3726
57,1,0,327,9.2535
57,1,0,328,8.2908
57,1,0,329,9.3161
57,1,0,330,8.7261
57,1,0,331,7.1445
57,1,0,332,6.5871
57,1,0,333,7.096
57,1,0,334,8.1522
57,1,0,335,8.212
57,1,0,336,8.3069
57,1,0,337,6.3884
57,1,0,338,8.2478
57,1,0,339,8.0786
57,1,0,340,6.7298
57,1,0,341,6.8797
57,1,0,342,6.3184
57,1,0,343,6.1761
57,1,0,344,7.8705
57,1,0,345,8.4766
57,1,0,346,9.647
57,1,0,347,8.8502
57,1,0,348,10.6243
57,1,0,349,10.7175
57,1,0,350,9.6073
57,1,0,351,9.0156
57,1,0,352,8.4483
57,1,0,353,7.7432
57,1,0,354,6.6381
57,1,0,355,6.668
57,1,0,356,6.0792
57,1,0,357,6.6207
57,1,0,358,6.2562
57,1,0,359,6.5361
57,1,0,360,6.6057
57,1,0,361,6.4003
57,1,0,362,6.5767
57,1,0,363,6.6334
57,1,0,364,6.5842
57,1,0,365,6.4783
57,1,0,366,6.3822
57,1,0,367,6.103
57,1,0,368,6.4212
57,1,0,369,6.6553
57,1,0,370,6.6102
57,1,0,371,6.617
57,1,0,372,6.93
57,1,0,373,6.7009
57,1,0,374,6.6935
57,1,0,375,7.584
57,1,0,376,6.5336
57,1,0,377,6.6486
57,1,0,378,6.8419
57,1,0,379,9.8932
57,1,0,380,10.4901
57,1,0,381,6.1492
57,1,0,382,9.6453
57,1,0,383,10.0517
57,1,0,384,10.0288
57,1,0,385,9.2418
57,1,0,386,10.9981
57,1,0,387,11.0604
57,1,0,388,11.8795
57,1,0,389,11.4861
57,1,0,390,11.1182
57,1,0,391,11.4026
57,1,0,392,11.0541
57,1,0,393,10.2448
57,1,0,394,7.3362
57,1,0,395,7.3154
57,1,0,396,7.1212
57,1,0,397,6.6411
57,1,0,398,8.6868
57,1,0,399,8.5818
57,1,0,400,8.6014
57,1,0,401,8.2277
57,1,0,402,8.1286
57,1,0,403,7.9445
57,1,0,404,8.3151
57,1,0,405,6.6624
57,1,0,406,7.4304
57,1,0,407,8.4464
57,1,0,408,8.3819
57,1,0,409,6.7806
57,1,0,410,6.1338
57,1,0,411,6.5607
57,1,0,412,6.7712
57,1,0,413,6.7232
57,1,0,414,5.791
57,1,0,415,6.6566
57,1,0,416,7.4007
57,1,0,417,8.0192
57,1,0,418,7.6217
57,1,0,419,6.5519
57,1,0,420,7.4413
57,1,0,421,8.5735
57,1,0,422,6.7351
57,1,0,423,9.6662
57,1,0,424,9.1275
57,1,0,425,7.5073
57,1,0,426,6.6268
57,1,0,427,6.6336
57,1,0,428,6.6102
57,1,0,429,6.596
57,1,0,430,6.6095
57,1,0,431,6.7731
57,1,0,432,6.7041
57,1,0,433,6.7459
57,1,0,434,6.8555
57,1,0,435,6.899
57,1,0,436,6.0277
57,1,0,437,6.7216
57,1,0,438,6.7933
57,1,0,439,6.7488
57,1,0,440,6.7032
57,1,0,441,6.5783
57,1,0,442,6.585
57,1,0,443,6.8863
57,1,0,444,6.6802
57,1,0,445,6.5427
57,1,0,446,6.5575
57,1,0,447,6.5974
57,1,0,448,6.4588
57,1,0,449,6.571
57,1,0,450,6.7738
57,1,0,451,7.0071
57,1,0,452,5.9566
57,1,0,453,6.7187
57,1,0,454,8.2643
57,1,0,455,8.3492
57,1,0,456,9.2076
57,1,0,457,8.6265
57,1,0,458,7.2269
57,1,0,459,10.0893
57,1,0,460,9.5249
57,1,0,461,12.3023
57,1,0,462,12.1818
57,1,0,463,11.8521
57,1,0,464,12.7194
57,1,0,465,9.4126
57,1,0,466,11.0864
57,1,0,467,9.5015
57,1,0,468,9.6722
57,1,0,469,10.5956
57,1,0,470,8.7524
57,1,0,471,7.2141
57,1,0,472,6.6406
57,1,0,473,5.6606
57,1,0,474,7.1924
57,1,0,475,8.1286
57,1,0,476,10.1525
57,1,0,477,7.2705
57,1,0,478,7.8689
57,1,0,479,6.7947
57,1,0,480,6.7989
57,1,0,481,6.532
57,1,0,482,6.7129
57,1,0,483,6.4902
57,1,0,484,6.1469
57,1,0,485,7.149
57,1,0,486,6.7157
57,1,0,487,7.0954
57,1,0,488,7.1538
57,1,0,489,7.9748
57,1,0,490,6.3364
57,1,0,491,6.2973
57,1,0,492,6.6632
57,1,0,493,6.6546
57,1,0,494,6.4021
57,1,0,495,6.4888
57,1,0,496,9.1052
57,1,0,497,8.8625
57,1,0,498,8.425
57,1,0,499,7.093
57,1,0,500,6.5807
57,1,0,501,6.3544
57,1,0,502,6.57
57,1,0,503,6.9869
57,1,0,504,6.7361
57,1,0,505,6.7129
57,1,0,506,6.8465
57,1,0,507,6.712
57,1,0,508,6.3597
57,1,0,509,6.3705
57,1,0,510,6.5908
57,1,0,511,6.6257
57,1,0,512,6.6859
57,1,0,513,5.296
57,1,0,514,7.5448
57,1,0,515,6.0232
57,1,0,516,6.9443
57,1,0,517,6.6652
57,1,0,518,5.6759
57,1,0,519,6.2983
57,1,0,520,6.4781
57,1,0,521,6.7349
57,1,0,522,6.6978
57,1,0,523,6.7432
57,1,0,524,6.6365
57,1,0,525,6.5463
57,1,0,526,5.5628
57,1,0,527,6.4446
57,1,0,528,6.5524
57,1,0,529,6.6131
57,1,0,530,6.6298
57,1,0,531,6.6485
57,1,0,532,6.7166
57,1,0,533,6.601
57,1,0,534,6.6998
57,1,0,535,5.3972
57,1,0,536,6.4247
57,1,0,537,6.7515
57,1,0,538,8.5012
57,1,0,539,7.5989
57,1,0,540,6.6879
57,1,0,541,6.6991
57,1,0,542,6.6196
57,1,0,543,6.0798
57,1,0,544,5.4481
57,1,0,545,6.6882
57,1,0,546,6.6765
57,1,0,547,6.6294
57,1,0,548,6.636
57,1,0,549,7.0977
57,1,0,550,6.7389
57,1,0,551,7.7998
57,1,0,552,6.618
57,1,0,553,8.0936
57,1,0,554,11.1234
57,1,0,555,12.0592
57,1,0,556,11.0829
57,1,0,557,11.9404
57,1,0,558,10.0405
57,1,0,559,11.0134
57,1,0,560,9.2157
57,1,0,561,6.7791
57,1,0,562,6.6403
57,1,0,563,7.0345
57,1,0,564,6.1862
57,1,0,565,7.5402
57,1,0,566,11.2865
57,1,0,567,9.1538
57,1,0,568,6.5702
57,1,0,569,7.7834
57,1,0,570,6.667
57,1,0,571,8.2879
57,1,0,572,8.7375
57,1,0,573,9.626
57,1,0,574,9.3146
57,1,0,575,7.1037
57,1,0,576,6.6397
57,1,0,577,6.7614
57,1,0,578,6.124
57,1,0,579,6.2123
57,1,0,580,5.9262
57,1,0,581,6.4119
57,1,0,582,6.7065
57,1,0,583,6.5843
57,1,0,584,6.4726
57,1,0,585,6.796
57,1,0,586,6.3253
57,1,0,587,6.5614
57,1,0,588,6.5972
57,1,0,589,5.7386
57,1,0,590,6.6254
57,1,0,591,7.6581
57,1,0,592,9.5218
57,1,0,593,8.9618
57,1,0,594,8.3129
57,1,0,595,6.9211
57,1,0,596,6.7296
57,1,0,597,6.6033
57,1,0,598,6.8135
57,1,0,599,6.6358
57,1,0,600,6.6865
57,1,0,601,6.62
57,1,0,602,6.6568
57,1,0,603,5.9758
57,1,0,604,6.0415
57,1,0,605,6.1728
57,1,0,606,6.5596
57,1,0,607,6.5496
57,1,0,608,6.3769
57,1,0,609,6.5203
57,1,0,610,6.4082
57,1,0,611,5.9928
57,1,0,612,5.3317
57,1,0,613,6.3039
57,1,0,614,6.4199
57,1,0,615,7.8716
57,1,0,616,6.2781
57,1,0,617,6.3342
57,1,0,618,6.3694
57,1,0,619,6.1151
57,1,0,620,5.9994
57,1,0,621,6.2195
57,1,0,622,6.11
57,1,0,623,6.0944
57,1,0,624,6.5605
57,1,0,625,6.7184
57,1,0,626,6.3185
57,1,0,627,5.558
57,1,0,628,6.1979
57,1,0,629,5.3701
57,1,0,630,6.1644
57,1,0,631,5.9826
57,1,0,632,6.2899
57,1,0,633,6.7301
57,1,0,634,6.648
57,1,0,635,7.3051
57,1,0,636,8.008
57,1,0,637,6.4105
57,1,0,638,6.7325
57,1,0,639,7.2745
57,1,0,640,7.7027
57,1,0,641,6.0352
57,1,0,642,6.5619
57,1,0,643,6.3349
57,1,0,644,7.9299
57,1,0,645,9.6333
57,1,0,646,9.023
57,1,0,647,9.3824
57,1,0,648,10.5529
57,1,0,649,9.9647
57,1,0,650,8.9308
57,1,0,651,7.5375
57,1,0,652,8.7319
57,1,0,653,7.5026
57,1,0,654,8.3555
57,1,0,655,9.9222
57,1,0,656,9.3877
57,1,0,657,5.5473
57,1,0,658,9.218
57,1,0,659,7.7784
57,1,0,660,8.7716
57,1,0,661,7.3453
57,1,0,662,9.173
57,1,0,663,8.8921
57,1,0,664,8.6159
57,1,0,665,7.8331
57,1,0,666,10.0764
57,1,0,667,9.7997
57,1,0,668,9.214
57,1,0,669,8.1529
57,1,0,670,6.5472
57,1,0,671,8.5074
57,1,0,672,9.4812
57,1,0,673,9.4442
57,1,0,674,8.8735
57,1,0,675,7.1663
57,1,0,676,6.4938
57,1,0,677,5.8639
57,1,0,678,7.9259
57,1,0,679,8.7092
57,1,0,680,11.6551
57,1,0,681,12.5226
57,1,0,682,10.7977
57,1,0,683,8.6103
57,1,0,684,8.3228
57,1,0,685,7.9259
57,1,0,686,8.5309
57,1,0,687,8.1803
57,1,0,688,8.0918
57,1,0,689,8.9282
57,1,0,690,7.7765
57,1,0,691,8.5944
57,1,0,692,9.3795
57,1,0,693,11.4567
57,1,0,694,9.9359
57,1,0,695,12.0493
57,1,0,696,8.953
57,1,0,697,10.5308
57,1,0,698,11.0298
57,1,0,699,10.9685
57,1,0,700,10.4526
57,1,0,701,7.8589
57,1,0,702,10.5767
57,1,0,703,10.6092
57,1,0,704,8.8197
57,1,0,705,11.1942
57,1,0,706,11.2356
57,1,0,707,11.9584
57,1,0,708,12.0759
57,1,0,709,11.1584
57,1,0,710,8.8643
57,1,0,711,8.6066
57,1,0,712,8.8969
57,1,0,713,8.493
57,1,0,714,8.513
57,1,0,715,8.4323
57,1,0,716,8.7457
57,1,0,717,8.3314
57,1,0,718,8.7837
57,1,0,719,8.7938
57,1,0,720,8.9126
57,1,0,721,8.9346
57,1,0,722,8.6081
57,1,0,723,8.6561
57,1,0,724,8.7007
57,1,0,725,9.7349
57,1,0,726,10.6257
57,1,0,727,10.2374
57,1,0,728,8.7941
57,1,0,729,8.6469
57,1,0,730,7.9027
57,1,0,731,7.8208
57,1,0,732,8.8107
57,1,0,733,8.0805
57,1,0,734,8.6502
57,1,0,735,9.0107
57,1,0,736,9.0169
57,1,0,737,8.1082
57,1,0,738,7.6655
57,1,0,739,7.1619
57,1,0,740,8.1955
57,1,0,741,8.9247
57,1,0,742,7.6514
57,1,0,743,8.3892
57,1,0,744,7.9338
57,1,0,745,8.1207
57,1,0,746,8.1092
57,1,0,747,8.6082
57,1,0,748,7.705
57,1,0,749,7.2862
57,1,0,750,8.9962
57,1,0,751,7.916
57,1,0,752,8.0994
57,1,0,753,7.9223
57,1,0,754,8.8465
57,1,0,755,8.8808
57,1,0,756,8.4721
57,1,0,757,8.1017
57,1,0,758,7.9502
57,1,0,759,8.4596
57,1,0,760,8.6289
57,1,0,761,7.4806
57,1,0,762,8.0452
57,1,0,763,8.0005
57,1,0,764,8.463
57,1,0,765,9.1276
57,1,0,766,8.5797
57,1,0,767,8.7891
57,1,0,768,8.8831
57,1,0,769,8.6849
57,1,0,770,8.0462
57,1,0,771,8.6957
57,1,0,772,8.1459
57,1,0,773,8.768
57,1,0,774,8.6187
57,1,0,775,8.1454
57,1,0,776,8.0101
57,1,0,777,8.6656
57,1,0,778,6.5483
57,1,0,779,8.2161
57,1,0,780,7.3056
57,1,0,781,8.5502
57,1,0,782,8.5252
57,1,0,783,8.6281
57,1,0,784,8.1339
57,1,0,785,8.1043
57,1,0,786,8.5365
57,1,0,787,8.3449
57,1,0,788,7.9473
57,1,0,789,7.4601
57,1,0,790,8.6089
57,1,0,791,8.5464
57,1,0,792,8.5242
57,1,0,793,7.8246
57,1,0,794,8.777
57,1,0,795,8.5358
57,1,0,796,8.6079
57,1,0,797,9.2617
57,1,0,798,10.5964
57,1,0,799,11.7211
57,1,0,800,11.3641
57,1,0,801,13.4276
57,1,0,802,14.8477
57,1,0,803,13.1266
57,1,0,804,12.2128
57,1,0,805,12.1739
57,1,0,806,11.0788
57,1,0,807,13.4296
57,1,0,808,13.1719
57,1,0,809,10.9691
57,1,0,810,8.1446
57,1,0,811,10.6844
57,1,0,812,10.8132
57,1,0,813,11.082
57,1,0,814,9.0724
57,1,0,815,9.0628
57,1,0,816,8.5639
57,1,0,817,9.3568
57,1,0,818,12.1753
57,1,0,819,15.0788
57,1,0,820,14.536
57,1,0,821,15.5163
57,1,0,822,13.234
57,1,0,823,9.2766
57,1,0,824,8.7893
57,1,0,825,10.258
57,1,0,826,11.1912
57,1,0,827,9.6188
57,1,0,828,8.6029
57,1,0,829,8.6283
57,1,0,830,8.5504
57,1,0,831,8.6518
57,1,0,832,8.6249
57,1,0,833,8.6519
57,1,0,834,8.376
57,1,0,835,8.6966
57,1,0,836,8.3595
57,1,0,837,8.4083
57,1,0,838,10.7673
57,1,0,839,9.7103
57,1,0,840,11.5786
57,1,0,841,9.8289
57,1,0,842,9.1461
57,1,0,843,11.5984
57,1,0,844,9.7049
57,1,0,845,8.5682
57,1,0,846,8.7857
57,1,0,847,8.7181
57,1,0,848,8.8355
57,1,0,849,8.671
57,1,0,850,9.954
57,1,0,851,13.2561
57,1,0,852,11.8853
57,1,0,853,8.87
57,1,0,854,11.0054
57,1,0,855,11.1972
57,1,0,856,10.7862
57,1,0,857,11.7273
57,1,0,858,9.7425
57,1,0,859,8.583
57,1,0,860,8.5731
57,1,0,861,7.782
57,1,0,862,8.4454
57,1,0,863,8.6904
57,1,0,864,8.4969
57,1,0,865,8.5066
57,1,0,866,8.6267
57,1,0,867,8.5701
57,1,0,868,8.1924
57,1,0,869,8.4921
57,1,0,870,8.7675
57,1,0,871,7.7263
57,1,0,872,8.6147
57,1,0,873,8.5389
57,1,0,874,8.6959
57,1,0,875,7.7761
57,1,0,876,7.984
57,1,0,877,8.4849
57,1,0,878,8.4537
57,1,0,879,8.6525
57,1,0,880,8.7083
57,1,0,881,8.6374
57,1,0,882,8.6252
57,1,0,883,8.5123
57,1,0,884,8.4729
57,1,0,885,8.5628
57,1,0,886,7.9428
57,1,0,887,9.006
57,1,0,888,11.8405
57,1,0,889,12.2977
57,1,0,890,10.195
57,1,0,891,9.9075
57,1,0,892,10.1805
57,1,0,893,12.5591
57,1,0,894,12.7617
57,1,0,895,12.299
57,1,0,896,12.0193
57,1,0,897,8.6788
57,1,0,898,10.9206
57,1,0,899,11.4469
57,1,0,900,10.1154
57,1,1,1,33.7056
57,1,1,2,37.1342
57,1,1,3,41.646
57,1,1,4,30.4211
57,1,1,5,23.9308
57,1,1,6,30.0148
57,1,1,7,33.8079
57,1,1,8,27.7275
57,1,1,9,29.0134
57,1,1,10,33.143
57,1,1,11,32.607
57,1,1,12,25.7023
57,1,1,13,24.972
57,1,1,14,23.9516
57,1,1,15,20.3125
57,1,1,16,21.8054
57,1,1,17,20.9199
57,1,1,18,19.3065
57,1,1,19,24.9396
57,1,1,20,23.5403
57,1,1,21,23.3281
57,1,1,22,19.8074
57,1,1,23,18.0887
57,1,1,24,25.0342
57,1,1,25,19.7353
57,1,1,26,18.8525
57,1,1,27,18.002
57,1,1,28,19.7992
57,1,1,29,26.7043
57,1,1,30,25.8728
57,1,1,31,29.6744
57,1,1,32,20.6479
57,1,1,33,23.7029
57,1,1,34,26.0236
57,1,1,35,26.3544
57,1,1,36,26.4539
57,1,1,37,27.0871
57,1,1,38,24.8728
57,1,1,39,23.8924
57,1,1,40,28.9977
57,1,1,41,31.9392
57,1,1,42,25.6682
57,1,1,43,22.7149
57,1,1,44,18.6656
57,1,1,45,18.0523
57,1,1,46,18.8395
57,1,1,47,17.567
57,1,1,48,18.1211
57,1,1,49,18.4174
57,1,1,50,16.0868
57,1,1,51,15.3012
57,1,1,52,15.9408
57,1,1,53,16.4132
57,1,1,54,15.3542
57,1,1,55,16.9826
57,1,1,56,18.2561
57,1,1,57,18.5544
57,1,1,58,21.6636
57,1,1,59,22.6156
57,1,1,60,24.2369
57,1,1,61,18.5535
57,1,1,62,22.3269
57,1,1,63,23.5141
57,1,1,64,23.7828
57,1,1,65,21.9168
57,1,1,66,22.9138
57,1,1,67,25.3853
57,1,1,68,24.8957
57,1,1,69,23.13
57,1,1,70,23.0348
57,1,1,71,22.5697
57,1,1,72,21.7799
57,1,1,73,22.935
57,1,1,74,21.3894
57,1,1,75,21.8569
57,1,1,76,22.3359
57,1,1,77,21.3473
57,1,1,78,22.853
57,1,1,79,22.0428
57,1,1,80,22.2229
57,1,1,81,21.9789
57,1,1,82,22.7609
57,1,1,83,24.3246
57,1,1,84,22.1308
57,1,1,85,24.1415
57,1,1,86,31.2499
57,1,1,87,26.838
57,1,1,88,21.4148
57,1,1,89,22.3292
57,1,1,90,25.3861
57,1,1,91,22.5655
57,1,1,92,21.7198
57,1,1,93,21.3968
57,1,1,94,21.8112
57,1,1,95,28.2553
57,1,1,96,24.224
57,1,1,97,23.0692
57,1,1,98,26.8044
57,1,1,99,27.5133
57,1,1,100,24.847
57,1,1,101,21.1948
57,1,1,102,21.1802
57,1,1,103,23.8976
57,1,1,104,21.7733
57,1,1,105,21.7795
57,1,1,106,19.3591
57,1,1,107,17.3971
57,1,1,108,19.3066
57,1,1,109,23.6694
57,1,1,110,26.6673
57,1,1,111,28.599
57,1,1,112,27.9227
57,1,1,113,26.3335
57,1,1,114,25.9865
57,1,1,115,28.4932
57,1,1,116,23.6394
57,1,1,117,23.6332
57,1,1,118,21.2391
57,1,1,119,23.4804
57,1,1,120,25.8147
57,1,1,121,22.9411
57,1,1,122,20.4982
57,1,1,123,20.3631
57,1,1,124,20.9309
57,1,1,125,23.1822
57,1,1,126,20.0899
57,1,1,127,17.591
57,1,1,128,21.7325
57,1,1,129,25.1957
57,1,1,130,25.2713
57,1,1,131,25.2225
57,1,1,132,23.5725
57,1,1,133,20.0479
57,1,1,134,26.7767
57,1,1,135,27.5506
57,1,1,136,27.111
57,1,1,137,27.531
57,1,1,138,25.8123
57,1,1,139,20.2547
57,1,1,140,21.908
57,1,1,141,20.9713
57,1,1,142,21.1751
57,1,1,143,21.9079
57,1,1,144,24.1502
57,1,1,145,23.1459
57,1,1,146,18.7681
57,1,1,147,19.825
57,1,1,148,22.607
57,1,1,149,18.0725
57,1,1,150,20.7783
57,1,1,151,23.909
57,1,1,152,24.1406
57,1,1,153,23.1703
57,1,1,154,21.8423
57,1,1,155,22.0252
57,1,1,156,21.9009
57,1,1,157,23.6871
57,1,1,158,21.8042
57,1,1,159,18.1253
57,1,1,160,16.2703
57,1,1,161,13.6844
57,1,1,162,14.3475
57,1,1,163,15.9075
57,1,1,164,14.9694
57,1,1,165,15.0533
57,1,1,166,16.4299
57,1,1,167,17.7373
57,1,1,168,18.2503
57,1,1,169,15.4065
57,1,1,170,16.8092
57,1,1,171,12.8443
57,1,1,172,16.064
57,1,1,173,19.015
57,1,1,174,15.0183
57,1,1,175,21.3768
57,1,1,176,20.8732
57,1,1,177,21.4064
57,1,1,178,22.8259
57,1,1,179,20.3275
57,1,1,180,17.8249
57,1,1,181,18.9787
57,1,1,182,18.3855
57,1,1,183,20.3905
57,1,1,184,22.2348
57,1,1,185,23.9592
57,1,1,186,30.7709
57,1,1,187,35.9584
57,1,1,188,33.0306
57,1,1,189,32.6843
57,1,1,190,32.5331
57,1,1,191,28.6887
57,1,1,192,27.2849
57,1,1,193,29.3192
57,1,1,194,28.5346
57,1,1,195,29.2262
57,1,1,196,26.2852
57,1,1,197,26.7481
57,1,1,198,29.984
57,1,1,199,33.1162
57,1,1,200,28.2373
57,1,1,201,32.2868
57,1,1,202,40.1953
57,1,1,203,37.5233
57,1,1,204,28.584
57,1,1,205,23.2647
57,1,1,206,27.6667
57,1,1,207,26.7767
57,1,1,208,28.967
57,1,1,209,27.5654
57,1,1,210,29.8697
57,1,1,211,30.3513
57,1,1,212,27.3737
57,1,1,213,32.6014
57,1,1,214,30.1927
57,1,1,215,15.0118
57,1,1,216,14.2886
57,1,1,217,14.8629
57,1,1,218,15.3782
57,1,1,219,15.7382
57,1,1,220,14.4579
57,1,1,221,14.6432
57,1,1,222,14.4797
57,1,1,223,14.134
57,1,1,224,15.7908
57,1,1,225,17.2659
57,1,1,226,19.4406
57,1,1,227,20.9726
57,1,1,228,19.9811
57,1,1,229,17.9412
57,1,1,230,15.3956
57,1,1,231,17.622
57,1,1,232,17.7365
57,1,1,233,16.5244
57,1,1,234,15.6503
57,1,1,235,15.3279
57,1,1,236,14.8333
57,1,1,237,14.6455
57,1,1,238,15.3006
57,1,1,239,25.4695
57,1,1,240,19.745
57,1,1,241,19.8542
57,1,1,242,16.3876
57,1,1,243,13.2756
57,1,1,244,13.2237
57,1,1,245,13.9016
57,1,1,246,14.3685
57,1,1,247,16.1566
57,1,1,248,17.6455
57,1,1,249,13.2466
57,1,1,250,16.2613
57,1,1,251,17.3442
57,1,1,252,23.75
57,1,1,253,17.2192
57,1,1,254,13.0577
57,1,1,255,11.4266
57,1,1,256,24.6882
57,1,1,257,6.0892
57,1,1,258,10.2536
57,1,1,259,9.3848
57,1,1,260,9.6315
57,1,1,261,10.4327
57,1,1,262,8.3509
57,1,1,263,8.5743
57,1,1,264,9.4618
57,1,1,265,8.1643
57,1,1,266,9.1552
57,1,1,267,8.1581
57,1,1,268,9.0864
57,1,1,269,7.4266
57,1,1,270,6.5013
57,1,1,271,6.9162
57,1,1,272,6.7431
57,1,1,273,6.6272
57,1,1,274,6.7303
57,1,1,275,6.6544
57,1,1,276,5.9634
57,1,1,277,6.8506
57,1,1,278,7.4881
57,1,1,279,7.7711
57,1,1,280,9.4032
57,1,1,281,8.4175
57,1,1,282,6.8372
57,1,1,283,6.8865
57,1,1,284,8.1114
57,1,1,285,9.7874
57,1,1,286,10.1608
57,1,1,287,10.7216
57,1,1,288,11.7182
57,1,1,289,10.948
57,1,1,290,10.0335
57,1,1,291,9.7596
57,1,1,292,9.1824
57,1,1,293,8.7068
57,1,1,294,8.7784
57,1,1,295,9.2183
57,1,1,296,9.7614
57,1,1,297,9.4421
57,1,1,298,9.6648
57,1,1,299,8.1313
57,1,1,300,6.8257
57,1,1,301,7.6061
57,1,1,302,7.9007
57,1,1,303,7.9745
57,1,1,304,8.4764
57,1,1,305,8.2031
57,1,1,306,8.2852
57,1,1,307,6.5598
57,1,1,308,8.0964
57,1,1,309,6.6409
57,1,1,310,7.1233
57,1,1,311,6.2274
57,1,1,312,6.296
57,1,1,313,6.6614
57,1,1,314,8.8787
57,1,1,315,9.0142
57,1,1,316,9.1431
57,1,1,317,9.4314
57,1,1,318,8.6428
57,1,1,319,6.8755
57,1,1,320,6.4685
57,1,1,321,6.6555
57,1,1,322,6.8067
57,1,1,323,6.7454
57,1,1,324,6.4727
57,1,1,325,6.7029
57,1,1,326,6.6283
57,1,1,327,6.6274
57,1,1,328,6.6245
57,1,1,329,6.6049
57,1,1,330,6.615
57,1,1,331,6.5764
57,1,1,332,6.7098
57,1,1,333,6.6063
57,1,1,334,6.6015
57,1,1,335,6.5883
57,1,1,336,6.5733
57,1,1,337,6.5212
57,1,1,338,5.8238
57,1,1,339,6.632
57,1,1,340,6.5921
57,1,1,341,6.595
57,1,1,342,6.6591
57,1,1,343,6.5739
57,1,1,344,6.4766
57,1,1,345,6.5613
57,1,1,346,6.358
57,1,1,347,6.7257
57,1,1,348,6.9427
57,1,1,349,6.8853
57,1,1,350,6.6927
57,1,1,351,7.6479
57,1,1,352,8.2319
57,1,1,353,7.9424
57,1,1,354,7.9483
57,1,1,355,8.9031
57,1,1,356,8.0494
57,1,1,357,7.3602
57,1,1,358,9.1022
57,1,1,359,9.1492
57,1,1,360,9.9696
57,1,1,361,10.0809
57,1,1,362,9.4518
57,1,1,363,10.2241
57,1,1,364,10.0265
57,1,1,365,7.4013
57,1,1,366,9.8607
57,1,1,367,9.5985
57,1,1,368,8.2733
57,1,1,369,8.0059
57,1,1,370,9.2534
57,1,1,371,6.8694
57,1,1,372,6.4391
57,1,1,373,6.6349
57,1,1,374,6.0028
57,1,1,375,5.5926
57,1,1,376,6.7162
57,1,1,377,5.6942
57,1,1,378,5.8438
57,1,1,379,6.2798
57,1,1,380,6.649
57,1,1,381,6.6512
57,1,1,382,6.7807
57,1,1,383,6.6076
57,1,1,384,8.1895
57,1,1,385,6.4766
57,1,1,386,5.933
57,1,1,387,7.1962
57,1,1,388,9.6856
57,1,1,389,7.8928
57,1,1,390,8.5686
57,1,1,391,7.241
57,1,1,392,7.3919
57,1,1,393,7.1107
57,1,1,394,6.24
57,1,1,395,6.4936
57,1,1,396,6.2851
57,1,1,397,6.6398
57,1,1,398,7.1068
57,1,1,399,5.6719
57,1,1,400,7.5182
57,1,1,401,9.0981
57,1,1,402,7.0948
57,1,1,403,8.443
57,1,1,404,6.474
57,1,1,405,6.6442
57,1,1,406,6.713
57,1,1,407,7.5259
57,1,1,408,8.7843
57,1,1,409,9.6408
57,1,1,410,8.2626
57,1,1,411,8.2527
57,1,1,412,9.3043
57,1,1,413,8.9721
57,1,1,414,7.4463
57,1,1,415,9.7654
57,1,1,416,9.0359
57,1,1,417,8.0535
57,1,1,418,10.0017
57,1,1,419,8.2871
57,1,1,420,7.8455
57,1,1,421,9.4904
57,1,1,422,6.8049
57,1,1,423,7.4109
57,1,1,424,9.3618
57,1,1,425,9.8601
57,1,1,426,8.5764
57,1,1,427,6.9553
57,1,1,428,6.5087
57,1,1,429,6.8911
57,1,1,430,6.8357
57,1,1,431,9.632
57,1,1,432,9.245
57,1,1,433,7.0919
57,1,1,434,6.7136
57,1,1,435,6.7291
57,1,1,436,6.7086
57,1,1,437,6.0183
57,1,1,438,6.8344
57,1,1,439,8.9759
57,1,1,440,9.4978
57,1,1,441,9.8084
57,1,1,442,9.6493
57,1,1,443,10.3881
57,1,1,444,11.0156
57,1,1,445,10.839
57,1,1,446,10.6328
57,1,1,447,12.7319
57,1,1,448,11.4266
57,1,1,449,11.2129
57,1,1,450,10.8273
57,1,1,451,8.1595
57,1,1,452,9.8582
57,1,1,453,8.4108
57,1,1,454,10.0498
57,1,1,455,7.4364
57,1,1,456,6.2334
57,1,1,457,5.9716
57,1,1,458,6.1989
57,1,1,459,6.3593
57,1,1,460,6.6474
57,1,1,461,6.6214
57,1,1,462,6.7158
57,1,1,463,6.6289
57,1,1,464,6.7123
57,1,1,465,6.6881
57,1,1,466,6.6082
57,1,1,467,7.3889
57,1,1,468,9.1061
57,1,1,469,8.4406
57,1,1,470,8.5214
57,1,1,471,8.0893
57,1,1,472,8.1107
57,1,1,473,7.6053
57,1,1,474,7.7508
57,1,1,475,6.803
57,1,1,476,7.7384
57,1,1,477,8.0343
57,1,1,478,8.047
57,1,1,479,7.7931
57,1,1,480,6.9822
57,1,1,481,8.4927
57,1,1,482,7.3353
57,1,1,483,6.6653
57,1,1,484,6.5724
57,1,1,485,6.6764
57,1,1,486,6.6388
57,1,1,487,6.6154
57,1,1,488,6.5851
57,1,1,489,6.5947
57,1,1,490,6.2827
57,1,1,491,6.5786
57,1,1,492,6.4858
57,1,1,493,6.6052
57,1,1,494,6.5784
57,1,1,495,6.6332
57,1,1,496,6.6513
57,1,1,497,6.6602
57,1,1,498,6.6453
57,1,1,499,6.8043
57,1,1,500,6.7602
57,1,1,501,6.7908
57,1,1,502,6.7163
57,1,1,503,6.5938
57,1,1,504,7.6301
57,1,1,505,9.0607
57,1,1,506,8.8795
57,1,1,507,9.3616
57,1,1,508,7.7828
57,1,1,509,7.2498
57,1,1,510,7.4452
57,1,1,511,8.1968
57,1,1,512,9.0757
57,1,1,513,8.4078
57,1,1,514,7.2653
57,1,1,515,7.8431
57,1,1,516,7.1585
57,1,1,517,9.0067
57,1,1,518,8.7048
57,1,1,519,6.9914
57,1,1,520,7.5129
57,1,1,521,6.6895
57,1,1,522,7.4506
57,1,1,523,7.9532
57,1,1,524,8.0309
57,1,1,525,7.758
57,1,1,526,8.5068
57,1,1,527,8.1971
57,1,1,528,8.7873
57,1,1,529,6.9131
57,1,1,530,6.6303
57,1,1,531,6.5977
57,1,1,532,6.5996
57,1,1,533,6.5661
57,1,1,534,6.5423
57,1,1,535,6.6615
57,1,1,536,6.4519
57,1,1,537,6.7716
57,1,1,538,6.4591
57,1,1,539,7.4673
57,1,1,540,6.673
57,1,1,541,7.8292
57,1,1,542,7.8712
57,1,1,543,7.6776
57,1,1,544,6.6954
57,1,1,545,6.4478
57,1,1,546,6.7442
57,1,1,547,6.4835
57,1,1,548,6.1685
57,1,1,549,6.7738
57,1,1,550,6.4692
57,1,1,551,6.8044
57,1,1,552,8.2514
57,1,1,553,6.9548
57,1,1,554,6.5333
57,1,1,555,6.5881
57,1,1,556,6.5754
57,1,1,557,6.5302
57,1,1,558,6.5981
57,1,1,559,6.5372
57,1,1,560,6.5241
57,1,1,561,6.1701
57,1,1,562,6.6928
57,1,1,563,6.6494
57,1,1,564,6.02
57,1,1,565,6.6227
57,1,1,566,6.3401
57,1,1,567,6.7137
57,1,1,568,6.4983
57,1,1,569,6.5627
57,1,1,570,6.553
57,1,1,571,6.81
57,1,1,572,6.2619
57,1,1,573,6.0314
57,1,1,574,7.1223
57,1,1,575,6.6032
57,1,1,576,6.3533
57,1,1,577,6.5939
57,1,1,578,5.384
57,1,1,579,6.3904
57,1,1,580,6.7505
57,1,1,581,6.6491
57,1,1,582,6.6264
57,1,1,583,6.9299
57,1,1,584,7.2942
57,1,1,585,8.499
57,1,1,586,6.823
57,1,1,587,5.5424
57,1,1,588,9.4832
57,1,1,589,9.175
57,1,1,590,9.4454
57,1,1,591,7.2166
57,1,1,592,9.752
57,1,1,593,9.824
57,1,1,594,9.7155
57,1,1,595,7.0933
57,1,1,596,6.6526
57,1,1,597,6.8701
57,1,1,598,8.0926
57,1,1,599,8.1645
57,1,1,600,7.7522
57,1,1,601,7.8013
57,1,1,602,6.642
57,1,1,603,6.5993
57,1,1,604,6.6313
57,1,1,605,6.705
57,1,1,606,6.6149
57,1,1,607,6.5954
57,1,1,608,6.6302
57,1,1,609,6.6079
57,1,1,610,6.5792
57,1,1,611,6.5187
57,1,1,612,6.5818
57,1,1,613,6.6081
57,1,1,614,6.3118
57,1,1,615,6.6065
57,1,1,616,6.5517
57,1,1,617,6.4787
57,1,1,618,6.5654
57,1,1,619,6.6464
57,1,1,620,6.616
57,1,1,621,6.5994
57,1,1,622,6.2958
57,1,1,623,6.2032
57,1,1,624,6.8999
57,1,1,625,6.8368
57,1,1,626,6.839
57,1,1,627,6.7505
57,1,1,628,6.7783
57,1,1,629,6.7003
57,1,1,630,6.6944
57,1,1,631,6.8289
57,1,1,632,6.7652
57,1,1,633,6.5589
57,1,1,634,6.3778
57,1,1,635,6.6228
57,1,1,636,6.5881
57,1,1,637,7.363
57,1,1,638,7.6409
57,1,1,639,6.7075
57,1,1,640,7.2552
57,1,1,641,8.3273
57,1,1,642,6.6769
57,1,1,643,6.9514
57,1,1,644,6.4279
57,1,1,645,7.7715
57,1,1,646,9.1182
57,1,1,647,10.9305
57,1,1,648,9.926
57,1,1,649,9.348
57,1,1,650,8.7887
57,1,1,651,8.3996
57,1,1,652,7.8977
57,1,1,653,7.5992
57,1,1,654,6.8213
57,1,1,655,6.6274
57,1,1,656,6.5437
57,1,1,657,6.2867
57,1,1,658,6.7455
57,1,1,659,6.9059
57,1,1,660,6.7624
57,1,1,661,7.8399
57,1,1,662,7.1993
57,1,1,663,8.1507
57,1,1,664,7.9999
57,1,1,665,9.5929
57,1,1,666,8.7423
57,1,1,667,6.6559
57,1,1,668,6.5056
57,1,1,669,7.0174
57,1,1,670,6.5196
57,1,1,671,6.4736
57,1,1,672,6.5698
57,1,1,673,8.0672
57,1,1,674,7.4928
57,1,1,675,6.6593
57,1,1,676,6.4088
57,1,1,677,6.479
57,1,1,678,6.2218
57,1,1,679,6.4855
57,1,1,680,6.5087
57,1,1,681,6.4993
57,1,1,682,6.5037
57,1,1,683,6.599
57,1,1,684,7.8243
57,1,1,685,7.8751
57,1,1,686,7.7795
57,1,1,687,8.2783
57,1,1,688,9.4538
57,1,1,689,8.9938
57,1,1,690,10.3142
57,1,1,691,8.822
57,1,1,692,8.6673
57,1,1,693,8.5431
57,1,1,694,8.3847
57,1,1,695,8.577
57,1,1,696,8.6233
57,1,1,697,8.7734
57,1,1,698,11.108
57,1,1,699,10.3237
57,1,1,700,11.2279
57,1,1,701,10.8281
57,1,1,702,10.7239
57,1,1,703,10.4341
57,1,1,704,11.2728
57,1,1,705,11.3819
57,1,1,706,10.8682
57,1,1,707,10.1542
57,1,1,708,10.6976
57,1,1,709,10.3066
57,1,1,710,12.3997
57,1,1,711,11.2827
57,1,1,712,9.3137
57,1,1,713,8.6793
57,1,1,714,8.7307
57,1,1,715,8.6762
57,1,1,716,8.6324
57,1,1,717,8.5908
57,1,1,718,8.6615
57,1,1,719,8.6716
57,1,1,720,8.7258
57,1,1,721,11.3769
57,1,1,722,8.8697
57,1,1,723,10.2712
57,1,1,724,10.0745
57,1,1,725,8.7229
57,1,1,726,9.5269
57,1,1,727,8.7394
57,1,1,728,10.0819
57,1,1,729,10.1278
57,1,1,730,9.9669
57,1,1,731,11.0396
57,1,1,732,16.8555
57,1,1,733,15.4041
57,1,1,734,13.1097
57,1,1,735,9.5986
57,1,1,736,8.4183
57,1,1,737,8.682
57,1,1,738,8.7066
57,1,1,739,8.7731
57,1,1,740,8.7579
57,1,1,741,8.8429
57,1,1,742,8.2985
57,1,1,743,9.024
57,1,1,744,9.5439
57,1,1,745,9.6825
57,1,1,746,12.8123
57,1,1,747,12.8729
57,1,1,748,12.1699
57,1,1,749,10.1619
57,1,1,750,8.8113
57,1,1,751,8.7451
57,1,1,752,10.1299
57,1,1,753,12.9369
57,1,1,754,13.6177
57,1,1,755,13.0082
57,1,1,756,13.1302
57,1,1,757,13.9134
57,1,1,758,14.4719
57,1,1,759,12.1831
57,1,1,760,13.1745
57,1,1,761,11.7139
57,1,1,762,11.8038
57,1,1,763,9.2741
57,1,1,764,12.1795
57,1,1,765,11.4141
57,1,1,766,8.2915
57,1,1,767,10.2708
57,1,1,768,12.2461
57,1,1,769,9.7667
57,1,1,770,12.2977
57,1,1,771,12.5
57,1,1,772,11.4375
57,1,1,773,9.1582
57,1,1,774,12.3675
57,1,1,775,11.2923
57,1,1,776,10.7068
57,1,1,777,11.3319
57,1,1,778,11.561
57,1,1,779,12.6074
57,1,1,780,12.5902
57,1,1,781,12.4486
57,1,1,782,9.8916
57,1,1,783,8.8086
57,1,1,784,7.7098
57,1,1,785,9.1307
57,1,1,786,10.361
57,1,1,787,11.5984
57,1,1,788,12.7346
57,1,1,789,9.0938
57,1,1,790,8.364
57,1,1,791,8.6036
57,1,1,792,8.594
57,1,1,793,11.2987
57,1,1,794,14.6888
57,1,1,795,15.1703
57,1,1,796,16.8234
57,1,1,797,17.8272
57,1,1,798,16.6759
57,1,1,799,10.7335
57,1,1,800,9.4677
57,1,1,801,11.0821
57,1,1,802,10.6909
57,1,1,803,14.6419
57,1,1,804,11.706
57,1,1,805,15.247
57,1,1,806,11.1193
57,1,1,807,11.2236
57,1,1,808,9.3754
57,1,1,809,9.6074
57,1,1,810,8.364
57,1,1,811,8.8345
57,1,1,812,9.2518
57,1,1,813,9.3501
57,1,1,814,9.4035
57,1,1,815,9.3181
57,1,1,816,9.1918
57,1,1,817,9.0646
57,1,1,818,9.0885
57,1,1,819,8.2849
57,1,1,820,7.6031
57,1,1,821,11.1198
57,1,1,822,11.9705
57,1,1,823,10.5351
57,1,1,824,11.0029
57,1,1,825,10.9078
57,1,1,826,9.3929
57,1,1,827,8.4192
57,1,1,828,10.9779
57,1,1,829,10.4801
57,1,1,830,10.6326
57,1,1,831,9.3968
57,1,1,832,10.9189
57,1,1,833,11.2005
57,1,1,834,11.2656
57,1,1,835,11.3905
57,1,1,836,10.8066
57,1,1,837,10.6339
57,1,1,838,9.0926
57,1,1,839,8.2756
57,1,1,840,8.3138
57,1,1,841,8.4393
57,1,1,842,9.405
57,1,1,843,10.6795
57,1,1,844,8.5327
57,1,1,845,8.0098
57,1,1,846,8.2769
57,1,1,847,8.5762
57,1,1,848,8.7012
57,1,1,849,8.5822
57,1,1,850,8.565
57,1,1,851,8.5533
57,1,1,852,8.0325
57,1,1,853,7.9655
57,1,1,854,8.4598
57,1,1,855,8.6801
57,1,1,856,7.6609
57,1,1,857,8.6437
57,1,1,858,8.3115
57,1,1,859,7.8357
57,1,1,860,8.734
57,1,1,861,7.4219
57,1,1,862,8.8869
57,1,1,863,8.5766
57,1,1,864,8.2403
57,1,1,865,8.4846
57,1,1,866,7.9425
57,1,1,867,7.9448
57,1,1,868,8.2531
57,1,1,869,8.3622
57,1,1,870,8.5753
57,1,1,871,8.0579
57,1,1,872,8.364
57,1,1,873,8.0707
57,1,1,874,8.5745
57,1,1,875,8.6252
57,1,1,876,7.7209
57,1,1,877,8.1212
57,1,1,878,8.1039
57,1,1,879,8.2369
57,1,1,880,7.8532
57,1,1,881,8.4573
57,1,1,882,8.6106
57,1,1,883,8.6364
57,1,1,884,8.5834
57,1,1,885,8.3042
57,1,1,886,7.6403
57,1,1,887,8.7563
57,1,1,888,8.8453
57,1,1,889,8.3333
57,1,1,890,8.015
57,1,1,891,8.4572
57,1,1,892,6.9305
57,1,1,893,8.4203
57,1,1,894,8.1423
57,1,1,895,8.5831
57,1,1,896,8.7166
57,1,1,897,8.337
57,1,1,898,8.5413
57,1,1,899,8.0538
57,1,1,900,8.3574
57,1,2,1,32.7825
57,1,2,2,42.9688
57,1,2,3,44.1195
57,1,2,4,39.3495
57,1,2,5,54.2683
57,1,2,6,50.2345
57,1,2,7,61.658
57,1,2,8,70.4775
57,1,2,9,61.952
57,1,2,10,53.7553
57,1,2,11,42.9721
57,1,2,12,43.6584
57,1,2,13,50.8472
57,1,2,14,38.4993
57,1,2,15,44.015
57,1,2,16,39.6836
57,1,2,17,38.0902
57,1,2,18,43.7559
57,1,2,19,44.5004
57,1,2,20,41.8583
57,1,2,21,46.1959
57,1,2,22,39.1949
57,1,2,23,50.1237
57,1,2,24,53.2418
57,1,2,25,44.6625
57,1,2,26,37.6946
57,1,2,27,34.984
57,1,2,28,36.3199
57,1,2,29,40.7444
57,1,2,30,40.3801
57,1,2,31,42.2952
57,1,2,32,39.2533
57,1,2,33,39.6617
57,1,2,34,40.4852
57,1,2,35,42.3368
57,1,2,36,40.4025
57,1,2,37,45.2844
57,1,2,38,39.043
57,1,2,39,47.9449
57,1,2,40,50.8235
57,1,2,41,51.3301
57,1,2,42,38.0918
57,1,2,43,38.137
57,1,2,44,42.665
57,1,2,45,44.7012
57,1,2,46,41.3901
57,1,2,47,42.9276
57,1,2,48,44.5172
57,1,2,49,46.9532
57,1,2,50,46.5379
57,1,2,51,41.3424
57,1,2,52,42.7604
57,1,2,53,42.4309
57,1,2,54,42.1898
57,1,2,55,42.3602
57,1,2,56,43.1774
57,1,2,57,39.8151
57,1,2,58,39.6201
57,1,2,59,45.1252
57,1,2,60,40.21
57,1,2,61,45.7227
57,1,2,62,47.9768
57,1,2,63,43.9442
57,1,2,64,51.5488
57,1,2,65,43.9857
57,1,2,66,37.9806
57,1,2,67,40.8632
57,1,2,68,40.4043
57,1,2,69,39.299
57,1,2,70,33.1205
57,1,2,71,39.5187
57,1,2,72,38.1238
57,1,2,73,37.358
57,1,2,74,47.2835
57,1,2,75,44.5489
57,1,2,76,41.7066
57,1,2,77,38.8061
57,1,2,78,42.1019
57,1,2,79,43.3888
57,1,2,80,40.342
57,1,2,81,42.5456
57,1,2,82,44.265
57,1,2,83,36.8744
57,1,2,84,29.4428
57,1,2,85,46.4137
57,1,2,86,45.3599
57,1,2,87,42.3668
57,1,2,88,46.4595
57,1,2,89,54.2949
57,1,2,90,32.9749
57,1,2,91,30.9303
57,1,2,92,30.1253
57,1,2,93,30.9406
57,1,2,94,40.1135
57,1,2,95,38.9418
57,1,2,96,37.0578
57,1,2,97,40.1465
57,1,2,98,36.1123
57,1,2,99,31.2963
57,1,2,100,36.6947
57,1,2,101,37.2153
57,1,2,102,37.7325
57,1,2,103,30.277
57,1,2,104,28.0155
57,1,2,105,37.8393
57,1,2,106,38.2791
57,1,2,107,37.2237
57,1,2,108,43.6269
57,1,2,109,39.946
57,1,2,110,39.4976
57,1,2,111,40.8004
57,1,2,112,43.1096
57,1,2,113,39.2429
57,1,2,114,35.1033
57,1,2,115,37.5428
57,1,2,116,35.87
57,1,2,117,44.3233
57,1,2,118,37.1321
57,1,2,119,34.5987
57,1,2,120,35.1606
57,1,2,121,37.0816
57,1,2,122,32.903
57,1,2,123,33.0655
57,1,2,124,30.3785
57,1,2,125,28.262
57,1,2,126,30.1241
57,1,2,127,33.1574
57,1,2,128,32.5416
57,1,2,129,26.4569
57,1,2,130,28.3665
57,1,2,131,29.76
57,1,2,132,28.6038
57,1,2,133,27.543
57,1,2,134,31.0961
57,1,2,135,35.8809
57,1,2,136,35.41
57,1,2,137,31.5817
57,1,2,138,32.9839
57,1,2,139,32.3795
57,1,2,140,27.9895
57,1,2,141,27.7596
57,1,2,142,26.187
57,1,2,143,25.516
57,1,2,144,27.2271
57,1,2,145,27.7625
57,1,2,146,28.1201
57,1,2,147,26.7654
57,1,2,148,26.2148
57,1,2,149,31.5627
57,1,2,150,38.3069
57,1,2,151,30.8737
57,1,2,152,22.6833
57,1,2,153,23.4748
57,1,2,154,23.7525
57,1,2,155,25.5753
57,1,2,156,29.3456
57,1,2,157,26.7477
57,1,2,158,27.6847
57,1,2,159,27.399
57,1,2,160,29.6696
57,1,2,161,33.5811
57,1,2,162,29.3082
57,1,2,163,25.4143
57,1,2,164,22.8275
57,1,2,165,19.5144
57,1,2,166,20.5587
57,1,2,167,20.2956
57,1,2,168,21.9979
57,1,2,169,18.0204
57,1,2,170,23.9873
57,1,2,171,25.2695
57,1,2,172,26.1864
57,1,2,173,25.9112
57,1,2,174,27.2939
57,1,2,175,23.0031
57,1,2,176,43.0577
57,1,2,177,26.8144
57,1,2,178,26.8399
57,1,2,179,30.8661
57,1,2,180,26.1751
57,1,2,181,27.6073
57,1,2,182,32.6815
57,1,2,183,38.1531
57,1,2,184,32.8445
57,1,2,185,27.8923
57,1,2,186,35.2148
57,1,2,187,31.6351
57,1,2,188,34.9943
57,1,2,189,23.7139
57,1,2,190,32.3463
57,1,2,191,31.9843
57,1,2,192,29.2134
57,1,2,193,26.0884
57,1,2,194,29.4382
57,1,2,195,35.2929
57,1,2,196,37.9624
57,1,2,197,28.7883
57,1,2,198,28.4742
57,1,2,199,28.663
57,1,2,200,28.8574
57,1,2,201,33.0592
57,1,2,202,30.567
57,1,2,203,28.7756
57,1,2,204,24.8568
57,1,2,205,36.587
57,1,2,206,34.8011
57,1,2,207,23.5566
57,1,2,208,27.8095
57,1,2,209,32.2861
57,1,2,210,35.3225
57,1,2,211,32.1514
57,1,2,212,35.0637
57,1,2,213,32.3259
57,1,2,214,36.0638
57,1,2,215,34.8157
57,1,2,216,29.2504
57,1,2,217,33.5088
57,1,2,218,38.7949
57,1,2,219,44.7039
57,1,2,220,31.3374
57,1,2,221,26.742
57,1,2,222,24.8624
57,1,2,223,20.1633
57,1,2,224,25.6635
57,1,2,225,24.325
57,1,2,226,30.6896
57,1,2,227,22.0137
57,1,2,228,28.6259
57,1,2,229,31.241
57,1,2,230,28.634
57,1,2,231,21.6718
57,1,2,232,23.9362
57,1,2,233,23.5672
57,1,2,234,30.2257
57,1,2,235,23.0381
57,1,2,236,23.863
57,1,2,237,22.4456
57,1,2,238,22.6069
57,1,2,239,26.4624
57,1,2,240,24.7971
57,1,2,241,24.7487
57,1,2,242,27.7459
57,1,2,243,20.9835
57,1,2,244,21.282
57,1,2,245,20.3332
57,1,2,246,20.4038
57,1,2,247,20.353
57,1,2,248,22.8858
57,1,2,249,25.3526
57,1,2,250,24.3022
57,1,2,251,26.1889
57,1,2,252,31.2395
57,1,2,253,30.5321
57,1,2,254,31.3138
57,1,2,255,33.4669
57,1,2,256,38.1826
57,1,2,257,28.7719
57,1,2,258,25.6868
57,1,2,259,23.4064
57,1,2,260,8.3236
57,1,2,261,6.5914
57,1,2,262,5.2836
57,1,2,263,6.2309
57,1,2,264,5.0966
57,1,2,265,5.6587
57,1,2,266,6.0544
57,1,2,267,5.9032
57,1,2,268,7.0553
57,1,2,269,8.135
57,1,2,270,5.5015
57,1,2,271,6.5025
57,1,2,272,6.1493
57,1,2,273,6.4533
57,1,2,274,6.8063
57,1,2,275,5.9581
57,1,2,276,6.3307
57,1,2,277,5.8847
57,1,2,278,5.3494
57,1,2,279,5.5857
57,1,2,280,5.955
57,1,2,281,6.0864
57,1,2,282,5.281
57,1,2,283,6.4897
57,1,2,284,6.7998
57,1,2,285,5.6306
57,1,2,286,6.0165
57,1,2,287,5.7905
57,1,2,288,6.9947
57,1,2,289,5.9642
57,1,2,290,5.6968
57,1,2,291,6.3744
57,1,2,292,5.5645
57,1,2,293,6.4427
57,1,2,294,6.5148
57,1,2,295,6.2207
57,1,2,296,6.0033
57,1,2,297,5.9732
57,1,2,298,5.5068
57,1,2,299,6.2014
57,1,2,300,7.6918
57,1,2,301,8.6895
57,1,2,302,8.9962
57,1,2,303,6.8785
57,1,2,304,7.8555
57,1,2,305,8.5039
57,1,2,306,7.5418
57,1,2,307,6.0197
57,1,2,308,6.7829
57,1,2,309,7.1622
57,1,2,310,5.5539
57,1,2,311,6.2685
57,1,2,312,7.6574
57,1,2,313,10.1713
57,1,2,314,9.3442
57,1,2,315,9.0044
57,1,2,316,10.0306
57,1,2,317,8.456
57,1,2,318,6.9845
57,1,2,319,5.6889
57,1,2,320,7.186
57,1,2,321,8.2586
57,1,2,322,9.8206
57,1,2,323,8.4294
57,1,2,324,6.4422
57,1,2,325,6.2577
57,1,2,326,6.068
57,1,2,327,6.095
57,1,2,328,6.6748
57,1,2,329,6.6164
57,1,2,330,6.4776
57,1,2,331,5.9428
57,1,2,332,6.4597
57,1,2,333,6.543
57,1,2,334,6.0643
57,1,2,335,6.4768
57,1,2,336,6.6218
57,1,2,337,6.6552
57,1,2,338,6.6344
57,1,2,339,6.6031
57,1,2,340,6.6303
57,1,2,341,6.5246
57,1,2,342,6.2572
57,1,2,343,6.6163
57,1,2,344,6.6585
57,1,2,345,6.5991
57,1,2,346,6.5437
57,1,2,347,6.5642
57,1,2,348,8.2901
57,1,2,349,8.3092
57,1,2,350,8.2286
57,1,2,351,6.8653
57,1,2,352,6.1275
57,1,2,353,7.2318
57,1,2,354,6.5572
57,1,2,355,5.9019
57,1,2,356,8.8016
57,1,2,357,7.5492
57,1,2,358,5.3083
57,1,2,359,4.9085
57,1,2,360,5.5978
57,1,2,361,6.5942
57,1,2,362,5.9736
57,1,2,363,6.5997
57,1,2,364,6.1115
57,1,2,365,6.471
57,1,2,366,6.6058
57,1,2,367,6.1176
57,1,2,368,6.4786
57,1,2,369,5.439
57,1,2,370,6.6209
57,1,2,371,6.4622
57,1,2,372,6.2068
57,1,2,373,7.2636
57,1,2,374,6.9876
57,1,2,375,6.6916
57,1,2,376,6.4514
57,1,2,377,6.6189
57,1,2,378,6.8371
57,1,2,379,5.4843
57,1,2,380,6.5566
57,1,2,381,7.0668
57,1,2,382,6.0192
57,1,2,383,7.2131
57,1,2,384,6.0351
57,1,2,385,7.4852
57,1,2,386,6.0789
57,1,2,387,10.5797
57,1,2,388,11.3079
57,1,2,389,8.7115
57,1,2,390,9.0356
57,1,2,391,9.7791
57,1,2,392,5.5275
57,1,2,393,6.2516
57,1,2,394,6.0711
57,1,2,395,6.2834
57,1,2,396,6.4613
57,1,2,397,8.5533
57,1,2,398,8.6697
57,1,2,399,8.7931
57,1,2,400,5.7632
57,1,2,401,6.9067
57,1,2,402,6.4696
57,1,2,403,7.867
57,1,2,404,10.5996
57,1,2,405,10.819
57,1,2,406,11.9201
57,1,2,407,8.4581
57,1,2,408,7.5553
57,1,2,409,7.3568
57,1,2,410,9.8137
57,1,2,411,7.1682
57,1,2,412,7.3989
57,1,2,413,7.397
57,1,2,414,7.0946
57,1,2,415,5.9346
57,1,2,416,6.6621
57,1,2,417,6.8525
57,1,2,418,6.8096
57,1,2,419,7.746
57,1,2,420,6.9315
57,1,2,421,6.669
57,1,2,422,9.1938
57,1,2,423,7.3553
57,1,2,424,6.6265
57,1,2,425,6.5694
57,1,2,426,6.6613
57,1,2,427,6.5651
57,1,2,428,6.5779
57,1,2,429,6.649
57,1,2,430,6.3637
57,1,2,431,6.0914
57,1,2,432,6.8779
57,1,2,433,7.4509
57,1,2,434,8.4313
57,1,2,435,8.9994
57,1,2,436,9.1915
57,1,2,437,9.0435
57,1,2,438,7.2798
57,1,2,439,8.8256
57,1,2,440,9.0811
57,1,2,441,7.1501
57,1,2,442,6.9289
57,1,2,443,7.0301
57,1,2,444,9.7906
57,1,2,445,7.8524
57,1,2,446,6.5928
57,1,2,447,6.7452
57,1,2,448,7.6178
57,1,2,449,7.8383
57,1,2,450,7.8847
57,1,2,451,7.9164
57,1,2,452,7.966
57,1,2,453,8.1371
57,1,2,454,7.279
57,1,2,455,6.6325
57,1,2,456,6.6647
57,1,2,457,6.7351
57,1,2,458,6.6223
57,1,2,459,6.5774
57,1,2,460,6.535
57,1,2,461,6.6139
57,1,2,462,6.6493
57,1,2,463,6.6778
57,1,2,464,5.8833
57,1,2,465,6.3805
57,1,2,466,6.5798
57,1,2,467,6.0249
57,1,2,468,6.3964
57,1,2,469,6.038
57,1,2,470,6.3829
57,1,2,471,6.9237
57,1,2,472,5.8583
57,1,2,473,6.6354
57,1,2,474,5.9198
57,1,2,475,5.8679
57,1,2,476,6.6325
57,1,2,477,6.2853
57,1,2,478,6.5585
57,1,2,479,7.3874
57,1,2,480,10.6826
57,1,2,481,8.7291
57,1,2,482,7.0271
57,1,2,483,6.7185
57,1,2,484,8.6949
57,1,2,485,6.9263
57,1,2,486,7.8504
57,1,2,487,8.1202
57,1,2,488,10.2622
57,1,2,489,7.7979
57,1,2,490,7.607
57,1,2,491,6.3757
57,1,2,492,6.0659
57,1,2,493,6.6437
57,1,2,494,6.0182
57,1,2,495,9.0538
57,1,2,496,9.728
57,1,2,497,8.9407
57,1,2,498,7.7372
57,1,2,499,6.6984
57,1,2,500,6.6706
57,1,2,501,6.5248
57,1,2,502,5.8293
57,1,2,503,6.301
57,1,2,504,6.4223
57,1,2,505,6.39
57,1,2,506,6.0491
57,1,2,507,6.6005
57,1,2,508,6.5945
57,1,2,509,6.7879
57,1,2,510,8.7673
57,1,2,511,9.7827
57,1,2,512,7.8061
57,1,2,513,8.1558
57,1,2,514,7.3541
57,1,2,515,8.7077
57,1,2,516,9.1387
57,1,2,517,9.1585
57,1,2,518,8.8314
57,1,2,519,6.8808
57,1,2,520,6.5791
57,1,2,521,6.6376
57,1,2,522,6.2513
57,1,2,523,6.1086
57,1,2,524,5.5554
57,1,2,525,6.1585
57,1,2,526,9.881
57,1,2,527,9.0144
57,1,2,528,10.2219
57,1,2,529,7.7327
57,1,2,530,8.5524
57,1,2,531,9.3031
57,1,2,532,7.8972
57,1,2,533,8.2469
57,1,2,534,6.7479
57,1,2,535,6.0747
57,1,2,536,6.2242
57,1,2,537,6.0479
57,1,2,538,6.6169
57,1,2,539,6.0721
57,1,2,540,6.4108
57,1,2,541,6.2736
57,1,2,542,6.5085
57,1,2,543,6.4761
57,1,2,544,5.7287
57,1,2,545,6.1555
57,1,2,546,6.5711
57,1,2,547,4.7775
57,1,2,548,9.3158
57,1,2,549,8.0759
57,1,2,550,9.7562
57,1,2,551,11.2425
57,1,2,552,9.9523
57,1,2,553,7.411
57,1,2,554,6.2574
57,1,2,555,8.6266
57,1,2,556,8.8383
57,1,2,557,9.7322
57,1,2,558,9.1134
57,1,2,559,6.989
57,1,2,560,6.5192
57,1,2,561,6.8906
57,1,2,562,5.4932
57,1,2,563,6.2695
57,1,2,564,6.0998
57,1,2,565,5.5811
57,1,2,566,6.6359
57,1,2,567,6.6349
57,1,2,568,6.6093
57,1,2,569,6.5506
57,1,2,570,6.5816
57,1,2,571,6.6264
57,1,2,572,6.5314
57,1,2,573,6.6143
57,1,2,574,6.0496
57,1,2,575,6.635
57,1,2,576,5.915
57,1,2,577,6.3189
57,1,2,578,6.6278
57,1,2,579,6.3003
57,1,2,580,6.3418
57,1,2,581,6.4675
57,1,2,582,6.3978
57,1,2,583,6.6871
57,1,2,584,6.4011
57,1,2,585,6.5558
57,1,2,586,6.3425
57,1,2,587,6.5688
57,1,2,588,6.6553
57,1,2,589,6.6386
57,1,2,590,6.5887
57,1,2,591,6.6195
57,1,2,592,6.6784
57,1,2,593,6.796
57,1,2,594,6.6896
57,1,2,595,6.5036
57,1,2,596,7.243
57,1,2,597,6.7094
57,1,2,598,6.6138
57,1,2,599,6.2017
57,1,2,600,6.3562
57,1,2,601,7.4297
57,1,2,602,8.0592
57,1,2,603,8.6516
57,1,2,604,7.0562
57,1,2,605,8.3038
57,1,2,606,8.3956
57,1,2,607,9.3551
57,1,2,608,8.4323
57,1,2,609,6.9041
57,1,2,610,6.6424
57,1,2,611,6.6448
57,1,2,612,6.1534
57,1,2,613,6.377
57,1,2,614,6.5735
57,1,2,615,6.1594
57,1,2,616,6.6203
57,1,2,617,6.2317
57,1,2,618,5.7434
57,1,2,619,6.6201
57,1,2,620,6.6998
57,1,2,621,6.6512
57,1,2,622,7.0903
57,1,2,623,7.9091
57,1,2,624,7.7243
57,1,2,625,6.6945
57,1,2,626,5.9856
57,1,2,627,5.7328
57,1,2,628,5.9539
57,1,2,629,5.9567
57,1,2,630,5.5667
57,1,2,631,5.4547
57,1,2,632,5.0492
57,1,2,633,6.6352
57,1,2,634,6.259
57,1,2,635,8.2765
57,1,2,636,6.4326
57,1,2,637,6.2445
57,1,2,638,5.3558
57,1,2,639,5.6591
57,1,2,640,6.907
57,1,2,641,7.2736
57,1,2,642,5.2698
57,1,2,643,6.0643
57,1,2,644,6.743
57,1,2,645,5.5757
57,1,2,646,6.6215
57,1,2,647,5.3659
57,1,2,648,5.6478
57,1,2,649,5.7122
57,1,2,650,5.3303
57,1,2,651,5.564
57,1,2,652,7.1368
57,1,2,653,6.6502
57,1,2,654,6.2071
57,1,2,655,5.7362
57,1,2,656,6.4149
57,1,2,657,5.9109
57,1,2,658,6.3498
57,1,2,659,5.3529
57,1,2,660,5.8479
57,1,2,661,8.2296
57,1,2,662,7.246
57,1,2,663,6.2332
57,1,2,664,5.8045
57,1,2,665,7.9822
57,1,2,666,6.1539
57,1,2,667,7.4961
57,1,2,668,5.6087
57,1,2,669,10.5784
57,1,2,670,11.397
57,1,2,671,9.545
57,1,2,672,7.4769
57,1,2,673,11.578
57,1,2,674,10.1211
57,1,2,675,6.5353
57,1,2,676,8.6417
57,1,2,677,9.3325
57,1,2,678,9.1415
57,1,2,679,8.9325
57,1,2,680,7.7496
57,1,2,681,8.4571
57,1,2,682,5.962
57,1,2,683,6.5779
57,1,2,684,6.7465
57,1,2,685,6.1417
57,1,2,686,6.508
57,1,2,687,6.6341
57,1,2,688,6.503
57,1,2,689,6.2109
57,1,2,690,6.4174
57,1,2,691,6.4683
57,1,2,692,5.3245
57,1,2,693,6.3296
57,1,2,694,6.3855
57,1,2,695,5.9208
57,1,2,696,6.4211
57,1,2,697,6.039
57,1,2,698,6.2015
57,1,2,699,8.0715
57,1,2,700,8.8786
57,1,2,701,9.4678
57,1,2,702,12.2697
57,1,2,703,10.3842
57,1,2,704,8.5167
57,1,2,705,8.5205
57,1,2,706,9.17
57,1,2,707,8.6735
57,1,2,708,8.6066
57,1,2,709,8.6515
57,1,2,710,8.7248
57,1,2,711,8.4224
57,1,2,712,8.6279
57,1,2,713,8.2014
57,1,2,714,8.8157
57,1,2,715,9.2632
57,1,2,716,9.4242
57,1,2,717,9.7342
57,1,2,718,9.7514
57,1,2,719,9.6481
57,1,2,720,8.8843
57,1,2,721,8.291
57,1,2,722,9.1011
57,1,2,723,9.0044
57,1,2,724,8.951
57,1,2,725,7.6462
57,1,2,726,8.8029
57,1,2,727,8.6118
57,1,2,728,8.612
57,1,2,729,8.9147
57,1,2,730,8.7959
57,1,2,731,8.9445
57,1,2,732,8.9219
57,1,2,733,8.999
57,1,2,734,8.4127
57,1,2,735,8.8381
57,1,2,736,8.8666
57,1,2,737,7.9915
57,1,2,738,8.2988
57,1,2,739,9.0325
57,1,2,740,8.2457
57,1,2,741,8.4571
57,1,2,742,9.298
57,1,2,743,8.9836
57,1,2,744,8.124
57,1,2,745,7.7241
57,1,2,746,8.8207
57,1,2,747,8.8276
57,1,2,748,8.2561
57,1,2,749,8.7818
57,1,2,750,8.7698
57,1,2,751,8.5092
57,1,2,752,8.7796
57,1,2,753,9.0481
57,1,2,754,8.2077
57,1,2,755,8.4736
57,1,2,756,8.481
57,1,2,757,8.8085
57,1,2,758,8.0659
57,1,2,759,8.6501
57,1,2,760,7.7612
57,1,2,761,8.5508
57,1,2,762,8.2111
57,1,2,763,7.648
57,1,2,764,8.6101
57,1,2,765,8.5345
57,1,2,766,8.3277
57,1,2,767,8.6156
57,1,2,768,8.7737
57,1,2,769,8.066
57,1,2,770,8.8432
57,1,2,771,9.2393
57,1,2,772,10.574
57,1,2,773,8.3501
57,1,2,774,7.8703
57,1,2,775,7.8127
57,1,2,776,8.795
57,1,2,777,8.9817
57,1,2,778,8.823
57,1,2,779,8.8549
57,1,2,780,8.495
57,1,2,781,7.8798
57,1,2,782,8.5544
57,1,2,783,8.8978
57,1,2,784,8.7673
57,1,2,785,8.3274
57,1,2,786,8.8231
57,1,2,787,8.8217
57,1,2,788,12.6117
57,1,2,789,12.0878
57,1,2,790,7.6649
57,1,2,791,14.7326
57,1,2,792,13.8985
57,1,2,793,15.3337
57,1,2,794,13.4117
57,1,2,795,12.7871
57,1,2,796,13.171
57,1,2,797,11.8865
57,1,2,798,12.7314
57,1,2,799,11.1699
57,1,2,800,11.6665
57,1,2,801,11.6164
57,1,2,802,11.5711
57,1,2,803,11.8645
57,1,2,804,10.2184
57,1,2,805,8.4866
57,1,2,806,7.9008
57,1,2,807,8.2714
57,1,2,808,8.1166
57,1,2,809,11.2876
57,1,2,810,7.2422
57,1,2,811,8.882
57,1,2,812,10.47
57,1,2,813,10.0666
57,1,2,814,9.8814
57,1,2,815,8.768
57,1,2,816,8.8832
57,1,2,817,8.2682
57,1,2,818,8.4568
57,1,2,819,8.3026
57,1,2,820,7.9101
57,1,2,821,8.6754
57,1,2,822,7.9972
57,1,2,823,8.6116
57,1,2,824,8.7933
57,1,2,825,12.0387
57,1,2,826,11.6116
57,1,2,827,8.4462
57,1,2,828,8.7016
57,1,2,829,8.0049
57,1,2,830,8.6113
57,1,2,831,8.7545
57,1,2,832,8.8677
57,1,2,833,11.468
57,1,2,834,12.0611
57,1,2,835,10.6106
57,1,2,836,11.1377
57,1,2,837,11.7193
57,1,2,838,11.3445
57,1,2,839,11.0228
57,1,2,840,10.8283
57,1,2,841,9.7545
57,1,2,842,9.2851
57,1,2,843,10.6801
57,1,2,844,10.5071
57,1,2,845,10.4467
57,1,2,846,7.7988
57,1,2,847,8.1003
57,1,2,848,10.5628
57,1,2,849,9.7434
57,1,2,850,8.7379
57,1,2,851,9.2223
57,1,2,852,9.4398
57,1,2,853,10.9694
57,1,2,854,12.8196
57,1,2,855,13.2773
57,1,2,856,14.0601
57,1,2,857,13.14
57,1,2,858,13.9129
57,1,2,859,14.7379
57,1,2,860,13.7588
57,1,2,861,9.4094
57,1,2,862,8.8059
57,1,2,863,8.4669
57,1,2,864,8.9284
57,1,2,865,9.0969
57,1,2,866,8.838
57,1,2,867,8.9772
57,1,2,868,7.6827
57,1,2,869,8.7868
57,1,2,870,8.241
57,1,2,871,7.1213
57,1,2,872,8.6723
57,1,2,873,7.9773
57,1,2,874,8.0416
57,1,2,875,9.0986
57,1,2,876,10.9342
57,1,2,877,11.3255
57,1,2,878,8.7253
57,1,2,879,8.7698
57,1,2,880,7.521
57,1,2,881,9.3271
57,1,2,882,7.164
57,1,2,883,8.8706
57,1,2,884,8.7725
57,1,2,885,10.3224
57,1,2,886,11.491
57,1,2,887,11.8319
57,1,2,888,11.5404
57,1,2,889,10.6552
57,1,2,890,8.7965
57,1,2,891,12.9561
57,1,2,892,12.2753
57,1,2,893,10.0086
57,1,2,894,10.5061
57,1,2,895,12.8862
57,1,2,896,12.0297
57,1,2,897,8.8471
57,1,2,898,8.2843
57,1,2,899,8.2981
57,1,2,900,8.5666
57,2,0,1,16.0528
57,2,0,2,18.5596
57,2,0,3,19.0535
57,2,0,4,20.853
57,2,0,5,21.2349
57,2,0,6,16.0514
57,2,0,7,19.8753
57,2,0,8,22.9011
57,2,0,9,24.4378
57,2,0,10,20.935
57,2,0,11,20.7534
57,2,0,12,21.3192
57,2,0,13,20.1683
57,2,0,14,20.215
57,2,0,15,21.0353
57,2,0,16,22.0034
57,2,0,17,20.4346
57,2,0,18,20.8119
57,2,0,19,19.7323
57,2,0,20,21.4488
57,2,0,21,20.9545
57,2,0,22,19.7343
57,2,0,23,20.1119
57,2,0,24,21.8846
57,2,0,25,21.4889
57,2,0,26,20.2075
57,2,0,27,22.9475
57,2,0,28,23.8257
57,2,0,29,22.3126
57,2,0,30,21.2627
57,2,0,31,19.3282
57,2,0,32,22.3775
57,2,0,33,21.887
57,2,0,34,19.3923
57,2,0,35,20.6048
57,2,0,36,20.785
57,2,0,37,21.7302
57,2,0,38,22.4007
57,2,0,39,19.4982
57,2,0,40,22.3742
57,2,0,41,24.2579
57,2,0,42,17.7727
57,2,0,43,17.6682
57,2,0,44,20.3373
57,2,0,45,16.7086
57,2,0,46,16.1487
57,2,0,47,20.0589
57,2,0,48,19.1497
57,2,0,49,19.9327
57,2,0,50,19.8018
57,2,0,51,18.7899
57,2,0,52,20.2469
57,2,0,53,18.914
57,2,0,54,13.9881
57,2,0,55,14.0458
57,2,0,56,17.7273
57,2,0,57,14.3155
57,2,0,58,14.2221
57,2,0,59,18.4072
57,2,0,60,23.2906
57,2,0,61,20.1785
57,2,0,62,17.0368
57,2,0,63,16.3338
57,2,0,64,17.1725
57,2,0,65,17.0316
57,2,0,66,19.2089
57,2,0,67,18.9271
57,2,0,68,19.0807
57,2,0,69,15.3886
57,2,0,70,13.8977
57,2,0,71,14.2687
57,2,0,72,13.9465
57,2,0,73,14.8717
57,2,0,74,13.1265
57,2,0,75,13.8799
57,2,0,76,14.0717
57,2,0,77,16.2039
57,2,0,78,18.1577
57,2,0,79,17.8908
57,2,0,80,18.0106
57,2,0,81,18.88
57,2,0,82,23.717
57,2,0,83,22.4513
57,2,0,84,21.323
57,2,0,85,20.6454
57,2,0,86,21.0984
57,2,0,87,19.3009
57,2,0,88,20.6146
57,2,0,89,20.2003
57,2,0,90,19.6713
57,2,0,91,19.9847
57,2,0,92,21.642
57,2,0,93,20.8424
57,2,0,94,19.3547
57,2,0,95,17.9184
57,2,0,96,16.2409
57,2,0,97,19.5767
57,2,0,98,19.9254
57,2,0,99,21.6672
57,2,0,100,20.0014
57,2,0,101,14.797
57,2,0,102,14.7563
57,2,0,103,13.9742
57,2,0,104,16.5456
57,2,0,105,16.24
57,2,0,106,14.8124
57,2,0,107,13.4169
57,2,0,108,14.4726
57,2,0,109,14.6417
57,2,0,110,18.8866
57,2,0,111,20.2582
57,2,0,112,20.4422
57,2,0,113,18.5778
57,2,0,114,18.4569
57,2,0,115,17.9763
57,2,0,116,18.7247
57,2,0,117,23.8019
57,2,0,118,23.6562
57,2,0,119,20.5701
57,2,0,120,17.2339
57,2,0,121,16.8159
57,2,0,122,19.545
57,2,0,123,19.5879
57,2,0,124,18.8328
57,2,0,125,19.8028
57,2,0,126,18.4501
57,2,0,127,19.561
57,2,0,128,18.9998
57,2,0,129,18.2549
57,2,0,130,17.5371
57,2,0,131,18.1588
57,2,0,132,16.4532
57,2,0,133,15.703
57,2,0,134,17.2226
57,2,0,135,21.2408
57,2,0,136,18.119
57,2,0,137,18.6494
57,2,0,138,18.9907
57,2,0,139,18.4446
57,2,0,140,19.3541
57,2,0,141,21.7312
57,2,0,142,20.7177
57,2,0,143,20.1003
57,2,0,144,20.7693
57,2,0,145,22.5355
57,2,0,146,21.1457
57,2,0,147,18.7754
57,2,0,148,19.8341
57,2,0,149,18.4695
57,2,0,150,17.492
57,2,0,151,20.1732
57,2,0,152,19.4546
57,2,0,153,20.7725
57,2,0,154,18.7267
57,2,0,155,18.7422
57,2,0,156,19.3266
57,2,0,157,17.4928
57,2,0,158,23.4286
57,2,0,159,19.693
57,2,0,160,15.1867
57,2,0,161,12.4375
57,2,0,162,9.8759
57,2,0,163,12.9859
57,2,0,164,17.4684
57,2,0,165,17.9405
57,2,0,166,18.7722
57,2,0,167,16.5948
57,2,0,168,16.578
57,2,0,169,15.4948
57,2,0,170,13.9328
57,2,0,171,15.9365
57,2,0,172,16.9675
57,2,0,173,18.4188
57,2,0,174,17.5661
57,2,0,175,18.1586
57,2,0,176,18.3572
57,2,0,177,17.9691
57,2,0,178,18.1129
57,2,0,179,16.8613
57,2,0,180,15.1462
57,2,0,181,14.9948
57,2,0,182,15.18
57,2,0,183,14.1666
57,2,0,184,14.1367
57,2,0,185,13.4676
57,2,0,186,13.6533
57,2,0,187,14.1901
57,2,0,188,15.1425
57,2,0,189,14.4873
57,2,0,190,15.0476
57,2,0,191,13.878
57,2,0,192,14.7294
57,2,0,193,18.1638
57,2,0,194,17.9006
57,2,0,195,32.8061
57,2,0,196,31.9997
57,2,0,197,33.828
57,2,0,198,29.5786
57,2,0,199,31.669
57,2,0,200,35.325
57,2,0,201,32.3447
57,2,0,202,28.7578
57,2,0,203,27.6265
57,2,0,204,31.2616
57,2,0,205,30.5802
57,2,0,206,28.9245
57,2,0,207,28.9276
57,2,0,208,32.0597
57,2,0,209,33.3042
57,2,0,210,32.2441
57,2,0,211,34.7554
57,2,0,212,32.3351
57,2,0,213,25.6249
57,2,0,214,22.3117
57,2,0,215,20.5751
57,2,0,216,22.0997
57,2,0,217,20.3557
57,2,0,218,23.4765
57,2,0,219,21.1897
57,2,0,220,6.5558
57,2,0,221,6.7337
57,2,0,222,6.8816
57,2,0,223,6.8039
57,2,0,224,6.6948
57,2,0,225,6.5475
57,2,0,226,6.7178
57,2,0,227,6.588
57,2,0,228,6.6904
57,2,0,229,6.5801
57,2,0,230,6.1926
57,2,0,231,6.682
57,2,0,232,6.99
57,2,0,233,6.5558
57,2,0,234,5.6926
57,2,0,235,5.0291
57,2,0,236,6.754
57,2,0,237,6.9599
57,2,0,238,9.4451
57,2,0,239,8.1334
57,2,0,240,8.3278
57,2,0,241,8.9269
57,2,0,242,9.5846
57,2,0,243,9.142
57,2,0,244,7.172
57,2,0,245,6.5969
57,2,0,246,6.5321
57,2,0,247,6.7121
57,2,0,248,6.7174
57,2,0,249,6.836
57,2,0,250,6.6867
57,2,0,251,6.9705
57,2,0,252,6.9688
57,2,0,253,6.7799
57,2,0,254,6.6563
57,2,0,255,6.7401
57,2,0,256,6.7296
57,2,0,257,6.6747
57,2,0,258,7.9499
57,2,0,259,7.1875
57,2,0,260,6.2091
57,2,0,261,7.7417
57,2,0,262,8.6034
57,2,0,263,8.6163
57,2,0,264,8.7894
57,2,0,265,9.4703
57,2,0,266,8.059
57,2,0,267,6.9294
57,2,0,268,8.3637
57,2,0,269,10.0001
57,2,0,270,10.3153
57,2,0,271,8.8235
57,2,0,272,6.7885
57,2,0,273,6.5852
57,2,0,274,5.9681
57,2,0,275,6.7314
57,2,0,276,7.14
57,2,0,277,6.7459
57,2,0,278,6.4509
57,2,0,279,7.0343
57,2,0,280,6.9007
57,2,0,281,6.4271
57,2,0,282,7.1776
57,2,0,283,10.6425
57,2,0,284,10.5584
57,2,0,285,8.2042
57,2,0,286,6.1316
57,2,0,287,6.7601
57,2,0,288,6.7965
57,2,0,289,6.7691
57,2,0,290,6.781
57,2,0,291,6.9235
57,2,0,292,6.8212
57,2,0,293,6.788
57,2,0,294,6.7593
57,2,0,295,6.8147
57,2,0,296,6.8421
57,2,0,297,6.8186
57,2,0,298,6.796
57,2,0,299,6.6512
57,2,0,300,6.9635
57,2,0,301,6.8887
57,2,0,302,7.0053
57,2,0,303,6.9459
57,2,0,304,6.6906
57,2,0,305,7.0657
57,2,0,306,6.7919
57,2,0,307,7.1481
57,2,0,308,6.9445
57,2,0,309,6.0312
57,2,0,310,6.8531
57,2,0,311,6.8724
57,2,0,312,6.9286
57,2,0,313,7.1892
57,2,0,314,6.8622
57,2,0,315,6.566
57,2,0,316,7.963
57,2,0,317,6.6232
57,2,0,318,7.2704
57,2,0,319,8.1504
57,2,0,320,6.8418
57,2,0,321,7.3029
57,2,0,322,6.9214
57,2,0,323,6.8702
57,2,0,324,6.4943
57,2,0,325,6.682
57,2,0,326,6.8282
57,2,0,327,6.8093
57,2,0,328,6.8756
57,2,0,329,7.0502
57,2,0,330,7.2423
57,2,0,331,6.8376
57,2,0,332,6.7518
57,2,0,333,6.7613
57,2,0,334,6.711
57,2,0,335,7.1546
57,2,0,336,6.7084
57,2,0,337,6.6536
57,2,0,338,6.7388
57,2,0,339,6.6807
57,2,0,340,6.6983
57,2,0,341,6.7375
57,2,0,342,6.7237
57,2,0,343,6.6986
57,2,0,344,6.7356
57,2,0,345,6.7117
57,2,0,346,5.3517
57,2,0,347,6.7945
57,2,0,348,6.8254
57,2,0,349,6.049
57,2,0,350,6.8299
57,2,0,351,6.8668
57,2,0,352,6.7704
57,2,0,353,6.8852
57,2,0,354,6.6899
57,2,0,355,6.6781
57,2,0,356,6.797
57,2,0,357,6.8467
57,2,0,358,6.9447
57,2,0,359,7.3203
57,2,0,360,7.0263
57,2,0,361,6.9165
57,2,0,362,7.4185
57,2,0,363,8.0327
57,2,0,364,6.8834
57,2,0,365,6.7282
57,2,0,366,6.7371
57,2,0,367,6.595
57,2,0,368,6.6829
57,2,0,369,6.6075
57,2,0,370,6.8331
57,2,0,371,7.5104
57,2,0,372,8.2014
57,2,0,373,6.6468
57,2,0,374,6.7521
57,2,0,375,6.7202
57,2,0,376,6.7006
57,2,0,377,6.6963
57,2,0,378,6.6815
57,2,0,379,6.801
57,2,0,380,6.4231
57,2,0,381,6.3442
57,2,0,382,6.7236
57,2,0,383,6.515
57,2,0,384,6.815
57,2,0,385,6.9693
57,2,0,386,6.7711
57,2,0,387,7.1348
57,2,0,388,6.5429
57,2,0,389,6.6673
57,2,0,390,6.5385
57,2,0,391,6.6393
57,2,0,392,6.9718
57,2,0,393,6.8355
57,2,0,394,6.9467
57,2,0,395,7.1712
57,2,0,396,6.9762
57,2,0,397,8.0294
57,2,0,398,7.1832
57,2,0,399,6.8546
57,2,0,400,6.6926
57,2,0,401,7.1799
57,2,0,402,6.8804
57,2,0,403,6.521
57,2,0,404,6.7363
57,2,0,405,6.7041
57,2,0,406,6.7202
57,2,0,407,6.72
57,2,0,408,6.6788
57,2,0,409,6.6991
57,2,0,410,6.6607
57,2,0,411,6.7742
57,2,0,412,6.4283
57,2,0,413,6.7179
57,2,0,414,6.4585
57,2,0,415,6.8495
57,2,0,416,6.8106
57,2,0,417,6.8305
57,2,0,418,6.7871
57,2,0,419,6.8489
57,2,0,420,6.8043
57,2,0,421,6.6982
57,2,0,422,5.6231
57,2,0,423,6.6458
57,2,0,424,6.7799
57,2,0,425,6.7328
57,2,0,426,6.7168
57,2,0,427,6.6658
57,2,0,428,6.8189
57,2,0,429,6.2839
57,2,0,430,6.7568
57,2,0,431,6.721
57,2,0,432,6.6911
57,2,0,433,6.6972
57,2,0,434,6.9852
57,2,0,435,6.8227
57,2,0,436,6.988
57,2,0,437,7.8179
57,2,0,438,7.6068
57,2,0,439,7.5837
57,2,0,440,6.7333
57,2,0,441,6.6987
57,2,0,442,6.6714
57,2,0,443,6.5898
57,2,0,444,6.2231
57,2,0,445,6.038
57,2,0,446,6.7733
57,2,0,447,6.8669
57,2,0,448,6.8286
57,2,0,449,6.8538
57,2,0,450,6.8337
57,2,0,451,7.7911
57,2,0,452,7.4155
57,2,0,453,6.8473
57,2,0,454,6.1132
57,2,0,455,8.1944
57,2,0,456,8.3552
57,2,0,457,8.705
57,2,0,458,9.0393
57,2,0,459,8.817
57,2,0,460,8.587
57,2,0,461,8.2411
57,2,0,462,8.4602
57,2,0,463,7.2724
57,2,0,464,6.9054
57,2,0,465,6.79
57,2,0,466,8.3487
57,2,0,467,9.3935
57,2,0,468,9.5692
57,2,0,469,8.4266
57,2,0,470,9.2682
57,2,0,471,8.7638
57,2,0,472,8.679
57,2,0,473,8.5795
57,2,0,474,9.0858
57,2,0,475,8.5422
57,2,0,476,7.5438
57,2,0,477,6.9462
57,2,0,478,6.8384
57,2,0,479,6.5784
57,2,0,480,6.7419
57,2,0,481,6.6896
57,2,0,482,6.7237
57,2,0,483,6.7152
57,2,0,484,6.7344
57,2,0,485,6.7182
57,2,0,486,6.7144
57,2,0,487,6.6854
57,2,0,488,6.7418
57,2,0,489,6.1014
57,2,0,490,6.7555
57,2,0,491,6.5172
57,2,0,492,6.6953
57,2,0,493,6.7426
57,2,0,494,6.6595
57,2,0,495,6.713
57,2,0,496,6.6745
57,2,0,497,6.7213
57,2,0,498,6.3756
57,2,0,499,6.5367
57,2,0,500,6.5794
57,2,0,501,6.6742
57,2,0,502,7.077
57,2,0,503,7.1548
57,2,0,504,7.1938
57,2,0,505,8.9351
57,2,0,506,9.8492
57,2,0,507,9.4586
57,2,0,508,7.6754
57,2,0,509,8.6479
57,2,0,510,8.2175
57,2,0,511,8.4682
57,2,0,512,8.2793
57,2,0,513,6.8217
57,2,0,514,6.5223
57,2,0,515,6.739
57,2,0,516,6.6812
57,2,0,517,7.0105
57,2,0,518,6.7081
57,2,0,519,5.8563
57,2,0,520,6.1238
57,2,0,521,6.7243
57,2,0,522,6.7764
57,2,0,523,6.7452
57,2,0,524,6.4812
57,2,0,525,6.7711
57,2,0,526,7.0227
57,2,0,527,6.7943
57,2,0,528,6.7396
57,2,0,529,6.8784
57,2,0,530,8.2646
57,2,0,531,7.9087
57,2,0,532,6.8262
57,2,0,533,7.2856
57,2,0,534,7.509
57,2,0,535,6.4213
57,2,0,536,6.7598
57,2,0,537,6.4855
57,2,0,538,6.703
57,2,0,539,6.6507
57,2,0,540,6.5737
57,2,0,541,6.5103
57,2,0,542,6.8925
57,2,0,543,6.7185
57,2,0,544,6.6389
57,2,0,545,6.7283
57,2,0,546,6.5878
57,2,0,547,6.7168
57,2,0,548,6.7329
57,2,0,549,6.6867
57,2,0,550,6.7378
57,2,0,551,6.8068
57,2,0,552,6.9443
57,2,0,553,8.7359
57,2,0,554,8.5284
57,2,0,555,7.4613
57,2,0,556,6.7506
57,2,0,557,6.6367
57,2,0,558,6.7025
57,2,0,559,7.0297
57,2,0,560,6.7769
57,2,0,561,6.9154
57,2,0,562,7.8265
57,2,0,563,7.9599
57,2,0,564,8.3752
57,2,0,565,8.8328
57,2,0,566,8.9408
57,2,0,567,9.3439
57,2,0,568,8.3992
57,2,0,569,7.2764
57,2,0,570,6.6911
57,2,0,571,6.7301
57,2,0,572,6.7455
57,2,0,573,6.8649
57,2,0,574,6.7548
57,2,0,575,6.0697
57,2,0,576,5.3999
57,2,0,577,6.7576
57,2,0,578,6.6713
57,2,0,579,6.7026
57,2,0,580,6.6583
57,2,0,581,6.73
57,2,0,582,6.6655
57,2,0,583,6.7707
57,2,0,584,6.7379
57,2,0,585,6.7912
57,2,0,586,6.883
57,2,0,587,6.8028
57,2,0,588,6.8262
57,2,0,589,7.1082
57,2,0,590,6.8082
57,2,0,591,6.6966
57,2,0,592,6.6741
57,2,0,593,6.7172
57,2,0,594,6.4987
57,2,0,595,6.7215
57,2,0,596,6.7183
57,2,0,597,6.6758
57,2,0,598,6.7557
57,2,0,599,6.6059
57,2,0,600,6.7061
57,2,0,601,6.7296
57,2,0,602,6.6899
57,2,0,603,6.7636
57,2,0,604,6.7044
57,2,0,605,6.6942
57,2,0,606,6.6901
57,2,0,607,6.6491
57,2,0,608,7.0556
57,2,0,609,6.7049
57,2,0,610,7.0576
57,2,0,611,8.2064
57,2,0,612,8.2638
57,2,0,613,7.3907
57,2,0,614,6.0647
57,2,0,615,6.4666
57,2,0,616,6.5339
57,2,0,617,6.6339
57,2,0,618,6.6819
57,2,0,619,6.6781
57,2,0,620,6.6905
57,2,0,621,6.5374
57,2,0,622,6.6733
57,2,0,623,6.6424
57,2,0,624,6.6674
57,2,0,625,6.7738
57,2,0,626,6.7001
57,2,0,627,6.673
57,2,0,628,6.6575
57,2,0,629,6.6225
57,2,0,630,6.6843
57,2,0,631,6.6686
57,2,0,632,6.6514
57,2,0,633,6.683
57,2,0,634,6.7524
57,2,0,635,6.7762
57,2,0,636,6.8138
57,2,0,637,6.6801
57,2,0,638,6.8523
57,2,0,639,8.3891
57,2,0,640,7.642
57,2,0,641,6.6623
57,2,0,642,6.3114
57,2,0,643,6.2822
57,2,0,644,6.6361
57,2,0,645,6.4375
57,2,0,646,6.7228
57,2,0,647,8.1356
57,2,0,648,9.977
57,2,0,649,11.1378
57,2,0,650,9.7664
57,2,0,651,10.1163
57,2,0,652,8.8076
57,2,0,653,8.649
57,2,0,654,8.1444
57,2,0,655,8.71
57,2,0,656,7.3779
57,2,0,657,6.6681
57,2,0,658,6.5956
57,2,0,659,6.6138
57,2,0,660,6.556
57,2,0,661,6.6705
57,2,0,662,6.608
57,2,0,663,6.6017
57,2,0,664,6.6547
57,2,0,665,6.5266
57,2,0,666,8.0081
57,2,0,667,8.803
57,2,0,668,9.634
57,2,0,669,8.7737
57,2,0,670,9.5311
57,2,0,671,9.5019
57,2,0,672,8.5957
57,2,0,673,10.2381
57,2,0,674,10.4647
57,2,0,675,9.8098
57,2,0,676,13.0098
57,2,0,677,13.2759
57,2,0,678,12.5863
57,2,0,679,12.2262
57,2,0,680,13.2488
57,2,0,681,10.0109
57,2,0,682,10.759
57,2,0,683,12.1559
57,2,0,684,14.1094
57,2,0,685,12.8755
57,2,0,686,12.458
57,2,0,687,11.978
57,2,0,688,9.5954
57,2,0,689,9.7396
57,2,0,690,10.1721
57,2,0,691,11.3191
57,2,0,692,12.8171
57,2,0,693,13.5751
57,2,0,694,15.1053
57,2,0,695,13.4732
57,2,0,696,12.6479
57,2,0,697,11.9221
57,2,0,698,9.9676
57,2,0,699,9.7743
57,2,0,700,9.3028
57,2,0,701,9.4145
57,2,0,702,9.4761
57,2,0,703,9.4431
57,2,0,704,9.7176
57,2,0,705,8.8326
57,2,0,706,9.3731
57,2,0,707,9.6267
57,2,0,708,9.5985
57,2,0,709,9.4333
57,2,0,710,10.244
57,2,0,711,9.8846
57,2,0,712,11.9941
57,2,0,713,11.8385
57,2,0,714,12.3881
57,2,0,715,12.3013
57,2,0,716,11.8642
57,2,0,717,9.5979
57,2,0,718,9.5706
57,2,0,719,9.3576
57,2,0,720,9.776
57,2,0,721,8.9512
57,2,0,722,9.5544
57,2,0,723,8.7362
57,2,0,724,9.666
57,2,0,725,9.1419
57,2,0,726,9.4458
57,2,0,727,9.4184
57,2,0,728,9.8897
57,2,0,729,9.6334
57,2,0,730,8.7432
57,2,0,731,9.5393
57,2,0,732,9.4977
57,2,0,733,9.7883
57,2,0,734,9.4796
57,2,0,735,9.836
57,2,0,736,9.5867
57,2,0,737,9.4326
57,2,0,738,8.7876
57,2,0,739,10.2088
57,2,0,740,9.7386
57,2,0,741,9.7149
57,2,0,742,9.4246
57,2,0,743,9.8497
57,2,0,744,8.5655
57,2,0,745,9.6083
57,2,0,746,9.7326
57,2,0,747,10.996
57,2,0,748,11.9142
57,2,0,749,13.2017
57,2,0,750,12.9759
57,2,0,751,14.9126
57,2,0,752,14.2804
57,2,0,753,12.6367
57,2,0,754,9.7334
57,2,0,755,9.6468
57,2,0,756,9.5596
57,2,0,757,9.4495
57,2,0,758,9.6266
57,2,0,759,9.5528
57,2,0,760,9.5994
57,2,0,761,9.5932
57,2,0,762,10.0221
57,2,0,763,9.5212
57,2,0,764,9.9871
57,2,0,765,10.4757
57,2,0,766,10.9919
57,2,0,767,12.2576
57,2,0,768,9.9853
57,2,0,769,9.7516
57,2,0,770,9.5157
57,2,0,771,8.7421
57,2,0,772,9.6531
57,2,0,773,9.7177
57,2,0,774,10.0223
57,2,0,775,11.9176
57,2,0,776,10.5804
57,2,0,777,8.8147
57,2,0,778,9.8248
57,2,0,779,9.5289
57,2,0,780,9.5592
57,2,0,781,9.5994
57,2,0,782,9.193
57,2,0,783,9.5042
57,2,0,784,9.539
57,2,0,785,9.4217
57,2,0,786,9.3237
57,2,0,787,9.6174
57,2,0,788,8.8353
57,2,0,789,8.6596
57,2,0,790,9.8867
57,2,0,791,9.7486
57,2,0,792,10.0172
57,2,0,793,11.294
57,2,0,794,10.4607
57,2,0,795,9.4472
57,2,0,796,9.4823
57,2,0,797,9.5116
57,2,0,798,9.3258
57,2,0,799,9.6753
57,2,0,800,9.51
57,2,0,801,9.5565
57,2,0,802,8.8233
57,2,0,803,9.6001
57,2,0,804,9.6939
57,2,0,805,9.5762
57,2,0,806,8.9639
57,2,0,807,9.6385
57,2,0,808,9.0113
57,2,0,809,9.7982
57,2,0,810,11.031
57,2,0,811,10.1795
57,2,0,812,9.6
57,2,0,813,8.6983
57,2,0,814,9.6381
57,2,0,815,9.6091
57,2,0,816,9.8017
57,2,0,817,9.7182
57,2,0,818,12.3684
57,2,0,819,11.6562
57,2,0,820,9.5149
57,2,0,821,11.206
57,2,0,822,16.1695
57,2,0,823,16.476
57,2,0,824,12.5979
57,2,0,825,9.8356
57,2,0,826,9.7008
57,2,0,827,9.1124
57,2,0,828,10.5734
57,2,0,829,12.1343
57,2,0,830,9.7969
57,2,0,831,9.4929
57,2,0,832,9.8315
57,2,0,833,9.5308
57,2,0,834,9.6768
57,2,0,835,9.5762
57,2,0,836,9.4402
57,2,0,837,8.7924
57,2,0,838,9.4431
57,2,0,839,11.8921
57,2,0,840,8.834
57,2,0,841,9.8569
57,2,0,842,11.1608
57,2,0,843,13.504
57,2,0,844,13.2155
57,2,0,845,10.6894
57,2,0,846,9.6321
57,2,0,847,9.87
57,2,0,848,10.7038
57,2,0,849,9.1253
57,2,0,850,11.789
57,2,0,851,11.15
57,2,0,852,16.6296
57,2,0,853,16.0708
57,2,0,854,13.7613
57,2,0,855,11.2358
57,2,0,856,9.3944
57,2,0,857,9.7545
57,2,0,858,9.4822
57,2,0,859,9.5329
57,2,0,860,8.6078
57,2,0,861,9.4712
57,2,0,862,9.5849
57,2,0,863,9.6314
57,2,0,864,9.3135
57,2,0,865,10.2682
57,2,0,866,9.7113
57,2,0,867,9.9869
57,2,0,868,9.7746
57,2,0,869,13.468
57,2,0,870,10.9394
57,2,0,871,9.5142
57,2,0,872,9.5639
57,2,0,873,9.142
57,2,0,874,9.0214
57,2,0,875,12.1683
57,2,0,876,11.4463
57,2,0,877,9.7187
57,2,0,878,9.7156
57,2,0,879,9.574
57,2,0,880,10.3793
57,2,0,881,11.167
57,2,0,882,9.9866
57,2,0,883,11.7692
57,2,0,884,11.6598
57,2,0,885,12.6751
57,2,0,886,13.3681
57,2,0,887,12.697
57,2,0,888,11.8463
57,2,0,889,10.3198
57,2,0,890,11.1141
57,2,0,891,12.2332
57,2,0,892,12.2642
57,2,0,893,12.7687
57,2,0,894,12.5187
57,2,0,895,12.1552
57,2,0,896,11.0767
57,2,0,897,9.633
57,2,0,898,8.7069
57,2,0,899,10.9161
57,2,0,900,10.1212
57,2,1,1,29.2698
57,2,1,2,28.7418
57,2,1,3,27.4541
57,2,1,4,26.5742
57,2,1,5,28.972
57,2,1,6,33.1563
57,2,1,7,25.6957
57,2,1,8,30.8761
57,2,1,9,25.9213
57,2,1,10,25.684
57,2,1,11,27.6856
57,2,1,12,29.9718
57,2,1,13,28.5648
57,2,1,14,29.6019
57,2,1,15,28.2186
57,2,1,16,26.8261
57,2,1,17,26.9459
57,2,1,18,30.793
57,2,1,19,29.6961
57,2,1,20,26.4999
57,2,1,21,26.1208
57,2,1,22,31.7231
57,2,1,23,28.6083
57,2,1,24,26.4525
57,2,1,25,23.2596
57,2,1,26,27.1648
57,2,1,27,25.6813
57,2,1,28,26.1617
57,2,1,29,25.541
57,2,1,30,28.6247
57,2,1,31,28.9046
57,2,1,32,27.2691
57,2,1,33,26.2074
57,2,1,34,27.008
57,2,1,35,25.2274
57,2,1,36,29.2244
57,2,1,37,24.8342
57,2,1,38,22.4495
57,2,1,39,19.2069
57,2,1,40,19.0685
57,2,1,41,24.5547
57,2,1,42,22.9516
57,2,1,43,23.0023
57,2,1,44,25.0651
57,2,1,45,23.3253
57,2,1,46,23.7028
57,2,1,47,23.2205
57,2,1,48,22.3266
57,2,1,49,22.0799
57,2,1,50,25.1935
57,2,1,51,22.3942
57,2,1,52,21.0234
57,2,1,53,22.5127
57,2,1,54,24.827
57,2,1,55,25.4277
57,2,1,56,22.85
57,2,1,57,23.8891
57,2,1,58,23.4499
57,2,1,59,25.8035
57,2,1,60,24.146
57,2,1,61,22.8279
57,2,1,62,23.2751
57,2,1,63,25.9711
57,2,1,64,27.1169
57,2,1,65,25.3966
57,2,1,66,24.1093
57,2,1,67,25.1451
57,2,1,68,23.1138
57,2,1,69,23.5621
57,2,1,70,22.8524
57,2,1,71,22.3788
57,2,1,72,22.3104
57,2,1,73,22.9498
57,2,1,74,24.3018
57,2,1,75,24.059
57,2,1,76,24.8059
57,2,1,77,23.8474
57,2,1,78,24.3332
57,2,1,79,23.153
57,2,1,80,21.7723
57,2,1,81,25.5528
57,2,1,82,24.5061
57,2,1,83,26.743
57,2,1,84,23.1276
57,2,1,85,25.2727
57,2,1,86,26.4802
57,2,1,87,23.9121
57,2,1,88,22.0786
57,2,1,89,23.8893
57,2,1,90,22.6379
57,2,1,91,23.02
57,2,1,92,24.1182
57,2,1,93,23.9817
57,2,1,94,23.2816
57,2,1,95,23.0529
57,2,1,96,25.6916
57,2,1,97,25.1328
57,2,1,98,23.3914
57,2,1,99,24.0017
57,2,1,100,23.8261
57,2,1,101,24.0911
57,2,1,102,27.6898
57,2,1,103,23.1374
57,2,1,104,25.5028
57,2,1,105,23.6818
57,2,1,106,21.168
57,2,1,107,22.6011
57,2,1,108,23.1204
57,2,1,109,21.5655
57,2,1,110,22.1503
57,2,1,111,23.5905
57,2,1,112,23.5708
57,2,1,113,24.0397
57,2,1,114,25.6695
57,2,1,115,21.8734
57,2,1,116,21.3611
57,2,1,117,21.5696
57,2,1,118,22.558
57,2,1,119,22.3863
57,2,1,120,23.1726
57,2,1,121,20.2765
57,2,1,122,18.6254
57,2,1,123,18.1671
57,2,1,124,22.5588
57,2,1,125,22.4005
57,2,1,126,22.0566
57,2,1,127,23.7822
57,2,1,128,23.2994
57,2,1,129,26.2057
57,2,1,130,23.0867
57,2,1,131,24.1772
57,2,1,132,23.2039
57,2,1,133,22.7062
57,2,1,134,21.7246
57,2,1,135,21.384
57,2,1,136,22.2447
57,2,1,137,24.849
57,2,1,138,22.2011
57,2,1,139,23.635
57,2,1,140,25.6691
57,2,1,141,26.0478
57,2,1,142,23.2771
57,2,1,143,23.9405
57,2,1,144,22.9838
57,2,1,145,22.1364
57,2,1,146,24.8081
57,2,1,147,27.4843
57,2,1,148,29.4552
57,2,1,149,23.0002
57,2,1,150,23.794
57,2,1,151,22.6348
57,2,1,152,24.7873
57,2,1,153,23.2548
57,2,1,154,24.063
57,2,1,155,22.2482
57,2,1,156,22.9766
57,2,1,157,25.915
57,2,1,158,23.2032
57,2,1,159,21.8297
57,2,1,160,20.4526
57,2,1,161,20.8211
57,2,1,162,16.016
57,2,1,163,17.3074
57,2,1,164,18.0653
57,2,1,165,17.4681
57,2,1,166,16.7399
57,2,1,167,16.2531
57,2,1,168,15.6259
57,2,1,169,14.1511
57,2,1,170,15.7268
57,2,1,171,16.1619
57,2,1,172,17.3549
57,2,1,173,16.9732
57,2,1,174,17.385
57,2,1,175,17.2324
57,2,1,176,16.8837
57,2,1,177,19.4095
57,2,1,178,20.8998
57,2,1,179,19.1251
57,2,1,180,17.1681
57,2,1,181,18.0398
57,2,1,182,17.6843
57,2,1,183,24.0098
57,2,1,184,19.2566
57,2,1,185,12.9871
57,2,1,186,13.9184
57,2,1,187,25.108
57,2,1,188,26.3393
57,2,1,189,28.0258
57,2,1,190,24.5703
57,2,1,191,22.4468
57,2,1,192,20.1611
57,2,1,193,19.4644
57,2,1,194,25.8222
57,2,1,195,24.5473
57,2,1,196,36.5615
57,2,1,197,27.2588
57,2,1,198,28.5762
57,2,1,199,28.4794
57,2,1,200,24.1451
57,2,1,201,24.2768
57,2,1,202,33.3167
57,2,1,203,32.2307
57,2,1,204,31.1087
57,2,1,205,28.4261
57,2,1,206,25.013
57,2,1,207,32.0455
57,2,1,208,24.8149
57,2,1,209,25.2397
57,2,1,210,27.9088
57,2,1,211,31.4478
57,2,1,212,9.8529
57,2,1,213,9.0988
57,2,1,214,7.0362
57,2,1,215,6.6811
57,2,1,216,6.6827
57,2,1,217,6.6627
57,2,1,218,6.7473
57,2,1,219,6.7391
57,2,1,220,6.6899
57,2,1,221,6.5561
57,2,1,222,6.4544
57,2,1,223,6.6512
57,2,1,224,5.5297
57,2,1,225,5.2813
57,2,1,226,6.5317
57,2,1,227,6.294
57,2,1,228,6.7469
57,2,1,229,6.4724
57,2,1,230,9.0115
57,2,1,231,10.3324
57,2,1,232,7.4994
57,2,1,233,7.5066
57,2,1,234,7.1475
57,2,1,235,6.9576
57,2,1,236,6.6825
57,2,1,237,6.6322
57,2,1,238,6.7123
57,2,1,239,6.5766
57,2,1,240,6.5846
57,2,1,241,6.5726
57,2,1,242,6.7621
57,2,1,243,6.7712
57,2,1,244,8.4574
57,2,1,245,7.5574
57,2,1,246,9.3291
57,2,1,247,8.3238
57,2,1,248,7.4119
57,2,1,249,6.4565
57,2,1,250,6.7707
57,2,1,251,6.7344
57,2,1,252,6.6993
57,2,1,253,6.5659
57,2,1,254,6.2885
57,2,1,255,6.7418
57,2,1,256,6.941
57,2,1,257,7.0979
57,2,1,258,8.1657
57,2,1,259,7.9452
57,2,1,260,7.8948
57,2,1,261,7.2928
57,2,1,262,7.6293
57,2,1,263,8.5992
57,2,1,264,8.3343
57,2,1,265,9.9748
57,2,1,266,10.0236
57,2,1,267,10.6739
57,2,1,268,8.8334
57,2,1,269,5.8653
57,2,1,270,6.7772
57,2,1,271,7.9255
57,2,1,272,7.1157
57,2,1,273,5.6611
57,2,1,274,7.5548
57,2,1,275,9.1309
57,2,1,276,10.5104
57,2,1,277,9.8777
57,2,1,278,10.0405
57,2,1,279,8.0544
57,2,1,280,7.1792
57,2,1,281,6.2443
57,2,1,282,10.0575
57,2,1,283,8.5274
57,2,1,284,9.3426
57,2,1,285,7.5746
57,2,1,286,8.7382
57,2,1,287,7.9338
57,2,1,288,8.7772
57,2,1,289,7.7715
57,2,1,290,9.9225
57,2,1,291,11.4112
57,2,1,292,8.5975
57,2,1,293,6.3029
57,2,1,294,6.7368
57,2,1,295,6.8198
57,2,1,296,6.6277
57,2,1,297,6.7035
57,2,1,298,6.5069
57,2,1,299,6.8184
57,2,1,300,6.6961
57,2,1,301,6.3504
57,2,1,302,6.5607
57,2,1,303,6.0259
57,2,1,304,6.585
57,2,1,305,6.1462
57,2,1,306,6.7366
57,2,1,307,6.4467
57,2,1,308,6.7765
57,2,1,309,7.7585
57,2,1,310,7.9472
57,2,1,311,9.8215
57,2,1,312,8.884
57,2,1,313,8.4645
57,2,1,314,8.7577
57,2,1,315,9.6854
57,2,1,316,7.5286
57,2,1,317,6.769
57,2,1,318,6.9879
57,2,1,319,6.763
57,2,1,320,6.7873
57,2,1,321,6.8042
57,2,1,322,7.2619
57,2,1,323,7.0141
57,2,1,324,6.8605
57,2,1,325,5.871
57,2,1,326,6.9326
57,2,1,327,6.7595
57,2,1,328,6.7639
57,2,1,329,6.7474
57,2,1,330,7.6509
57,2,1,331,7.6881
57,2,1,332,6.8129
57,2,1,333,6.5952
57,2,1,334,6.6434
57,2,1,335,6.7448
57,2,1,336,6.7192
57,2,1,337,6.8814
57,2,1,338,6.871
57,2,1,339,6.9113
57,2,1,340,6.8805
57,2,1,341,6.7761
57,2,1,342,6.6427
57,2,1,343,6.9978
57,2,1,344,6.7056
57,2,1,345,6.742
57,2,1,346,6.6946
57,2,1,347,6.6767
57,2,1,348,6.6381
57,2,1,349,6.7153
57,2,1,350,6.7147
57,2,1,351,6.591
57,2,1,352,6.2578
57,2,1,353,5.5353
57,2,1,354,6.4412
57,2,1,355,6.6342
57,2,1,356,6.649
57,2,1,357,6.1529
57,2,1,358,6.7226
57,2,1,359,6.0416
57,2,1,360,6.1462
57,2,1,361,5.8549
57,2,1,362,6.7668
57,2,1,363,6.8043
57,2,1,364,6.7046
57,2,1,365,6.2143
57,2,1,366,6.7546
57,2,1,367,5.2176
57,2,1,368,6.4069
57,2,1,369,6.523
57,2,1,370,6.5053
57,2,1,371,7.064
57,2,1,372,6.7447
57,2,1,373,6.7343
57,2,1,374,6.6967
57,2,1,375,6.7398
57,2,1,376,5.8695
57,2,1,377,6.9737
57,2,1,378,8.2786
57,2,1,379,8.3855
57,2,1,380,8.6593
57,2,1,381,8.6595
57,2,1,382,8.4429
57,2,1,383,8.512
57,2,1,384,6.8725
57,2,1,385,6.6272
57,2,1,386,6.7484
57,2,1,387,6.8432
57,2,1,388,6.6932
57,2,1,389,5.8268
57,2,1,390,5.7254
57,2,1,391,6.5232
57,2,1,392,6.2779
57,2,1,393,7.1642
57,2,1,394,6.7865
57,2,1,395,6.1015
57,2,1,396,5.9689
57,2,1,397,6.8609
57,2,1,398,6.7054
57,2,1,399,5.7373
57,2,1,400,6.6728
57,2,1,401,6.1998
57,2,1,402,6.9262
57,2,1,403,6.7407
57,2,1,404,6.5116
57,2,1,405,8.0915
57,2,1,406,6.1145
57,2,1,407,6.6345
57,2,1,408,6.9688
57,2,1,409,6.599
57,2,1,410,6.5709
57,2,1,411,6.6881
57,2,1,412,6.9086
57,2,1,413,6.4463
57,2,1,414,6.6374
57,2,1,415,6.9285
57,2,1,416,6.932
57,2,1,417,6.8909
57,2,1,418,6.8333
57,2,1,419,6.8815
57,2,1,420,6.9004
57,2,1,421,6.8884
57,2,1,422,6.6996
57,2,1,423,6.8612
57,2,1,424,6.7679
57,2,1,425,6.8118
57,2,1,426,6.9044
57,2,1,427,6.2478
57,2,1,428,6.7254
57,2,1,429,6.7228
57,2,1,430,7.5842
57,2,1,431,5.7943
57,2,1,432,6.1924
57,2,1,433,6.7434
57,2,1,434,6.2712
57,2,1,435,6.9295
57,2,1,436,6.6787
57,2,1,437,7.4173
57,2,1,438,6.5987
57,2,1,439,6.5988
57,2,1,440,6.9505
57,2,1,441,7.0202
57,2,1,442,10.3129
57,2,1,443,8.5003
57,2,1,444,9.7397
57,2,1,445,11.0232
57,2,1,446,9.3503
57,2,1,447,6.7742
57,2,1,448,6.8126
57,2,1,449,7.286
57,2,1,450,6.6998
57,2,1,451,6.6145
57,2,1,452,6.7496
57,2,1,453,6.2617
57,2,1,454,6.3772
57,2,1,455,6.1091
57,2,1,456,8.9614
57,2,1,457,10.6461
57,2,1,458,12.2157
57,2,1,459,11.7677
57,2,1,460,12.3738
57,2,1,461,10.1034
57,2,1,462,12.9457
57,2,1,463,10.3424
57,2,1,464,7.1698
57,2,1,465,6.879
57,2,1,466,8.2837
57,2,1,467,10.8957
57,2,1,468,12.6902
57,2,1,469,11.8322
57,2,1,470,11.5285
57,2,1,471,11.8099
57,2,1,472,10.82
57,2,1,473,10.911
57,2,1,474,10.763
57,2,1,475,10.384
57,2,1,476,10.4574
57,2,1,477,9.2068
57,2,1,478,6.8499
57,2,1,479,8.4137
57,2,1,480,8.4331
57,2,1,481,8.2453
57,2,1,482,7.8976
57,2,1,483,7.049
57,2,1,484,6.6633
57,2,1,485,6.6731
57,2,1,486,6.6985
57,2,1,487,6.7275
57,2,1,488,6.7456
57,2,1,489,6.6769
57,2,1,490,6.6535
57,2,1,491,6.335
57,2,1,492,6.7362
57,2,1,493,6.7165
57,2,1,494,5.6787
57,2,1,495,6.7272
57,2,1,496,6.8374
57,2,1,497,8.0581
57,2,1,498,7.7517
57,2,1,499,8.1821
57,2,1,500,7.2524
57,2,1,501,7.5927
57,2,1,502,7.7861
57,2,1,503,7.9669
57,2,1,504,6.7717
57,2,1,505,10.8512
57,2,1,506,10.952
57,2,1,507,8.099
57,2,1,508,7.0809
57,2,1,509,6.4026
57,2,1,510,6.4696
57,2,1,511,6.8323
57,2,1,512,7.0572
57,2,1,513,6.8421
57,2,1,514,6.8116
57,2,1,515,6.8036
57,2,1,516,6.4892
57,2,1,517,6.1115
57,2,1,518,6.8151
57,2,1,519,6.815
57,2,1,520,6.8103
57,2,1,521,6.8628
57,2,1,522,6.7021
57,2,1,523,7.1788
57,2,1,524,6.6338
57,2,1,525,6.7619
57,2,1,526,8.3016
57,2,1,527,8.1596
57,2,1,528,8.5135
57,2,1,529,8.1371
57,2,1,530,7.5564
57,2,1,531,6.66
57,2,1,532,6.3557
57,2,1,533,6.6056
57,2,1,534,6.7405
57,2,1,535,6.6657
57,2,1,536,7.2153
57,2,1,537,8.1174
57,2,1,538,6.853
57,2,1,539,9.1948
57,2,1,540,8.3849
57,2,1,541,7.5755
57,2,1,542,6.7589
57,2,1,543,6.7572
57,2,1,544,6.6206
57,2,1,545,6.9118
57,2,1,546,7.2113
57,2,1,547,8.845
57,2,1,548,8.4928
57,2,1,549,10.2628
57,2,1,550,10.0778
57,2,1,551,8.6645
57,2,1,552,9.2565
57,2,1,553,8.3309
57,2,1,554,12.3383
57,2,1,555,11.3469
57,2,1,556,10.7126
57,2,1,557,13.1065
57,2,1,558,11.504
57,2,1,559,12.0866
57,2,1,560,12.2884
57,2,1,561,7.511
57,2,1,562,7.0002
57,2,1,563,6.2279
57,2,1,564,5.3809
57,2,1,565,6.019
57,2,1,566,6.0213
57,2,1,567,5.7107
57,2,1,568,5.7074
57,2,1,569,5.4464
57,2,1,570,8.4448
57,2,1,571,9.0326
57,2,1,572,7.3302
57,2,1,573,8.5928
57,2,1,574,6.0493
57,2,1,575,5.5955
57,2,1,576,5.8668
57,2,1,577,5.9128
57,2,1,578,6.8356
57,2,1,579,5.1493
57,2,1,580,5.8298
57,2,1,581,7.056
57,2,1,582,7.1223
57,2,1,583,10.8125
57,2,1,584,9.6756
57,2,1,585,6.8773
57,2,1,586,6.3265
57,2,1,587,5.9673
57,2,1,588,5.9256
57,2,1,589,9.4442
57,2,1,590,5.8386
57,2,1,591,8.8751
57,2,1,592,9.443
57,2,1,593,8.1239
57,2,1,594,6.871
57,2,1,595,6.4544
57,2,1,596,6.6588
57,2,1,597,5.8782
57,2,1,598,6.5568
57,2,1,599,6.7576
57,2,1,600,6.6931
57,2,1,601,6.7113
57,2,1,602,6.7068
57,2,1,603,7.3193
57,2,1,604,7.3687
57,2,1,605,8.2811
57,2,1,606,8.5993
57,2,1,607,9.1905
57,2,1,608,8.9227
57,2,1,609,8.7622
57,2,1,610,5.9342
57,2,1,611,6.3133
57,2,1,612,5.1378
57,2,1,613,7.2274
57,2,1,614,6.8284
57,2,1,615,6.2712
57,2,1,616,6.9551
57,2,1,617,7.1388
57,2,1,618,9.4336
57,2,1,619,6.6643
57,2,1,620,10.9087
57,2,1,621,7.0654
57,2,1,622,5.2114
57,2,1,623,6.4736
57,2,1,624,9.0785
57,2,1,625,9.249
57,2,1,626,9.2538
57,2,1,627,6.1403
57,2,1,628,7.651
57,2,1,629,8.7818
57,2,1,630,5.9059
57,2,1,631,6.2696
57,2,1,632,6.8904
57,2,1,633,8.2426
57,2,1,634,9.031
57,2,1,635,6.4782
57,2,1,636,5.3085
57,2,1,637,6.6753
57,2,1,638,6.3636
57,2,1,639,6.7981
57,2,1,640,7.0107
57,2,1,641,6.7034
57,2,1,642,8.4922
57,2,1,643,7.2307
57,2,1,644,6.7023
57,2,1,645,6.4612
57,2,1,646,6.6651
57,2,1,647,6.6338
57,2,1,648,6.67
57,2,1,649,6.7248
57,2,1,650,6.6574
57,2,1,651,6.5889
57,2,1,652,6.6151
57,2,1,653,6.6807
57,2,1,654,6.6439
57,2,1,655,6.6146
57,2,1,656,6.661
57,2,1,657,6.6536
57,2,1,658,6.6209
57,2,1,659,5.9497
57,2,1,660,6.6213
57,2,1,661,6.6815
57,2,1,662,6.6157
57,2,1,663,6.7079
57,2,1,664,6.6654
57,2,1,665,6.5784
57,2,1,666,6.636
57,2,1,667,6.6029
57,2,1,668,6.475
57,2,1,669,6.5019
57,2,1,670,6.6113
57,2,1,671,6.9939
57,2,1,672,6.6488
57,2,1,673,6.8948
57,2,1,674,10.0683
57,2,1,675,10.3329
57,2,1,676,9.7684
57,2,1,677,9.6275
57,2,1,678,9.9049
57,2,1,679,9.5562
57,2,1,680,9.2761
57,2,1,681,9.3931
57,2,1,682,9.6258
57,2,1,683,9.6919
57,2,1,684,9.5719
57,2,1,685,9.0569
57,2,1,686,9.5186
57,2,1,687,9.2109
57,2,1,688,15.758
57,2,1,689,15.8646
57,2,1,690,10.4464
57,2,1,691,10.4087
57,2,1,692,15.5021
57,2,1,693,12.58
57,2,1,694,9.067
57,2,1,695,9.3376
57,2,1,696,9.7143
57,2,1,697,9.2312
57,2,1,698,9.6779
57,2,1,699,7.9015
57,2,1,700,9.452
57,2,1,701,8.5305
57,2,1,702,8.905
57,2,1,703,9.4807
57,2,1,704,8.8738
57,2,1,705,9.3037
57,2,1,706,9.589
57,2,1,707,9.5717
57,2,1,708,10.6149
57,2,1,709,9.4004
57,2,1,710,9.7077
57,2,1,711,9.9204
57,2,1,712,9.582
57,2,1,713,9.268
57,2,1,714,10.2161
57,2,1,715,10.0064
57,2,1,716,9.913
57,2,1,717,9.2706
57,2,1,718,9.2073
57,2,1,719,9.0516
57,2,1,720,8.5893
57,2,1,721,9.6787
57,2,1,722,9.5851
57,2,1,723,9.5646
57,2,1,724,8.3933
57,2,1,725,10.3058
57,2,1,726,10.2472
57,2,1,727,9.3286
57,2,1,728,9.2725
57,2,1,729,12.9987
57,2,1,730,13.4881
57,2,1,731,12.2577
57,2,1,732,9.9811
57,2,1,733,10.1284
57,2,1,734,8.6611
57,2,1,735,9.5386
57,2,1,736,12.0035
57,2,1,737,9.7872
57,2,1,738,8.9216
57,2,1,739,9.4581
57,2,1,740,8.3298
57,2,1,741,10.0574
57,2,1,742,11.841
57,2,1,743,8.898
57,2,1,744,9.5295
57,2,1,745,9.2163
57,2,1,746,8.5419
57,2,1,747,11.3653
57,2,1,748,11.4269
57,2,1,749,13.1482
57,2,1,750,15.1323
57,2,1,751,10.2918
57,2,1,752,12.171
57,2,1,753,11.1904
57,2,1,754,9.3183
57,2,1,755,9.2189
57,2,1,756,9.4738
57,2,1,757,9.3097
57,2,1,758,9.2756
57,2,1,759,9.0341
57,2,1,760,7.866
57,2,1,761,9.2177
57,2,1,762,14.7776
57,2,1,763,14.7771
57,2,1,764,14.0275
57,2,1,765,10.7201
57,2,1,766,9.3743
57,2,1,767,9.7084
57,2,1,768,9.419
57,2,1,769,10.2443
57,2,1,770,13.5397
57,2,1,771,11.1861
57,2,1,772,13.6414
57,2,1,773,15.7884
57,2,1,774,10.8373
57,2,1,775,17.0578
57,2,1,776,15.7789
57,2,1,777,13.8254
57,2,1,778,9.7166
57,2,1,779,9.2822
57,2,1,780,9.719
57,2,1,781,9.3031
57,2,1,782,9.7337
57,2,1,783,10.3152
57,2,1,784,10.0039
57,2,1,785,12.2635
57,2,1,786,15.3259
57,2,1,787,14.5696
57,2,1,788,16.0829
57,2,1,789,15.9945
57,2,1,790,15.0013
57,2,1,791,15.0031
57,2,1,792,11.8577
57,2,1,793,9.2041
57,2,1,794,9.1518
57,2,1,795,7.3528
57,2,1,796,8.1024
57,2,1,797,9.8785
57,2,1,798,9.7519
57,2,1,799,10.7616
57,2,1,800,9.8153
57,2,1,801,12.4168
57,2,1,802,12.1649
57,2,1,803,12.871
57,2,1,804,11.3783
57,2,1,805,10.2147
57,2,1,806,9.0831
57,2,1,807,9.5607
57,2,1,808,9.4466
57,2,1,809,9.509
57,2,1,810,8.9956
57,2,1,811,9.32
57,2,1,812,9.6566
57,2,1,813,9.333
57,2,1,814,9.8989
57,2,1,815,9.1542
57,2,1,816,9.2793
57,2,1,817,9.077
57,2,1,818,9.6559
57,2,1,819,9.6745
57,2,1,820,9.9584
57,2,1,821,9.0425
57,2,1,822,12.5287
57,2,1,823,11.731
57,2,1,824,9.9326
57,2,1,825,9.26
57,2,1,826,15.2892
57,2,1,827,10.2308
57,2,1,828,9.56
57,2,1,829,11.5372
57,2,1,830,12.661
57,2,1,831,9.4287
57,2,1,832,10.5401
57,2,1,833,10.9119
57,2,1,834,8.3384
57,2,1,835,8.2806
57,2,1,836,9.4055
57,2,1,837,11.6776
57,2,1,838,14.1797
57,2,1,839,13.9448
57,2,1,840,12.2065
57,2,1,841,12.8755
57,2,1,842,11.767
57,2,1,843,9.4184
57,2,1,844,9.589
57,2,1,845,9.9551
57,2,1,846,8.7254
57,2,1,847,9.827
57,2,1,848,9.7306
57,2,1,849,9.8119
57,2,1,850,9.6561
57,2,1,851,9.5891
57,2,1,852,9.8697
57,2,1,853,9.937
57,2,1,854,12.155
57,2,1,855,13.6828
57,2,1,856,11.6499
57,2,1,857,9.887
57,2,1,858,9.3709
57,2,1,859,9.2768
57,2,1,860,9.3864
57,2,1,861,9.2166
57,2,1,862,9.612
57,2,1,863,9.7947
57,2,1,864,9.5815
57,2,1,865,9.9521
57,2,1,866,10.0742
57,2,1,867,9.5641
57,2,1,868,8.5235
57,2,1,869,9.2913
57,2,1,870,9.4236
57,2,1,871,8.4439
57,2,1,872,9.1179
57,2,1,873,8.429
57,2,1,874,9.2088
57,2,1,875,13.9873
57,2,1,876,13.4224
57,2,1,877,15.8298
57,2,1,878,15.5849
57,2,1,879,12.0007
57,2,1,880,9.3581
57,2,1,881,11.2016
57,2,1,882,10.5524
57,2,1,883,11.2462
57,2,1,884,11.2637
57,2,1,885,14.2011
57,2,1,886,15.8913
57,2,1,887,18.4498
57,2,1,888,11.6935
57,2,1,889,17.6421
57,2,1,890,16.3875
57,2,1,891,14.8179
57,2,1,892,16.5549
57,2,1,893,11.3951
57,2,1,894,10.8322
57,2,1,895,9.3434
57,2,1,896,9.9253
57,2,1,897,10.9331
57,2,1,898,10.37
57,2,1,899,13.1081
57,2,1,900,12.4095
57,2,2,1,32.9904
57,2,2,2,31.4295
57,2,2,3,27.9731
57,2,2,4,30.0962
57,2,2,5,27.8377
57,2,2,6,27.6016
57,2,2,7,31.2028
57,2,2,8,36.0806
57,2,2,9,38.2197
57,2,2,10,52.4897
57,2,2,11,36.2581
57,2,2,12,39.3162
57,2,2,13,34.4009
57,2,2,14,36.0655
57,2,2,15,39.2245
57,2,2,16,31.1165
57,2,2,17,32.9006
57,2,2,18,44.9777
57,2,2,19,34.7662
57,2,2,20,42.9206
57,2,2,21,35.8051
57,2,2,22,41.0258
57,2,2,23,38.5711
57,2,2,24,43.1004
57,2,2,25,47.9037
57,2,2,26,52.0616
57,2,2,27,38.7494
57,2,2,28,33.7721
57,2,2,29,44.17
57,2,2,30,41.1592
57,2,2,31,45.2066
57,2,2,32,44.9422
57,2,2,33,36.8262
57,2,2,34,31.938
57,2,2,35,37.9289
57,2,2,36,35.0518
57,2,2,37,29.7748
57,2,2,38,50.244
57,2,2,39,48.5675
57,2,2,40,36.2429
57,2,2,41,28.3619
57,2,2,42,33.285
57,2,2,43,34.2005
57,2,2,44,33.0234
57,2,2,45,31.6628
57,2,2,46,33.4819
57,2,2,47,31.6958
57,2,2,48,33.7378
57,2,2,49,28.5982
57,2,2,50,49.3397
57,2,2,51,32.1225
57,2,2,52,35.5368
57,2,2,53,28.5735
57,2,2,54,26.6467
57,2,2,55,32.6431
57,2,2,56,32.2446
57,2,2,57,44.1103
57,2,2,58,45.924
57,2,2,59,43.6871
57,2,2,60,35.0106
57,2,2,61,37.1074
57,2,2,62,35.1822
57,2,2,63,32.4241
57,2,2,64,31.2861
57,2,2,65,25.3378
57,2,2,66,27.8821
57,2,2,67,27.1044
57,2,2,68,31.0519
57,2,2,69,30.6582
57,2,2,70,26.8473
57,2,2,71,30.2478
57,2,2,72,33.7106
57,2,2,73,35.8054
57,2,2,74,35.7973
57,2,2,75,40.0511
57,2,2,76,41.5199
57,2,2,77,37.1962
57,2,2,78,40.6566
57,2,2,79,43.9524
57,2,2,80,37.1573
57,2,2,81,40.9038
57,2,2,82,49.7329
57,2,2,83,33.093
57,2,2,84,31.8168
57,2,2,85,31.5431
57,2,2,86,32.7978
57,2,2,87,31.0442
57,2,2,88,29.5556
57,2,2,89,29.8712
57,2,2,90,38.5363
57,2,2,91,39.4071
57,2,2,92,35.125
57,2,2,93,39.0182
57,2,2,94,33.4765
57,2,2,95,30.5876
57,2,2,96,35.2785
57,2,2,97,37.0854
57,2,2,98,35.7224
57,2,2,99,33.1357
57,2,2,100,36.5443
57,2,2,101,39.1194
57,2,2,102,35.7611
57,2,2,103,50.6311
57,2,2,104,45.2041
57,2,2,105,42.7059
57,2,2,106,35.3263
57,2,2,107,32.2473
57,2,2,108,39.0679
57,2,2,109,44.8516
57,2,2,110,46.3894
57,2,2,111,38.663
57,2,2,112,32.322
57,2,2,113,31.1146
57,2,2,114,37.1512
57,2,2,115,35.4114
57,2,2,116,36.8571
57,2,2,117,39.0179
57,2,2,118,34.1041
57,2,2,119,38.0514
57,2,2,120,38.2443
57,2,2,121,33.6408
57,2,2,122,32.1183
57,2,2,123,38.2489
57,2,2,124,34.2701
57,2,2,125,38.3427
57,2,2,126,36.5856
57,2,2,127,32.6429
57,2,2,128,23.8387
57,2,2,129,35.4905
57,2,2,130,23.9251
57,2,2,131,26.1045
57,2,2,132,37.8049
57,2,2,133,35.0184
57,2,2,134,35.3565
57,2,2,135,38.6206
57,2,2,136,30.7726
57,2,2,137,24.8524
57,2,2,138,27.5239
57,2,2,139,25.7151
57,2,2,140,25.7173
57,2,2,141,26.1899
57,2,2,142,22.1188
57,2,2,143,21.3098
57,2,2,144,23.9006
57,2,2,145,25.1448
57,2,2,146,26.736
57,2,2,147,21.6578
57,2,2,148,25.4775
57,2,2,149,30.5566
57,2,2,150,32.5814
57,2,2,151,33.6242
57,2,2,152,34.5756
57,2,2,153,32.8346
57,2,2,154,33.0943
57,2,2,155,29.104
57,2,2,156,27.8179
57,2,2,157,28.0836
57,2,2,158,26.3108
57,2,2,159,27.8562
57,2,2,160,32.4852
57,2,2,161,31.8148
57,2,2,162,22.7633
57,2,2,163,22.9714
57,2,2,164,16.7533
57,2,2,165,19.8041
57,2,2,166,19.6297
57,2,2,167,10.5393
57,2,2,168,11.8074
57,2,2,169,12.8914
57,2,2,170,12.8546
57,2,2,171,13.2108
57,2,2,172,12.7604
57,2,2,173,12.4519
57,2,2,174,11.9419
57,2,2,175,10.6535
57,2,2,176,24.9926
57,2,2,177,22.1118
57,2,2,178,25.3604
57,2,2,179,28.2009
57,2,2,180,25.9723
57,2,2,181,22.7101
57,2,2,182,24.361
57,2,2,183,25.3877
57,2,2,184,22.8676
57,2,2,185,25.4217
57,2,2,186,22.4521
57,2,2,187,18.1033
57,2,2,188,18.9575
57,2,2,189,18.178
57,2,2,190,24.4547
57,2,2,191,30.992
57,2,2,192,25.9619
57,2,2,193,17.2075
57,2,2,194,19.1202
57,2,2,195,17.4167
57,2,2,196,17.3667
57,2,2,197,19.9897
57,2,2,198,20.3019
57,2,2,199,28.553
57,2,2,200,22.3533
57,2,2,201,23.8236
57,2,2,202,20.525
57,2,2,203,27.7085
57,2,2,204,27.4313
57,2,2,205,20.5756
57,2,2,206,20.8219
57,2,2,207,20.6874
57,2,2,208,24.9251
57,2,2,209,23.0882
57,2,2,210,19.3467
57,2,2,211,18.7385
57,2,2,212,20.5536
57,2,2,213,20.9895
57,2,2,214,20.9873
57,2,2,215,21.3159
57,2,2,216,25.4833
57,2,2,217,8.3575
57,2,2,218,10.8117
57,2,2,219,7.4307
57,2,2,220,10.3661
57,2,2,221,10.0915
57,2,2,222,12.617
57,2,2,223,8.6585
57,2,2,224,11.9738
57,2,2,225,9.8902
57,2,2,226,10.3248
57,2,2,227,7.7659
57,2,2,228,9.5047
57,2,2,229,6.4347
57,2,2,230,6.6374
57,2,2,231,6.1316
57,2,2,232,6.9604
57,2,2,233,6.0009
57,2,2,234,7.7348
57,2,2,235,7.5601
57,2,2,236,7.9274
57,2,2,237,6.566
57,2,2,238,8.1246
57,2,2,239,7.9536
57,2,2,240,7.8014
57,2,2,241,8.3665
57,2,2,242,8.9831
57,2,2,243,8.1131
57,2,2,244,8.499
57,2,2,245,8.5
57,2,2,246,8.0584
57,2,2,247,7.2597
57,2,2,248,6.6821
57,2,2,249,6.1416
57,2,2,250,7.9408
57,2,2,251,7.648
57,2,2,252,7.8052
57,2,2,253,7.1054
57,2,2,254,6.6491
57,2,2,255,6.575
57,2,2,256,6.4927
57,2,2,257,6.8869
57,2,2,258,5.5802
57,2,2,259,6.8075
57,2,2,260,6.6302
57,2,2,261,6.0971
57,2,2,262,6.5804
57,2,2,263,6.554
57,2,2,264,6.6544
57,2,2,265,6.2556
57,2,2,266,8.0706
57,2,2,267,7.8052
57,2,2,268,7.105
57,2,2,269,6.6642
57,2,2,270,6.213
57,2,2,271,6.729
57,2,2,272,5.7768
57,2,2,273,6.7508
57,2,2,274,6.8854
57,2,2,275,6.7067
57,2,2,276,6.4312
57,2,2,277,5.5272
57,2,2,278,7.3194
57,2,2,279,6.036
57,2,2,280,5.7491
57,2,2,281,6.3023
57,2,2,282,5.719
57,2,2,283,8.9021
57,2,2,284,7.2055
57,2,2,285,9.4499
57,2,2,286,9.2555
57,2,2,287,10.4812
57,2,2,288,10.2448
57,2,2,289,8.0148
57,2,2,290,10.0583
57,2,2,291,11.6757
57,2,2,292,8.5494
57,2,2,293,8.444
57,2,2,294,5.7447
57,2,2,295,6.547
57,2,2,296,6.5243
57,2,2,297,5.698
57,2,2,298,10.6493
57,2,2,299,8.3568
57,2,2,300,9.5035
57,2,2,301,6.2594
57,2,2,302,11.0369
57,2,2,303,7.5391
57,2,2,304,6.8032
57,2,2,305,5.8132
57,2,2,306,6.9774
57,2,2,307,6.7106
57,2,2,308,6.9409
57,2,2,309,6.6964
57,2,2,310,7.9167
57,2,2,311,7.456
57,2,2,312,6.7377
57,2,2,313,6.8401
57,2,2,314,5.9828
57,2,2,315,6.5664
57,2,2,316,6.6348
57,2,2,317,7.4683
57,2,2,318,7.6503
57,2,2,319,6.7101
57,2,2,320,7.6369
57,2,2,321,6.4962
57,2,2,322,7.331
57,2,2,323,6.6761
57,2,2,324,7.18
57,2,2,325,6.7507
57,2,2,326,5.6798
57,2,2,327,6.6836
57,2,2,328,6.3858
57,2,2,329,6.973
57,2,2,330,6.3946
57,2,2,331,6.4725
57,2,2,332,6.668
57,2,2,333,5.9645
57,2,2,334,7.9986
57,2,2,335,6.8143
57,2,2,336,7.1557
57,2,2,337,6.1446
57,2,2,338,5.9335
57,2,2,339,6.6308
57,2,2,340,6.4581
57,2,2,341,6.6699
57,2,2,342,6.7165
57,2,2,343,6.4261
57,2,2,344,9.268
57,2,2,345,7.1312
57,2,2,346,6.5896
57,2,2,347,5.8162
57,2,2,348,7.3188
57,2,2,349,6.1759
57,2,2,350,7.7447
57,2,2,351,6.5505
57,2,2,352,5.8764
57,2,2,353,6.6036
57,2,2,354,6.6202
57,2,2,355,9.078
57,2,2,356,7.6473
57,2,2,357,8.2977
57,2,2,358,8.3885
57,2,2,359,9.3501
57,2,2,360,7.9422
57,2,2,361,7.5577
57,2,2,362,6.3813
57,2,2,363,6.2177
57,2,2,364,6.6093
57,2,2,365,6.3311
57,2,2,366,7.1797
57,2,2,367,6.4116
57,2,2,368,6.9715
57,2,2,369,6.2292
57,2,2,370,7.5988
57,2,2,371,7.9801
57,2,2,372,6.1323
57,2,2,373,8.2752
57,2,2,374,6.7073
57,2,2,375,6.3425
57,2,2,376,8.0578
57,2,2,377,7.1714
57,2,2,378,7.7463
57,2,2,379,6.8723
57,2,2,380,8.0549
57,2,2,381,7.0082
57,2,2,382,7.6573
57,2,2,383,6.6549
57,2,2,384,5.6278
57,2,2,385,6.6589
57,2,2,386,5.8333
57,2,2,387,7.849
57,2,2,388,7.6967
57,2,2,389,7.8163
57,2,2,390,7.2873
57,2,2,391,6.2771
57,2,2,392,6.8639
57,2,2,393,6.2434
57,2,2,394,6.7743
57,2,2,395,6.6852
57,2,2,396,8.1854
57,2,2,397,7.2894
57,2,2,398,8.9585
57,2,2,399,7.7173
57,2,2,400,9.2046
57,2,2,401,8.1172
57,2,2,402,6.4293
57,2,2,403,8.5967
57,2,2,404,7.7275
57,2,2,405,8.5748
57,2,2,406,6.9072
57,2,2,407,7.6822
57,2,2,408,7.8263
57,2,2,409,8.271
57,2,2,410,6.9241
57,2,2,411,7.4934
57,2,2,412,7.9936
57,2,2,413,9.5262
57,2,2,414,6.7201
57,2,2,415,6.9271
57,2,2,416,6.6793
57,2,2,417,5.9257
57,2,2,418,6.5691
57,2,2,419,6.4189
57,2,2,420,6.543
57,2,2,421,6.0201
57,2,2,422,7.662
57,2,2,423,6.5769
57,2,2,424,6.8071
57,2,2,425,8.022
57,2,2,426,7.5965
57,2,2,427,7.8223
57,2,2,428,7.1011
57,2,2,429,7.6003
57,2,2,430,6.7996
57,2,2,431,7.4597
57,2,2,432,6.0277
57,2,2,433,7.165
57,2,2,434,6.4432
57,2,2,435,7.896
57,2,2,436,6.5149
57,2,2,437,6.8588
57,2,2,438,8.2069
57,2,2,439,7.0881
57,2,2,440,7.9591
57,2,2,441,7.6541
57,2,2,442,7.4728
57,2,2,443,7.3205
57,2,2,444,8.1614
57,2,2,445,7.6755
57,2,2,446,8.2632
57,2,2,447,8.2222
57,2,2,448,7.8347
57,2,2,449,6.3521
57,2,2,450,7.9234
57,2,2,451,6.5008
57,2,2,452,7.8156
57,2,2,453,6.601
57,2,2,454,7.6538
57,2,2,455,7.134
57,2,2,456,7.6089
57,2,2,457,6.4974
57,2,2,458,6.9184
57,2,2,459,7.1464
57,2,2,460,7.4813
57,2,2,461,7.6198
57,2,2,462,6.9823
57,2,2,463,7.7516
57,2,2,464,6.2091
57,2,2,465,6.6809
57,2,2,466,5.5222
57,2,2,467,7.6274
57,2,2,468,7.643
57,2,2,469,7.5024
57,2,2,470,6.7355
57,2,2,471,7.2453
57,2,2,472,6.459
57,2,2,473,6.6254
57,2,2,474,6.6846
57,2,2,475,6.1992
57,2,2,476,7.7763
57,2,2,477,6.6517
57,2,2,478,7.3216
57,2,2,479,6.6089
57,2,2,480,8.2662
57,2,2,481,10.2976
57,2,2,482,8.6802
57,2,2,483,9.249
57,2,2,484,7.3963
57,2,2,485,8.4002
57,2,2,486,6.4956
57,2,2,487,8.0614
57,2,2,488,6.0638
57,2,2,489,7.9286
57,2,2,490,6.5759
57,2,2,491,6.4737
57,2,2,492,8.0978
57,2,2,493,8.0146
57,2,2,494,6.9717
57,2,2,495,6.8271
57,2,2,496,5.9854
57,2,2,497,6.7605
57,2,2,498,6.2822
57,2,2,499,6.9022
57,2,2,500,6.542
57,2,2,501,6.2032
57,2,2,502,6.8428
57,2,2,503,5.7628
57,2,2,504,6.7058
57,2,2,505,5.8295
57,2,2,506,7.9353
57,2,2,507,7.5148
57,2,2,508,6.3011
57,2,2,509,6.6272
57,2,2,510,5.5218
57,2,2,511,7.3698
57,2,2,512,7.4631
57,2,2,513,7.9745
57,2,2,514,6.1827
57,2,2,515,8.2867
57,2,2,516,7.1849
57,2,2,517,8.0951
57,2,2,518,7.009
57,2,2,519,7.9788
57,2,2,520,6.9095
57,2,2,521,7.4095
57,2,2,522,7.6165
57,2,2,523,6.681
57,2,2,524,7.7051
57,2,2,525,7.043
57,2,2,526,7.3637
57,2,2,527,6.7487
57,2,2,528,7.112
57,2,2,529,5.5785
57,2,2,530,7.9059
57,2,2,531,7.065
57,2,2,532,6.9232
57,2,2,533,6.6742
57,2,2,534,5.9278
57,2,2,535,7.6467
57,2,2,536,6.8898
57,2,2,537,7.7076
57,2,2,538,6.307
57,2,2,539,7.2275
57,2,2,540,6.569
57,2,2,541,6.669
57,2,2,542,9.1258
57,2,2,543,9.6366
57,2,2,544,9.8693
57,2,2,545,7.2448
57,2,2,546,8.3483
57,2,2,547,8.0539
57,2,2,548,7.7656
57,2,2,549,7.8738
57,2,2,550,8.1356
57,2,2,551,6.7126
57,2,2,552,7.9362
57,2,2,553,6.2621
57,2,2,554,6.84
57,2,2,555,5.8767
57,2,2,556,7.4804
57,2,2,557,7.044
57,2,2,558,7.6513
57,2,2,559,7.5284
57,2,2,560,6.684
57,2,2,561,6.5223
57,2,2,562,7.0896
57,2,2,563,7.0507
57,2,2,564,8.5556
57,2,2,565,6.9452
57,2,2,566,7.2674
57,2,2,567,6.7237
57,2,2,568,6.7882
57,2,2,569,7.8689
57,2,2,570,7.0842
57,2,2,571,6.8079
57,2,2,572,5.4452
57,2,2,573,7.52
57,2,2,574,7.3439
57,2,2,575,8.331
57,2,2,576,7.2701
57,2,2,577,8.5169
57,2,2,578,7.1383
57,2,2,579,7.653
57,2,2,580,7.4482
57,2,2,581,7.1934
57,2,2,582,8.3829
57,2,2,583,8.0514
57,2,2,584,7.3961
57,2,2,585,6.5096
57,2,2,586,6.6968
57,2,2,587,5.5145
57,2,2,588,7.5215
57,2,2,589,6.8007
57,2,2,590,6.9608
57,2,2,591,6.1915
57,2,2,592,6.0984
57,2,2,593,6.5932
57,2,2,594,5.6805
57,2,2,595,7.5348
57,2,2,596,7.0412
57,2,2,597,7.9388
57,2,2,598,7.6844
57,2,2,599,7.7655
57,2,2,600,6.6548
57,2,2,601,5.8618
57,2,2,602,6.8687
57,2,2,603,6.2389
57,2,2,604,6.9106
57,2,2,605,6.7687
57,2,2,606,6.4422
57,2,2,607,6.6464
57,2,2,608,6.4409
57,2,2,609,6.7455
57,2,2,610,6.0216
57,2,2,611,7.609
57,2,2,612,6.8945
57,2,2,613,7.7526
57,2,2,614,6.4705
57,2,2,615,7.521
57,2,2,616,7.7283
57,2,2,617,7.4461
57,2,2,618,7.8748
57,2,2,619,6.5296
57,2,2,620,6.7364
57,2,2,621,7.1725
57,2,2,622,8.3688
57,2,2,623,7.0834
57,2,2,624,7.4203
57,2,2,625,6.8464
57,2,2,626,7.2706
57,2,2,627,6.1762
57,2,2,628,7.4467
57,2,2,629,6.4458
57,2,2,630,7.3067
57,2,2,631,6.6567
57,2,2,632,6.3787
57,2,2,633,8.0864
57,2,2,634,6.1345
57,2,2,635,6.804
57,2,2,636,5.7655
57,2,2,637,7.0487
57,2,2,638,6.441
57,2,2,639,5.9062
57,2,2,640,6.5931
57,2,2,641,5.8227
57,2,2,642,6.5273
57,2,2,643,6.4583
57,2,2,644,6.9046
57,2,2,645,9.0721
57,2,2,646,7.9869
57,2,2,647,8.1537
57,2,2,648,8.4326
57,2,2,649,7.7306
57,2,2,650,7.1481
57,2,2,651,6.657
57,2,2,652,7.2622
57,2,2,653,8.6322
57,2,2,654,6.9713
57,2,2,655,6.662
57,2,2,656,6.0291
57,2,2,657,6.8048
57,2,2,658,6.2527
57,2,2,659,7.1486
57,2,2,660,7.2062
57,2,2,661,6.7063
57,2,2,662,6.5903
57,2,2,663,6.0945
57,2,2,664,6.7283
57,2,2,665,6.2042
57,2,2,666,6.744
57,2,2,667,6.7015
57,2,2,668,6.6145
57,2,2,669,6.849
57,2,2,670,7.0804
57,2,2,671,7.4674
57,2,2,672,6.2944
57,2,2,673,7.5577
57,2,2,674,6.4332
57,2,2,675,6.0259
57,2,2,676,6.649
57,2,2,677,5.8539
57,2,2,678,8.224
57,2,2,679,7.8884
57,2,2,680,11.8314
57,2,2,681,11.1661
57,2,2,682,11.5442
57,2,2,683,10.7262
57,2,2,684,8.5606
57,2,2,685,11.0503
57,2,2,686,9.9818
57,2,2,687,8.846
57,2,2,688,10.0205
57,2,2,689,8.9044
57,2,2,690,9.4974
57,2,2,691,9.5963
57,2,2,692,9.3256
57,2,2,693,9.53
57,2,2,694,9.719
57,2,2,695,10.0591
57,2,2,696,9.2723
57,2,2,697,9.0286
57,2,2,698,8.0051
57,2,2,699,9.4844
57,2,2,700,9.3449
57,2,2,701,9.2132
57,2,2,702,9.3924
57,2,2,703,8.8443
57,2,2,704,8.873
57,2,2,705,9.2589
57,2,2,706,8.581
57,2,2,707,9.2388
57,2,2,708,9.0228
57,2,2,709,9.4313
57,2,2,710,10.8683
57,2,2,711,9.5739
57,2,2,712,9.5587
57,2,2,713,9.1696
57,2,2,714,9.7738
57,2,2,715,11.1763
57,2,2,716,11.3618
57,2,2,717,9.8942
57,2,2,718,10.7435
57,2,2,719,10.8989
57,2,2,720,11.1716
57,2,2,721,9.6092
57,2,2,722,9.6451
57,2,2,723,10.9531
57,2,2,724,11.1753
57,2,2,725,11.061
57,2,2,726,11.55
57,2,2,727,10.8402
57,2,2,728,11.1378
57,2,2,729,9.8735
57,2,2,730,9.1365
57,2,2,731,9.9778
57,2,2,732,9.2781
57,2,2,733,10.7553
57,2,2,734,9.698
57,2,2,735,9.5899
57,2,2,736,9.456
57,2,2,737,9.7964
57,2,2,738,9.1351
57,2,2,739,10.7291
57,2,2,740,12.4385
57,2,2,741,15.2139
57,2,2,742,14.1521
57,2,2,743,12.2132
57,2,2,744,12.0883
57,2,2,745,17.0359
57,2,2,746,14.6314
57,2,2,747,13.3753
57,2,2,748,14.0006
57,2,2,749,13.0717
57,2,2,750,12.5894
57,2,2,751,10.7246
57,2,2,752,11.1545
57,2,2,753,12.1504
57,2,2,754,12.245
57,2,2,755,11.1271
57,2,2,756,10.6266
57,2,2,757,11.3524
57,2,2,758,12.3729
57,2,2,759,10.4165
57,2,2,760,10.7885
57,2,2,761,10.1528
57,2,2,762,10.4705
57,2,2,763,10.3507
57,2,2,764,9.1082
57,2,2,765,8.6955
57,2,2,766,10.3911
57,2,2,767,9.4491
57,2,2,768,9.3066
57,2,2,769,10.1217
57,2,2,770,8.4616
57,2,2,771,9.3372
57,2,2,772,8.2641
57,2,2,773,9.37
57,2,2,774,8.5803
57,2,2,775,9.3268
57,2,2,776,9.9181
57,2,2,777,8.8095
57,2,2,778,10.0366
57,2,2,779,10.1154
57,2,2,780,8.8926
57,2,2,781,12.4987
57,2,2,782,9.2827
57,2,2,783,10.5978
57,2,2,784,9.8402
57,2,2,785,11.4951
57,2,2,786,12.0744
57,2,2,787,11.0611
57,2,2,788,8.4556
57,2,2,789,8.4589
57,2,2,790,9.2462
57,2,2,791,11.6563
57,2,2,792,11.2872
57,2,2,793,10.5132
57,2,2,794,10.8805
57,2,2,795,11.3431
57,2,2,796,12.1861
57,2,2,797,12.4473
57,2,2,798,11.7095
57,2,2,799,12.3446
57,2,2,800,10.4438
57,2,2,801,8.6981
57,2,2,802,9.2816
57,2,2,803,9.2712
57,2,2,804,8.9597
57,2,2,805,10.4842
57,2,2,806,9.9947
57,2,2,807,14.0499
57,2,2,808,14.3581
57,2,2,809,12.4067
57,2,2,810,9.9636
57,2,2,811,9.4614
57,2,2,812,8.8026
57,2,2,813,8.9411
57,2,2,814,8.3715
57,2,2,815,8.9491
57,2,2,816,9.8698
57,2,2,817,8.7874
57,2,2,818,9.2176
57,2,2,819,9.7745
57,2,2,820,8.5757
57,2,2,821,10.5708
57,2,2,822,9.9001
57,2,2,823,9.4717
57,2,2,824,11.7596
57,2,2,825,10.9031
57,2,2,826,11.7825
57,2,2,827,10.4517
57,2,2,828,10.0369
57,2,2,829,10.566
57,2,2,830,10.0983
57,2,2,831,11.6389
57,2,2,832,11.9642
57,2,2,833,14.7685
57,2,2,834,15.53
57,2,2,835,11.9394
57,2,2,836,7.557
57,2,2,837,9.1974
57,2,2,838,9.8453
57,2,2,839,9.2662
57,2,2,840,12.3444
57,2,2,841,9.6556
57,2,2,842,8.8418
57,2,2,843,9.7624
57,2,2,844,8.9574
57,2,2,845,9.141
57,2,2,846,11.0913
57,2,2,847,9.1145
57,2,2,848,9.4413
57,2,2,849,9.8945
57,2,2,850,10.047
57,2,2,851,10.6745
57,2,2,852,10.1848
57,2,2,853,10.2132
57,2,2,854,9.1142
57,2,2,855,9.4975
57,2,2,856,8.7718
57,2,2,857,9.2583
57,2,2,858,9.2821
57,2,2,859,9.4761
57,2,2,860,8.6601
57,2,2,861,8.8312
57,2,2,862,12.4093
57,2,2,863,14.1867
57,2,2,864,12.6662
57,2,2,865,11.0144
57,2,2,866,10.1568
57,2,2,867,10.8611
57,2,2,868,10.1887
57,2,2,869,12.7543
57,2,2,870,11.7302
57,2,2,871,13.4399
57,2,2,872,12.1663
57,2,2,873,11.4753
57,2,2,874,11.4453
57,2,2,875,11.2426
57,2,2,876,9.7067
57,2,2,877,9.5545
57,2,2,878,9.6888
57,2,2,879,10.6784
57,2,2,880,11.0603
57,2,2,881,10.36
57,2,2,882,12.4462
57,2,2,883,12.0548
57,2,2,884,12.8833
57,2,2,885,8.9894
57,2,2,886,8.6142
57,2,2,887,10.4656
57,2,2,888,9.0851
57,2,2,889,10.1037
57,2,2,890,9.0934
57,2,2,891,11.4804
57,2,2,892,10.1749
57,2,2,893,10.2133
57,2,2,894,9.7276
57,2,2,895,10.475
57,2,2,896,10.4168
57,2,2,897,10.2405
57,2,2,898,8.7924
57,2,2,899,8.9028
57,2,2,900,9.6621
57,3,0,1,6.2884
57,3,0,2,5.751
57,3,0,3,6.351
57,3,0,4,6.4585
57,3,0,5,6.5669
57,3,0,6,6.4865
57,3,0,7,6.0928
57,3,0,8,6.524
57,3,0,9,6.0297
57,3,0,10,6.1617
57,3,0,11,6.2268
57,3,0,12,5.4124
57,3,0,13,5.6646
57,3,0,14,5.5429
57,3,0,15,6.2745
57,3,0,16,5.9121
57,3,0,17,5.4372
57,3,0,18,5.4972
57,3,0,19,5.456
57,3,0,20,5.0753
57,3,0,21,7.1715
57,3,0,22,6.137
57,3,0,23,6.4614
57,3,0,24,7.5368
57,3,0,25,6.6897
57,3,0,26,7.3217
57,3,0,27,5.914
57,3,0,28,7.3677
57,3,0,29,5.9532
57,3,0,30,8.2086
57,3,0,31,6.9499
57,3,0,32,7.8314
57,3,0,33,7.5041
57,3,0,34,6.6099
57,3,0,35,6.6004
57,3,0,36,6.4698
57,3,0,37,6.1809
57,3,0,38,5.986
57,3,0,39,6.2067
57,3,0,40,6.7481
57,3,0,41,5.4252
57,3,0,42,6.7437
57,3,0,43,5.9858
57,3,0,44,6.8185
57,3,0,45,6.6091
57,3,0,46,7.9903
57,3,0,47,8.2182
57,3,0,48,7.0729
57,3,0,49,8.2071
57,3,0,50,8.4124
57,3,0,51,8.0599
57,3,0,52,6.6027
57,3,0,53,7.9124
57,3,0,54,5.747
57,3,0,55,6.2404
57,3,0,56,6.3834
57,3,0,57,6.2995
57,3,0,58,6.3949
57,3,0,59,7.0535
57,3,0,60,6.8993
57,3,0,61,7.0439
57,3,0,62,7.7051
57,3,0,63,6.6529
57,3,0,64,8.5205
57,3,0,65,7.1654
57,3,0,66,7.2085
57,3,0,67,6.3215
57,3,0,68,6.4348
57,3,0,69,6.5738
57,3,0,70,6.5209
57,3,0,71,7.9886
57,3,0,72,5.8735
57,3,0,73,6.0459
57,3,0,74,4.9321
57,3,0,75,7.9582
57,3,0,76,8.6747
57,3,0,77,6.4016
57,3,0,78,7.0225
57,3,0,79,5.8682
57,3,0,80,6.4834
57,3,0,81,6.1602
57,3,0,82,7.3843
57,3,0,83,8.7866
57,3,0,84,7.1062
57,3,0,85,7.7747
57,3,0,86,8.5877
57,3,0,87,9.217
57,3,0,88,8.6404
57,3,0,89,7.9927
57,3,0,90,6.102
57,3,0,91,6.0656
57,3,0,92,6.5184
57,3,0,93,7.9512
57,3,0,94,9.9459
57,3,0,95,9.1249
57,3,0,96,8.3232
57,3,0,97,7.8166
57,3,0,98,8.4083
57,3,0,99,6.3588
57,3,0,100,6.7806
57,3,0,101,6.4156
57,3,0,102,6.3108
57,3,0,103,9.2418
57,3,0,104,7.5199
57,3,0,105,8.3611
57,3,0,106,6.1864
57,3,0,107,6.5583
57,3,0,108,5.7028
57,3,0,109,7.3735
57,3,0,110,7.0123
57,3,0,111,8.8645
57,3,0,112,7.6976
57,3,0,113,6.5999
57,3,0,114,6.136
57,3,0,115,6.6933
57,3,0,116,6.5799
57,3,0,117,6.8589
57,3,0,118,8.1777
57,3,0,119,6.6647
57,3,0,120,6.4153
57,3,0,121,6.9906
57,3,0,122,7.7333
57,3,0,123,7.2661
57,3,0,124,7.65
57,3,0,125,6.2099
57,3,0,126,8.1607
57,3,0,127,7.633
57,3,0,128,6.8716
57,3,0,129,7.9476
57,3,0,130,8.585
57,3,0,131,7.4377
57,3,0,132,8.1637
57,3,0,133,7.7879
57,3,0,134,6.9665
57,3,0,135,6.4663
57,3,0,136,4.8504
57,3,0,137,7.8616
57,3,0,138,6.8693
57,3,0,139,7.6279
57,3,0,140,7.533
57,3,0,141,7.3887
57,3,0,142,6.3627
57,3,0,143,7.6097
57,3,0,144,7.1849
57,3,0,145,7.056
57,3,0,146,6.8957
57,3,0,147,6.9531
57,3,0,148,6.5663
57,3,0,149,6.076
57,3,0,150,8.8789
57,3,0,151,8.5601
57,3,0,152,8.5547
57,3,0,153,9.5509
57,3,0,154,6.4661
57,3,0,155,6.7115
57,3,0,156,6.5424
57,3,0,157,5.798
57,3,0,158,6.5622
57,3,0,159,6.59
57,3,0,160,6.6463
57,3,0,161,6.4664
57,3,0,162,7.6844
57,3,0,163,7.2419
57,3,0,164,7.4181
57,3,0,165,7.3474
57,3,0,166,7.1789
57,3,0,167,6.5473
57,3,0,168,6.1378
57,3,0,169,7.6447
57,3,0,170,7.7586
57,3,0,171,8.0629
57,3,0,172,7.3537
57,3,0,173,6.8479
57,3,0,174,7.0745
57,3,0,175,7.7647
57,3,0,176,6.9715
57,3,0,177,7.4551
57,3,0,178,6.4019
57,3,0,179,7.3721
57,3,0,180,7.4103
57,3,0,181,7.1747
57,3,0,182,7.9491
57,3,0,183,8.4572
57,3,0,184,6.745
57,3,0,185,5.8935
57,3,0,186,6.5924
57,3,0,187,5.7479
57,3,0,188,8.6002
57,3,0,189,7.3156
57,3,0,190,7.3122
57,3,0,191,6.5179
57,3,0,192,7.9365
57,3,0,193,7.7285
57,3,0,194,6.9086
57,3,0,195,6.5728
57,3,0,196,5.6931
57,3,0,197,7.789
57,3,0,198,7.1228
57,3,0,199,8.1076
57,3,0,200,6.7915
57,3,0,201,6.7912
57,3,0,202,6.5707
57,3,0,203,6.4196
57,3,0,204,7.869
57,3,0,205,6.8542
57,3,0,206,6.7729
57,3,0,207,6.1361
57,3,0,208,6.6493
57,3,0,209,7.3472
57,3,0,210,7.8522
57,3,0,211,7.6812
57,3,0,212,6.6995
57,3,0,213,7.3759
57,3,0,214,7.15
57,3,0,215,6.5951
57,3,0,216,5.4578
57,3,0,217,9.1981
57,3,0,218,6.5375
57,3,0,219,8.68
57,3,0,220,7.2186
57,3,0,221,8.0474
57,3,0,222,6.5523
57,3,0,223,7.3502
57,3,0,224,6.3847
57,3,0,225,6.7722
57,3,0,226,7.89
57,3,0,227,6.7847
57,3,0,228,7.6158
57,3,0,229,6.3415
57,3,0,230,6.8827
57,3,0,231,5.956
57,3,0,232,6.7645
57,3,0,233,6.5361
57,3,0,234,6.2173
57,3,0,235,6.4418
57,3,0,236,5.603
57,3,0,237,8.2824
57,3,0,238,7.0382
57,3,0,239,7.0775
57,3,0,240,7.542
57,3,0,241,7.4188
57,3,0,242,7.456
57,3,0,243,6.8952
57,3,0,244,6.5735
57,3,0,245,5.9041
57,3,0,246,6.82
57,3,0,247,6.0788
57,3,0,248,7.2856
57,3,0,249,6.6318
57,3,0,250,7.4554
57,3,0,251,7.8664
57,3,0,252,6.6422
57,3,0,253,6.6076
57,3,0,254,6.0384
57,3,0,255,7.9042
57,3,0,256,6.6434
57,3,0,257,7.9808
57,3,0,258,7.4529
57,3,0,259,7.9647
57,3,0,260,6.6501
57,3,0,261,7.4628
57,3,0,262,6.4588
57,3,0,263,6.9018
57,3,0,264,7.5768
57,3,0,265,6.6162
57,3,0,266,8.1236
57,3,0,267,7.9586
57,3,0,268,6.5009
57,3,0,269,6.5957
57,3,0,270,6.9821
57,3,0,271,5.7792
57,3,0,272,6.7322
57,3,0,273,6.3723
57,3,0,274,5.7211
57,3,0,275,6.6528
57,3,0,276,5.5037
57,3,0,277,6.5817
57,3,0,278,5.6881
57,3,0,279,8.5792
57,3,0,280,7.0842
57,3,0,281,9.0166
57,3,0,282,8.4216
57,3,0,283,7.6235
57,3,0,284,6.1561
57,3,0,285,7.6523
57,3,0,286,8.4543
57,3,0,287,9.2785
57,3,0,288,6.9981
57,3,0,289,7.2467
57,3,0,290,6.4692
57,3,0,291,6.8304
57,3,0,292,8.0456
57,3,0,293,6.9071
57,3,0,294,6.553
57,3,0,295,5.8403
57,3,0,296,6.7679
57,3,0,297,6.2634
57,3,0,298,8.1045
57,3,0,299,7.0642
57,3,0,300,6.887
57,3,0,301,6.5587
57,3,0,302,5.7013
57,3,0,303,6.5527
57,3,0,304,6.2778
57,3,0,305,7.4657
57,3,0,306,6.7543
57,3,0,307,7.095
57,3,0,308,6.7009
57,3,0,309,7.0697
57,3,0,310,6.4762
57,3,0,311,5.2978
57,3,0,312,6.6469
57,3,0,313,6.6053
57,3,0,314,6.3267
57,3,0,315,7.9278
57,3,0,316,6.3506
57,3,0,317,6.8248
57,3,0,318,6.7142
57,3,0,319,7.4611
57,3,0,320,7.099
57,3,0,321,6.4528
57,3,0,322,7.5923
57,3,0,323,8.6781
57,3,0,324,8.3861
57,3,0,325,8.3571
57,3,0,326,9.4575
57,3,0,327,7.4615
57,3,0,328,6.6454
57,3,0,329,8.0997
57,3,0,330,8.2097
57,3,0,331,7.1475
57,3,0,332,8.4103
57,3,0,333,6.51
57,3,0,334,5.7961
57,3,0,335,5.4255
57,3,0,336,8.0562
57,3,0,337,5.8505
57,3,0,338,8.5424
57,3,0,339,8.305
57,3,0,340,5.5873
57,3,0,341,6.0748
57,3,0,342,6.353
57,3,0,343,6.3687
57,3,0,344,6.4535
57,3,0,345,6.1893
57,3,0,346,7.0055
57,3,0,347,5.8014
57,3,0,348,6.0373
57,3,0,349,6.2546
57,3,0,350,6.7129
57,3,0,351,6.7214
57,3,0,352,5.7653
57,3,0,353,6.5466
57,3,0,354,5.8398
57,3,0,355,7.2553
57,3,0,356,6.6474
57,3,0,357,6.0847
57,3,0,358,7.1243
57,3,0,359,6.921
57,3,0,360,6.0362
57,3,0,361,5.7303
57,3,0,362,7.4395
57,3,0,363,8.9103
57,3,0,364,9.6603
57,3,0,365,9.3536
57,3,0,366,9.5645
57,3,0,367,7.0069
57,3,0,368,6.4363
57,3,0,369,6.6233
57,3,0,370,5.2601
57,3,0,371,9.7617
57,3,0,372,8.5052
57,3,0,373,6.7052
57,3,0,374,8.0845
57,3,0,375,8.0254
57,3,0,376,5.0643
57,3,0,377,5.4471
57,3,0,378,5.8679
57,3,0,379,5.4737
57,3,0,380,5.1925
57,3,0,381,5.2542
57,3,0,382,5.3165
57,3,0,383,4.9854
57,3,0,384,5.9846
57,3,0,385,6.1573
57,3,0,386,4.9447
57,3,0,387,4.921
57,3,0,388,5.7988
57,3,0,389,6.8279
57,3,0,390,9.2912
57,3,0,391,5.8712
57,3,0,392,6.9715
57,3,0,393,8.3755
57,3,0,394,9.2796
57,3,0,395,7.9038
57,3,0,396,9.067
57,3,0,397,9.8827
57,3,0,398,7.3482
57,3,0,399,6.6692
57,3,0,400,6.3989
57,3,0,401,6.1321
57,3,0,402,5.8002
57,3,0,403,5.9677
57,3,0,404,5.6299
57,3,0,405,5.5342
57,3,0,406,7.2054
57,3,0,407,9.1126
57,3,0,408,6.5574
57,3,0,409,6.6509
57,3,0,410,6.5475
57,3,0,411,8.1385
57,3,0,412,7.3803
57,3,0,413,5.9604
57,3,0,414,7.4406
57,3,0,415,9.782
57,3,0,416,8.4279
57,3,0,417,9.6921
57,3,0,418,9.4514
57,3,0,419,7.1809
57,3,0,420,5.5865
57,3,0,421,7.9398
57,3,0,422,9.4118
57,3,0,423,9.974
57,3,0,424,8.6872
57,3,0,425,9.2264
57,3,0,426,7.9395
57,3,0,427,8.2944
57,3,0,428,7.1012
57,3,0,429,7.8813
57,3,0,430,7.0988
57,3,0,431,9.2254
57,3,0,432,9.5176
57,3,0,433,8.3087
57,3,0,434,8.17
57,3,0,435,6.1383
57,3,0,436,6.2999
57,3,0,437,8.5732
57,3,0,438,6.9643
57,3,0,439,9.3651
57,3,0,440,7.714
57,3,0,441,6.7834
57,3,0,442,8.2076
57,3,0,443,8.0601
57,3,0,444,7.5107
57,3,0,445,6.9304
57,3,0,446,6.7247
57,3,0,447,6.6213
57,3,0,448,7.6401
57,3,0,449,7.7145
57,3,0,450,6.1403
57,3,0,451,7.8073
57,3,0,452,6.8159
57,3,0,453,6.6381
57,3,0,454,6.2944
57,3,0,455,6.5575
57,3,0,456,6.521
57,3,0,457,5.7583
57,3,0,458,6.6264
57,3,0,459,6.6472
57,3,0,460,4.8952
57,3,0,461,6.3343
57,3,0,462,6.3459
57,3,0,463,6.3856
57,3,0,464,6.127
57,3,0,465,5.647
57,3,0,466,6.5386
57,3,0,467,6.0791
57,3,0,468,5.4851
57,3,0,469,6.676
57,3,0,470,6.6887
57,3,0,471,7.1225
57,3,0,472,6.4153
57,3,0,473,7.9685
57,3,0,474,7.1327
57,3,0,475,6.7889
57,3,0,476,9.6236
57,3,0,477,9.6987
57,3,0,478,6.5026
57,3,0,479,6.8955
57,3,0,480,8.2767
57,3,0,481,7.1477
57,3,0,482,6.6281
57,3,0,483,4.9922
57,3,0,484,6.1544
57,3,0,485,6.1443
57,3,0,486,6.5835
57,3,0,487,7.7947
57,3,0,488,8.5012
57,3,0,489,7.9554
57,3,0,490,8.4619
57,3,0,491,8.5413
57,3,0,492,8.0541
57,3,0,493,8.2116
57,3,0,494,7.027
57,3,0,495,6.148
57,3,0,496,5.9235
57,3,0,497,6.3771
57,3,0,498,6.2493
57,3,0,499,5.9205
57,3,0,500,6.4599
57,3,0,501,5.8586
57,3,0,502,6.2328
57,3,0,503,6.6812
57,3,0,504,6.0734
57,3,0,505,5.8517
57,3,0,506,7.2186
57,3,0,507,7.8974
57,3,0,508,6.5383
57,3,0,509,6.6388
57,3,0,510,6.641
57,3,0,511,8.0783
57,3,0,512,8.3019
57,3,0,513,9.0116
57,3,0,514,7.8278
57,3,0,515,8.6905
57,3,0,516,8.8779
57,3,0,517,7.897
57,3,0,518,6.4893
57,3,0,519,6.5829
57,3,0,520,6.3959
57,3,0,521,6.8766
57,3,0,522,6.6163
57,3,0,523,7.8702
57,3,0,524,7.616
57,3,0,525,6.8227
57,3,0,526,5.8673
57,3,0,527,6.5531
57,3,0,528,6.1227
57,3,0,529,5.8781
57,3,0,530,6.5002
57,3,0,531,6.4833
57,3,0,532,6.0364
57,3,0,533,6.4264
57,3,0,534,5.8765
57,3,0,535,5.3699
57,3,0,536,5.8337
57,3,0,537,5.657
57,3,0,538,6.6503
57,3,0,539,8.8132
57,3,0,540,7.9014
57,3,0,541,6.1998
57,3,0,542,5.9854
57,3,0,543,6.3473
57,3,0,544,6.0541
57,3,0,545,8.7838
57,3,0,546,8.5418
57,3,0,547,9.545
57,3,0,548,6.8269
57,3,0,549,6.9117
57,3,0,550,6.0836
57,3,0,551,6.4139
57,3,0,552,6.827
57,3,0,553,6.906
57,3,0,554,8.5143
57,3,0,555,7.3259
57,3,0,556,8.5635
57,3,0,557,8.6488
57,3,0,558,8.4009
57,3,0,559,8.2212
57,3,0,560,7.9918
57,3,0,561,7.0155
57,3,0,562,6.6018
57,3,0,563,7.0437
57,3,0,564,8.5628
57,3,0,565,8.4811
57,3,0,566,7.9106
57,3,0,567,8.4571
57,3,0,568,8.8657
57,3,0,569,8.7741
57,3,0,570,8.2766
57,3,0,571,7.8307
57,3,0,572,6.6992
57,3,0,573,6.8844
57,3,0,574,6.6133
57,3,0,575,5.9776
57,3,0,576,7.0928
57,3,0,577,7.0827
57,3,0,578,6.8601
57,3,0,579,6.6178
57,3,0,580,6.5109
57,3,0,581,6.2221
57,3,0,582,5.3552
57,3,0,583,5.856
57,3,0,584,6.2359
57,3,0,585,6.2917
57,3,0,586,5.3608
57,3,0,587,5.7378
57,3,0,588,6.5993
57,3,0,589,8.9235
57,3,0,590,5.4597
57,3,0,591,13.9475
57,3,0,592,5.3355
57,3,0,593,7.2339
57,3,0,594,5.8346
57,3,0,595,5.3091
57,3,0,596,5.2315
57,3,0,597,5.1089
57,3,0,598,5.1654
57,3,0,599,5.9027
57,3,0,600,5.9126
57,3,0,601,5.6277
57,3,0,602,5.2558
57,3,0,603,5.627
57,3,0,604,5.651
57,3,0,605,6.0467
57,3,0,606,6.6283
57,3,0,607,5.4069
57,3,0,608,8.1166
57,3,0,609,7.5622
57,3,0,610,10.2384
57,3,0,611,6.8329
57,3,0,612,8.5028
57,3,0,613,9.0425
57,3,0,614,7.1614
57,3,0,615,5.5697
57,3,0,616,8.1306
57,3,0,617,8.9852
57,3,0,618,8.6266
57,3,0,619,9.9514
57,3,0,620,6.8566
57,3,0,621,8.0799
57,3,0,622,9.603
57,3,0,623,7.1138
57,3,0,624,7.2385
57,3,0,625,6.4589
57,3,0,626,7.8551
57,3,0,627,5.9005
57,3,0,628,5.816
57,3,0,629,8.2903
57,3,0,630,7.4232
57,3,0,631,6.9373
57,3,0,632,7.3096
57,3,0,633,5.6848
57,3,0,634,6.0901
57,3,0,635,5.7025
57,3,0,636,5.2267
57,3,0,637,7.5659
57,3,0,638,5.7266
57,3,0,639,6.2575
57,3,0,640,5.6637
57,3,0,641,5.4974
57,3,0,642,6.3107
57,3,0,643,5.9134
57,3,0,644,6.3823
57,3,0,645,5.8655
57,3,0,646,6.2463
57,3,0,647,6.5169
57,3,0,648,5.9417
57,3,0,649,5.2951
57,3,0,650,6.4062
57,3,0,651,5.1771
57,3,0,652,6.1111
57,3,0,653,6.2483
57,3,0,654,6.56
57,3,0,655,5.98
57,3,0,656,6.0769
57,3,0,657,5.8654
57,3,0,658,7.1636
57,3,0,659,8.2385
57,3,0,660,7.2995
57,3,0,661,7.9035
57,3,0,662,8.4142
57,3,0,663,8.6175
57,3,0,664,8.3385
57,3,0,665,8.4136
57,3,0,666,8.4958
57,3,0,667,9.1976
57,3,0,668,8.6524
57,3,0,669,8.3619
57,3,0,670,8.4344
57,3,0,671,8.27
57,3,0,672,8.1525
57,3,0,673,8.3233
57,3,0,674,8.7867
57,3,0,675,8.6696
57,3,0,676,8.5232
57,3,0,677,7.8633
57,3,0,678,8.6204
57,3,0,679,8.4845
57,3,0,680,8.3829
57,3,0,681,10.4832
57,3,0,682,11.6728
57,3,0,683,13.0731
57,3,0,684,12.667
57,3,0,685,11.5087
57,3,0,686,10.8746
57,3,0,687,7.6895
57,3,0,688,9.1228
57,3,0,689,11.2362
57,3,0,690,11.6197
57,3,0,691,8.8998
57,3,0,692,9.124
57,3,0,693,11.0151
57,3,0,694,11.8121
57,3,0,695,9.9346
57,3,0,696,12.4452
57,3,0,697,13.7979
57,3,0,698,11.9749
57,3,0,699,11.8297
57,3,0,700,10.2896
57,3,0,701,8.8594
57,3,0,702,8.0714
57,3,0,703,8.8946
57,3,0,704,8.8206
57,3,0,705,8.5623
57,3,0,706,9.5806
57,3,0,707,10.7418
57,3,0,708,17.6499
57,3,0,709,18.9954
57,3,0,710,10.9975
57,3,0,711,9.7726
57,3,0,712,11.0605
57,3,0,713,8.3162
57,3,0,714,8.768
57,3,0,715,8.6401
57,3,0,716,8.5328
57,3,0,717,8.551
57,3,0,718,8.2488
57,3,0,719,7.789
57,3,0,720,8.8031
57,3,0,721,10.6376
57,3,0,722,12.0508
57,3,0,723,11.4304
57,3,0,724,11.3982
57,3,0,725,8.6453
57,3,0,726,12.1333
57,3,0,727,11.2789
57,3,0,728,12.5392
57,3,0,729,9.0045
57,3,0,730,7.9621
57,3,0,731,7.9428
57,3,0,732,7.8328
57,3,0,733,8.2574
57,3,0,734,7.8679
57,3,0,735,7.7482
57,3,0,736,7.7855
57,3,0,737,8.3165
57,3,0,738,10.0597
57,3,0,739,8.1019
57,3,0,740,8.5005
57,3,0,741,8.5251
57,3,0,742,7.6801
57,3,0,743,8.7251
57,3,0,744,7.6964
57,3,0,745,8.7872
57,3,0,746,8.6985
57,3,0,747,8.4394
57,3,0,748,8.4314
57,3,0,749,7.4697
57,3,0,750,7.8799
57,3,0,751,10.5036
57,3,0,752,11.3
57,3,0,753,11.5121
57,3,0,754,8.2803
57,3,0,755,8.5996
57,3,0,756,8.3042
57,3,0,757,8.7665
57,3,0,758,8.2988
57,3,0,759,8.6559
57,3,0,760,7.0418
57,3,0,761,8.6183
57,3,0,762,8.3736
57,3,0,763,8.8381
57,3,0,764,8.8844
57,3,0,765,8.8144
57,3,0,766,9.8145
57,3,0,767,8.8606
57,3,0,768,10.3047
57,3,0,769,10.8715
57,3,0,770,11.1463
57,3,0,771,12.9556
57,3,0,772,12.2728
57,3,0,773,12.1388
57,3,0,774,13.802
57,3,0,775,13.3015
57,3,0,776,12.764
57,3,0,777,11.6822
57,3,0,778,11.3591
57,3,0,779,8.1858
57,3,0,780,8.6202
57,3,0,781,8.0029
57,3,0,782,10.684
57,3,0,783,12.2166
57,3,0,784,8.8788
57,3,0,785,7.7548
57,3,0,786,7.9611
57,3,0,787,7.4938
57,3,0,788,8.2318
57,3,0,789,8.6177
57,3,0,790,8.471
57,3,0,791,8.7029
57,3,0,792,7.7662
57,3,0,793,10.087
57,3,0,794,8.8556
57,3,0,795,8.3144
57,3,0,796,10.6786
57,3,0,797,12.4814
57,3,0,798,9.5926
57,3,0,799,12.7695
57,3,0,800,9.7386
57,3,0,801,11.0894
57,3,0,802,10.7455
57,3,0,803,10.8719
57,3,0,804,9.2199
57,3,0,805,10.7173
57,3,0,806,8.6808
57,3,0,807,8.0087
57,3,0,808,8.4696
57,3,0,809,8.1526
57,3,0,810,9.454
57,3,0,811,8.5453
57,3,0,812,8.825
57,3,0,813,10.4005
57,3,0,814,12.0443
57,3,0,815,9.9278
57,3,0,816,9.117
57,3,0,817,8.5404
57,3,0,818,8.7026
57,3,0,819,8.7923
57,3,0,820,8.6803
57,3,0,821,7.0246
57,3,0,822,8.0891
57,3,0,823,8.6247
57,3,0,824,8.7196
57,3,0,825,8.2261
57,3,0,826,8.5648
57,3,0,827,7.765
57,3,0,828,8.785
57,3,0,829,8.9377
57,3,0,830,10.0637
57,3,0,831,9.2215
57,3,0,832,9.4043
57,3,0,833,12.1171
57,3,0,834,9.4414
57,3,0,835,8.5884
57,3,0,836,8.5405
57,3,0,837,8.8136
57,3,0,838,9.326
57,3,0,839,8.7168
57,3,0,840,9.6919
57,3,0,841,9.4539
57,3,0,842,7.778
57,3,0,843,10.7471
57,3,0,844,12.2724
57,3,0,845,14.1258
57,3,0,846,14.415
57,3,0,847,13.8579
57,3,0,848,15.2027
57,3,0,849,11.8195
57,3,0,850,9.4129
57,3,0,851,9.5417
57,3,0,852,9.572
57,3,0,853,9.0174
57,3,0,854,9.2871
57,3,0,855,9.6165
57,3,0,856,9.537
57,3,0,857,13.0439
57,3,0,858,15.2309
57,3,0,859,14.5624
57,3,0,860,15.0117
57,3,0,861,16.6366
57,3,0,862,11.6937
57,3,0,863,9.2318
57,3,0,864,8.3152
57,3,0,865,8.5734
57,3,0,866,9.3567
57,3,0,867,13.1643
57,3,0,868,9.0957
57,3,0,869,9.3668
57,3,0,870,7.6193
57,3,0,871,12.2336
57,3,0,872,9.4107
57,3,0,873,9.4814
57,3,0,874,9.3048
57,3,0,875,9.1277
57,3,0,876,8.887
57,3,0,877,8.8482
57,3,0,878,8.9552
57,3,0,879,7.9172
57,3,0,880,9.5651
57,3,0,881,9.4339
57,3,0,882,9.3676
57,3,0,883,9.3255
57,3,0,884,9.5875
57,3,0,885,9.4181
57,3,0,886,9.2906
57,3,0,887,8.3606
57,3,0,888,8.3336
57,3,0,889,8.4615
57,3,0,890,8.5708
57,3,0,891,7.8936
57,3,0,892,9.2831
57,3,0,893,8.2319
57,3,0,894,9.4713
57,3,0,895,8.4457
57,3,0,896,9.4184
57,3,0,897,8.295
57,3,0,898,9.1986
57,3,0,899,8.1282
57,3,0,900,8.7763
57,3,1,1,6.8686
57,3,1,2,7.3463
57,3,1,3,7.2851
57,3,1,4,7.0913
57,3,1,5,7.0287
57,3,1,6,7.6241
57,3,1,7,7.48
57,3,1,8,7.695
57,3,1,9,6.8608
57,3,1,10,7.0494
57,3,1,11,6.9385
57,3,1,12,7.1301
57,3,1,13,7.1084
57,3,1,14,7.5037
57,3,1,15,7.0832
57,3,1,16,7.6363
57,3,1,17,7.1557
57,3,1,18,8.463
57,3,1,19,11.5956
57,3,1,20,12.4517
57,3,1,21,11.5384
57,3,1,22,8.4271
57,3,1,23,8.0807
57,3,1,24,9.1332
57,3,1,25,9.2812
57,3,1,26,10.2881
57,3,1,27,12.3997
57,3,1,28,10.4919
57,3,1,29,8.1911
57,3,1,30,7.5898
57,3,1,31,8.1201
57,3,1,32,8.8118
57,3,1,33,8.6909
57,3,1,34,11.357
57,3,1,35,10.8948
57,3,1,36,8.8551
57,3,1,37,9.6318
57,3,1,38,7.8544
57,3,1,39,7.4706
57,3,1,40,7.6023
57,3,1,41,6.9912
57,3,1,42,6.1459
57,3,1,43,7.1508
57,3,1,44,7.1878
57,3,1,45,7.0152
57,3,1,46,7.0189
57,3,1,47,7.2275
57,3,1,48,7.0786
57,3,1,49,5.4121
57,3,1,50,7.4198
57,3,1,51,11
57,3,1,52,11.3044
57,3,1,53,8.1228
57,3,1,54,7.9374
57,3,1,55,10.6413
57,3,1,56,11.2194
57,3,1,57,11.8613
57,3,1,58,11.6451
57,3,1,59,10.6145
57,3,1,60,7.7478
57,3,1,61,9.3597
57,3,1,62,8.5676
57,3,1,63,10.8382
57,3,1,64,11.1312
57,3,1,65,12.2591
57,3,1,66,11.5371
57,3,1,67,11.4407
57,3,1,68,11.4714
57,3,1,69,11.4579
57,3,1,70,11.9785
57,3,1,71,10.6562
57,3,1,72,7.3063
57,3,1,73,7.1603
57,3,1,74,6.9756
57,3,1,75,7.075
57,3,1,76,6.9618
57,3,1,77,5.9376
57,3,1,78,7.1879
57,3,1,79,7.2712
57,3,1,80,7.1923
57,3,1,81,7.3058
57,3,1,82,6.9181
57,3,1,83,7.2494
57,3,1,84,7.167
57,3,1,85,7.1301
57,3,1,86,7.1454
57,3,1,87,7.0641
57,3,1,88,6.2494
57,3,1,89,5.7541
57,3,1,90,6.7201
57,3,1,91,6.5844
57,3,1,92,6.6267
57,3,1,93,6.1169
57,3,1,94,7.4212
57,3,1,95,7.7921
57,3,1,96,7.4143
57,3,1,97,7.0112
57,3,1,98,7.2317
57,3,1,99,7.3288
57,3,1,100,7.1365
57,3,1,101,6.4929
57,3,1,102,6.9031
57,3,1,103,7.2644
57,3,1,104,7.2036
57,3,1,105,7.2766
57,3,1,106,6.6155
57,3,1,107,6.9989
57,3,1,108,6.983
57,3,1,109,6.8308
57,3,1,110,7.0372
57,3,1,111,7.017
57,3,1,112,6.5156
57,3,1,113,7.2304
57,3,1,114,6.9733
57,3,1,115,6.88
57,3,1,116,5.9873
57,3,1,117,7.0926
57,3,1,118,6.547
57,3,1,119,7.2278
57,3,1,120,7.7726
57,3,1,121,7.0169
57,3,1,122,7.3625
57,3,1,123,7.4799
57,3,1,124,7.5215
57,3,1,125,5.8059
57,3,1,126,5.0609
57,3,1,127,6.6603
57,3,1,128,7.5954
57,3,1,129,6.9355
57,3,1,130,7.0583
57,3,1,131,7.2245
57,3,1,132,7.3655
57,3,1,133,7.0176
57,3,1,134,6.4484
57,3,1,135,7.0118
57,3,1,136,6.9647
57,3,1,137,6.9591
57,3,1,138,7.0431
57,3,1,139,8.5781
57,3,1,140,8.3217
57,3,1,141,6.8153
57,3,1,142,5.8678
57,3,1,143,6.7609
57,3,1,144,6.8267
57,3,1,145,7.3513
57,3,1,146,7.0374
57,3,1,147,7.8764
57,3,1,148,6.6884
57,3,1,149,6.742
57,3,1,150,9.3644
57,3,1,151,7.8705
57,3,1,152,11.1561
57,3,1,153,9.6548
57,3,1,154,7.6651
57,3,1,155,8.5467
57,3,1,156,6.8823
57,3,1,157,6.5892
57,3,1,158,7.122
57,3,1,159,7.7549
57,3,1,160,7.2157
57,3,1,161,8.0979
57,3,1,162,8.1439
57,3,1,163,7.3122
57,3,1,164,7.2549
57,3,1,165,6.8029
57,3,1,166,10.306
57,3,1,167,8.0808
57,3,1,168,8.1152
57,3,1,169,6.6035
57,3,1,170,7.3496
57,3,1,171,6.5251
57,3,1,172,7.0026
57,3,1,173,7.2293
57,3,1,174,6.9599
57,3,1,175,7.0079
57,3,1,176,7.403
57,3,1,177,7.8721
57,3,1,178,6.4131
57,3,1,179,7.0878
57,3,1,180,6.2873
57,3,1,181,7.5498
57,3,1,182,7.0359
57,3,1,183,7.1834
57,3,1,184,7.3441
57,3,1,185,6.511
57,3,1,186,7.2784
57,3,1,187,6.8678
57,3,1,188,6.8797
57,3,1,189,6.8466
57,3,1,190,6.8403
57,3,1,191,6.8419
57,3,1,192,7.4208
57,3,1,193,7.0583
57,3,1,194,9.738
57,3,1,195,9.6932
57,3,1,196,6.9098
57,3,1,197,6.861
57,3,1,198,6.3749
57,3,1,199,6.3665
57,3,1,200,7.0957
57,3,1,201,7.0667
57,3,1,202,6.4236
57,3,1,203,6.617
57,3,1,204,6.888
57,3,1,205,6.8946
57,3,1,206,6.7974
57,3,1,207,6.1426
57,3,1,208,6.9264
57,3,1,209,6.9763
57,3,1,210,6.8219
57,3,1,211,6.7783
57,3,1,212,6.9805
57,3,1,213,7.1645
57,3,1,214,7.0538
57,3,1,215,7.0151
57,3,1,216,5.2597
57,3,1,217,6.8977
57,3,1,218,6.7248
57,3,1,219,6.1179
57,3,1,220,7.1982
57,3,1,221,7.1771
57,3,1,222,7.0905
57,3,1,223,6.5792
57,3,1,224,7.371
57,3,1,225,9.1583
57,3,1,226,7.2329
57,3,1,227,6.8711
57,3,1,228,6.9344
57,3,1,229,6.9973
57,3,1,230,6.9785
57,3,1,231,6.8917
57,3,1,232,6.9341
57,3,1,233,7.0793
57,3,1,234,7.1396
57,3,1,235,6.2008
57,3,1,236,6.1391
57,3,1,237,6.9273
57,3,1,238,6.9676
57,3,1,239,7.0386
57,3,1,240,7.0787
57,3,1,241,7.2809
57,3,1,242,7.7084
57,3,1,243,7.3016
57,3,1,244,7.0297
57,3,1,245,6.8091
57,3,1,246,7.1725
57,3,1,247,6.8927
57,3,1,248,7.0117
57,3,1,249,7.3811
57,3,1,250,7.4893
57,3,1,251,8.3694
57,3,1,252,10.1699
57,3,1,253,8.0329
57,3,1,254,7.5929
57,3,1,255,7.2858
57,3,1,256,6.9675
57,3,1,257,6.7335
57,3,1,258,6.7983
57,3,1,259,6.8943
57,3,1,260,6.8679
57,3,1,261,7.0563
57,3,1,262,6.9444
57,3,1,263,7.2381
57,3,1,264,10.7821
57,3,1,265,7.8614
57,3,1,266,11.0464
57,3,1,267,8.5183
57,3,1,268,6.7976
57,3,1,269,6.7274
57,3,1,270,7.3488
57,3,1,271,6.8027
57,3,1,272,6.2237
57,3,1,273,7.0888
57,3,1,274,6.5269
57,3,1,275,9.2031
57,3,1,276,10.3698
57,3,1,277,11.599
57,3,1,278,9.0784
57,3,1,279,7.8834
57,3,1,280,7.064
57,3,1,281,6.8901
57,3,1,282,7.0085
57,3,1,283,6.9878
57,3,1,284,9.5001
57,3,1,285,8.6606
57,3,1,286,7.0864
57,3,1,287,7.3794
57,3,1,288,10.8545
57,3,1,289,10.9429
57,3,1,290,8.634
57,3,1,291,6.8414
57,3,1,292,7.0717
57,3,1,293,7.3101
57,3,1,294,8.0835
57,3,1,295,6.878
57,3,1,296,7.4006
57,3,1,297,7.5451
57,3,1,298,7.0387
57,3,1,299,7.6789
57,3,1,300,7.1905
57,3,1,301,7.7655
57,3,1,302,8.7559
57,3,1,303,7.7461
57,3,1,304,7.4586
57,3,1,305,6.9641
57,3,1,306,6.8862
57,3,1,307,6.9596
57,3,1,308,8.6331
57,3,1,309,9.2087
57,3,1,310,7.0401
57,3,1,311,7.261
57,3,1,312,9.6344
57,3,1,313,11.9325
57,3,1,314,7.9147
57,3,1,315,9.2026
57,3,1,316,8.0864
57,3,1,317,7.1528
57,3,1,318,7.6466
57,3,1,319,10.0164
57,3,1,320,8.3014
57,3,1,321,7.8498
57,3,1,322,7.2233
57,3,1,323,7.1456
57,3,1,324,7.6773
57,3,1,325,8.1575
57,3,1,326,7.2474
57,3,1,327,7.433
57,3,1,328,7.3516
57,3,1,329,7.2642
57,3,1,330,7.0037
57,3,1,331,6.7838
57,3,1,332,6.9298
57,3,1,333,6.0637
57,3,1,334,7.2115
57,3,1,335,6.3979
57,3,1,336,7.1794
57,3,1,337,6.5864
57,3,1,338,7.1368
57,3,1,339,7.1571
57,3,1,340,7.2049
57,3,1,341,7.0919
57,3,1,342,6.6786
57,3,1,343,7.2892
57,3,1,344,6.318
57,3,1,345,7.2658
57,3,1,346,7.4115
57,3,1,347,7.4225
57,3,1,348,7.1711
57,3,1,349,7.2704
57,3,1,350,7.2747
57,3,1,351,7.1331
57,3,1,352,7.341
57,3,1,353,8.0544
57,3,1,354,9.8339
57,3,1,355,13.667
57,3,1,356,12.5145
57,3,1,357,12.3003
57,3,1,358,7.7655
57,3,1,359,6.7955
57,3,1,360,7.3563
57,3,1,361,8.2703
57,3,1,362,7.4616
57,3,1,363,6.4638
57,3,1,364,7.6206
57,3,1,365,10.4809
57,3,1,366,12.6603
57,3,1,367,8.6594
57,3,1,368,7.8351
57,3,1,369,6.9484
57,3,1,370,6.0295
57,3,1,371,7.1862
57,3,1,372,7.271
57,3,1,373,7.2415
57,3,1,374,7.2361
57,3,1,375,7.4963
57,3,1,376,7.3822
57,3,1,377,8.1272
57,3,1,378,7.2863
57,3,1,379,7.565
57,3,1,380,7.2954
57,3,1,381,7.0894
57,3,1,382,6.988
57,3,1,383,6.9644
57,3,1,384,6.8085
57,3,1,385,7.195
57,3,1,386,6.6128
57,3,1,387,6.924
57,3,1,388,7.2855
57,3,1,389,7.3753
57,3,1,390,7.1961
57,3,1,391,7.6674
57,3,1,392,6.5182
57,3,1,393,7.2961
57,3,1,394,7.3083
57,3,1,395,7.5195
57,3,1,396,7.5541
57,3,1,397,7.7794
57,3,1,398,7.6634
57,3,1,399,7.4248
57,3,1,400,7.4538
57,3,1,401,7.3656
57,3,1,402,7.2378
57,3,1,403,7.6062
57,3,1,404,7.0539
57,3,1,405,7.3216
57,3,1,406,7.0837
57,3,1,407,7.0627
57,3,1,408,7.2208
57,3,1,409,7.0634
57,3,1,410,7.2129
57,3,1,411,7.3072
57,3,1,412,7.2766
57,3,1,413,7.1672
57,3,1,414,7.2984
57,3,1,415,7.424
57,3,1,416,7.2341
57,3,1,417,7.1675
57,3,1,418,7.1563
57,3,1,419,7.2435
57,3,1,420,7.1933
57,3,1,421,7.1622
57,3,1,422,7.2236
57,3,1,423,7.2324
57,3,1,424,7.1108
57,3,1,425,6.7126
57,3,1,426,7.0818
57,3,1,427,7.3782
57,3,1,428,6.9729
57,3,1,429,7.5194
57,3,1,430,7.0919
57,3,1,431,7.0057
57,3,1,432,7.3667
57,3,1,433,7.2886
57,3,1,434,7.5627
57,3,1,435,7.032
57,3,1,436,7.6354
57,3,1,437,7.0421
57,3,1,438,6.8559
57,3,1,439,7.2268
57,3,1,440,8.3468
57,3,1,441,11.0494
57,3,1,442,10.6444
57,3,1,443,11.2032
57,3,1,444,9.6988
57,3,1,445,7.562
57,3,1,446,7.0651
57,3,1,447,7.3842
57,3,1,448,8.766
57,3,1,449,8.8634
57,3,1,450,7.7731
57,3,1,451,7.4161
57,3,1,452,7.697
57,3,1,453,6.4479
57,3,1,454,10.7523
57,3,1,455,12.6968
57,3,1,456,9.1113
57,3,1,457,14.3338
57,3,1,458,13.9502
57,3,1,459,13.6584
57,3,1,460,13.8414
57,3,1,461,13.8424
57,3,1,462,11.4894
57,3,1,463,7.5168
57,3,1,464,6.5212
57,3,1,465,6.8805
57,3,1,466,7.4987
57,3,1,467,8.102
57,3,1,468,7.7181
57,3,1,469,9.327
57,3,1,470,7.7426
57,3,1,471,7.3437
57,3,1,472,6.9518
57,3,1,473,6.4236
57,3,1,474,7.0799
57,3,1,475,7.1295
57,3,1,476,7.2029
57,3,1,477,7.2616
57,3,1,478,6.7598
57,3,1,479,7.2414
57,3,1,480,7.3655
57,3,1,481,7.1437
57,3,1,482,7.4097
57,3,1,483,6.3304
57,3,1,484,6.9476
57,3,1,485,6.3237
57,3,1,486,7.254
57,3,1,487,7.1955
57,3,1,488,6.8186
57,3,1,489,7.1756
57,3,1,490,7.3009
57,3,1,491,9.6532
57,3,1,492,10.2348
57,3,1,493,6.9843
57,3,1,494,7.8208
57,3,1,495,7.6621
57,3,1,496,7.8762
57,3,1,497,7.0941
57,3,1,498,7.2681
57,3,1,499,6.7794
57,3,1,500,6.7253
57,3,1,501,7.2739
57,3,1,502,7.689
57,3,1,503,7.7887
57,3,1,504,7.2465
57,3,1,505,8.6483
57,3,1,506,7.3919
57,3,1,507,7.1676
57,3,1,508,7.0723
57,3,1,509,7.0412
57,3,1,510,7.232
57,3,1,511,6.2689
57,3,1,512,6.6363
57,3,1,513,7.3401
57,3,1,514,7.8994
57,3,1,515,7.4809
57,3,1,516,7.3698
57,3,1,517,7.556
57,3,1,518,7.573
57,3,1,519,7.6593
57,3,1,520,8.3067
57,3,1,521,7.4989
57,3,1,522,6.8627
57,3,1,523,7.1224
57,3,1,524,6.2252
57,3,1,525,7.3272
57,3,1,526,7.2058
57,3,1,527,6.9247
57,3,1,528,6.3509
57,3,1,529,7.0331
57,3,1,530,7.2144
57,3,1,531,5.6324
57,3,1,532,7.2891
57,3,1,533,7.8564
57,3,1,534,7.0667
57,3,1,535,7.0991
57,3,1,536,6.0429
57,3,1,537,6.7841
57,3,1,538,6.7685
57,3,1,539,6.7556
57,3,1,540,6.1671
57,3,1,541,6.7332
57,3,1,542,6.9029
57,3,1,543,6.7516
57,3,1,544,6.5938
57,3,1,545,6.0626
57,3,1,546,6.3045
57,3,1,547,6.8179
57,3,1,548,6.5884
57,3,1,549,7.5755
57,3,1,550,6.1172
57,3,1,551,7.2696
57,3,1,552,7.0839
57,3,1,553,6.964
57,3,1,554,7.1126
57,3,1,555,6.6989
57,3,1,556,6.6282
57,3,1,557,6.9407
57,3,1,558,6.1461
57,3,1,559,6.8229
57,3,1,560,7.702
57,3,1,561,8.6822
57,3,1,562,8.2745
57,3,1,563,8.321
57,3,1,564,7.9443
57,3,1,565,7.5022
57,3,1,566,7.5753
57,3,1,567,8.2001
57,3,1,568,7.7849
57,3,1,569,6.9897
57,3,1,570,7.5817
57,3,1,571,6.057
57,3,1,572,6.6113
57,3,1,573,6.7376
57,3,1,574,6.8427
57,3,1,575,6.8808
57,3,1,576,5.2851
57,3,1,577,6.2058
57,3,1,578,6.8282
57,3,1,579,6.3118
57,3,1,580,7.1846
57,3,1,581,6.4458
57,3,1,582,6.1539
57,3,1,583,6.7997
57,3,1,584,7.3173
57,3,1,585,7.1675
57,3,1,586,6.0897
57,3,1,587,7.1774
57,3,1,588,6.9477
57,3,1,589,6.9733
57,3,1,590,6.7821
57,3,1,591,6.9793
57,3,1,592,6.8726
57,3,1,593,5.9544
57,3,1,594,8.2893
57,3,1,595,7.5213
57,3,1,596,7.3573
57,3,1,597,8.1838
57,3,1,598,9.4588
57,3,1,599,9.8059
57,3,1,600,9.3457
57,3,1,601,7.2169
57,3,1,602,6.4116
57,3,1,603,6.6492
57,3,1,604,6.9501
57,3,1,605,6.4924
57,3,1,606,6.6835
57,3,1,607,5.8716
57,3,1,608,7.55
57,3,1,609,6.4318
57,3,1,610,7.3076
57,3,1,611,7.4298
57,3,1,612,7.072
57,3,1,613,6.7021
57,3,1,614,5.9046
57,3,1,615,7.1743
57,3,1,616,6.596
57,3,1,617,6.6519
57,3,1,618,6.6396
57,3,1,619,6.4814
57,3,1,620,6.758
57,3,1,621,5.3731
57,3,1,622,6.847
57,3,1,623,6.8431
57,3,1,624,6.5246
57,3,1,625,5.6579
57,3,1,626,6.5375
57,3,1,627,6.7697
57,3,1,628,6.2176
57,3,1,629,6.6913
57,3,1,630,7.0991
57,3,1,631,7.1673
57,3,1,632,7.0499
57,3,1,633,6.8589
57,3,1,634,6.2405
57,3,1,635,5.8111
57,3,1,636,6.8943
57,3,1,637,6.7911
57,3,1,638,6.907
57,3,1,639,6.55
57,3,1,640,6.7818
57,3,1,641,6.9443
57,3,1,642,6.0453
57,3,1,643,6.273
57,3,1,644,6.7333
57,3,1,645,6.3475
57,3,1,646,6.3265
57,3,1,647,6.4247
57,3,1,648,6.9967
57,3,1,649,6.1376
57,3,1,650,6.7155
57,3,1,651,6.4667
57,3,1,652,5.3356
57,3,1,653,7.1296
57,3,1,654,7.0515
57,3,1,655,7.0655
57,3,1,656,6.6258
57,3,1,657,5.8553
57,3,1,658,7.7895
57,3,1,659,8.6561
57,3,1,660,8.9201
57,3,1,661,9.3291
57,3,1,662,11.109
57,3,1,663,9.6464
57,3,1,664,9.05
57,3,1,665,9.2392
57,3,1,666,10.0307
57,3,1,667,10.9335
57,3,1,668,10.7131
57,3,1,669,13.9149
57,3,1,670,10.4337
57,3,1,671,11.226
57,3,1,672,14.8535
57,3,1,673,14.6495
57,3,1,674,9.7407
57,3,1,675,13.5493
57,3,1,676,16.6633
57,3,1,677,13.7008
57,3,1,678,13.0333
57,3,1,679,14.3416
57,3,1,680,11.5084
57,3,1,681,10.205
57,3,1,682,9.4925
57,3,1,683,9.1139
57,3,1,684,9.6479
57,3,1,685,9.3633
57,3,1,686,9.0543
57,3,1,687,9.0782
57,3,1,688,9.197
57,3,1,689,8.7845
57,3,1,690,11.3359
57,3,1,691,11.7926
57,3,1,692,11.205
57,3,1,693,12.9614
57,3,1,694,11.4943
57,3,1,695,10.2927
57,3,1,696,8.9474
57,3,1,697,8.3333
57,3,1,698,9.8857
57,3,1,699,7.9713
57,3,1,700,8.5636
57,3,1,701,9.0364
57,3,1,702,9.127
57,3,1,703,9.0628
57,3,1,704,7.9049
57,3,1,705,9.5769
57,3,1,706,8.448
57,3,1,707,8.7243
57,3,1,708,8.4332
57,3,1,709,9.0831
57,3,1,710,8.7196
57,3,1,711,9.3055
57,3,1,712,8.6915
57,3,1,713,7.4966
57,3,1,714,9.4529
57,3,1,715,9.4423
57,3,1,716,9.4765
57,3,1,717,9.5703
57,3,1,718,13.5281
57,3,1,719,13.4067
57,3,1,720,14.8774
57,3,1,721,10.7793
57,3,1,722,7.8526
57,3,1,723,9.5839
57,3,1,724,8.6834
57,3,1,725,8.5499
57,3,1,726,9.7126
57,3,1,727,9.321
57,3,1,728,8.615
57,3,1,729,8.8189
57,3,1,730,8.7565
57,3,1,731,9.4956
57,3,1,732,8.825
57,3,1,733,8.6965
57,3,1,734,8.7954
57,3,1,735,8.6834
57,3,1,736,8.4982
57,3,1,737,9.4918
57,3,1,738,11.8642
57,3,1,739,9.2161
57,3,1,740,10.3502
57,3,1,741,11.594
57,3,1,742,8.4346
57,3,1,743,8.4414
57,3,1,744,7.9473
57,3,1,745,8.3672
57,3,1,746,7.9279
57,3,1,747,7.8802
57,3,1,748,7.7268
57,3,1,749,7.1927
57,3,1,750,8.6866
57,3,1,751,8.0062
57,3,1,752,7.9856
57,3,1,753,8.2682
57,3,1,754,7.7006
57,3,1,755,8.4981
57,3,1,756,8.4155
57,3,1,757,9.2862
57,3,1,758,8.9985
57,3,1,759,8.6958
57,3,1,760,6.7427
57,3,1,761,7.4415
57,3,1,762,8.7768
57,3,1,763,8.2896
57,3,1,764,8.5127
57,3,1,765,7.6866
57,3,1,766,8.6417
57,3,1,767,8.7698
57,3,1,768,8.8402
57,3,1,769,8.6251
57,3,1,770,8.7408
57,3,1,771,9.1896
57,3,1,772,8.9112
57,3,1,773,8.8079
57,3,1,774,7.9745
57,3,1,775,7.7625
57,3,1,776,8.2816
57,3,1,777,9.0236
57,3,1,778,7.8833
57,3,1,779,8.022
57,3,1,780,8.7908
57,3,1,781,7.9671
57,3,1,782,8.581
57,3,1,783,9.6649
57,3,1,784,9.2833
57,3,1,785,7.7275
57,3,1,786,9.1276
57,3,1,787,8.5843
57,3,1,788,8.3145
57,3,1,789,7.9729
57,3,1,790,8.8352
57,3,1,791,9.038
57,3,1,792,9.0362
57,3,1,793,9.0456
57,3,1,794,8.9441
57,3,1,795,8.7437
57,3,1,796,7.8768
57,3,1,797,8.4509
57,3,1,798,8.9537
57,3,1,799,8.5594
57,3,1,800,7.4561
57,3,1,801,9.1037
57,3,1,802,8.8134
57,3,1,803,8.6609
57,3,1,804,8.662
57,3,1,805,8.5812
57,3,1,806,9.0695
57,3,1,807,8.8264
57,3,1,808,8.6866
57,3,1,809,8.2938
57,3,1,810,8.8224
57,3,1,811,9.9589
57,3,1,812,8.3982
57,3,1,813,8.5302
57,3,1,814,8.9901
57,3,1,815,8.7177
57,3,1,816,9.2118
57,3,1,817,9.514
57,3,1,818,10.9299
57,3,1,819,10.0081
57,3,1,820,12.7732
57,3,1,821,10.8878
57,3,1,822,9.4378
57,3,1,823,8.8056
57,3,1,824,8.5709
57,3,1,825,9.1371
57,3,1,826,10.986
57,3,1,827,11.7396
57,3,1,828,10.3624
57,3,1,829,8.6445
57,3,1,830,8.491
57,3,1,831,8.7563
57,3,1,832,7.2875
57,3,1,833,8.6493
57,3,1,834,8.3959
57,3,1,835,8.5928
57,3,1,836,8.4977
57,3,1,837,8.5475
57,3,1,838,8.6236
57,3,1,839,8.4742
57,3,1,840,8.5929
57,3,1,841,8.2287
57,3,1,842,8.3706
57,3,1,843,8.6825
57,3,1,844,10.4849
57,3,1,845,10.1171
57,3,1,846,8.5087
57,3,1,847,8.6956
57,3,1,848,8.6885
57,3,1,849,8.5608
57,3,1,850,8.887
57,3,1,851,11.553
57,3,1,852,11.5674
57,3,1,853,10.769
57,3,1,854,11.7272
57,3,1,855,12.6566
57,3,1,856,10.9211
57,3,1,857,10.1094
57,3,1,858,11.3436
57,3,1,859,10.6151
57,3,1,860,8.5916
57,3,1,861,8.7796
57,3,1,862,8.734
57,3,1,863,8.8562
57,3,1,864,10.3361
57,3,1,865,9.6432
57,3,1,866,8.7571
57,3,1,867,8.9862
57,3,1,868,7.6529
57,3,1,869,8.5984
57,3,1,870,8.7298
57,3,1,871,9.1821
57,3,1,872,8.7757
57,3,1,873,8.6445
57,3,1,874,8.5551
57,3,1,875,8.5473
57,3,1,876,7.9215
57,3,1,877,8.5926
57,3,1,878,8.6741
57,3,1,879,8.647
57,3,1,880,8.148
57,3,1,881,8.3912
57,3,1,882,8.3481
57,3,1,883,8.2031
57,3,1,884,8.6491
57,3,1,885,8.1074
57,3,1,886,8.299
57,3,1,887,8.7796
57,3,1,888,7.9428
57,3,1,889,8.232
57,3,1,890,8.5663
57,3,1,891,9.2525
57,3,1,892,10.1783
57,3,1,893,7.8645
57,3,1,894,8.426
57,3,1,895,11.6305
57,3,1,896,13.542
57,3,1,897,13.9236
57,3,1,898,11.8795
57,3,1,899,14.7101
57,3,1,900,13.8736
57,3,2,1,7.4237
57,3,2,2,6.6981
57,3,2,3,6.6611
57,3,2,4,6.6017
57,3,2,5,6.6286
57,3,2,6,6.6634
57,3,2,7,6.5754
57,3,2,8,6.7772
57,3,2,9,7.1093
57,3,2,10,6.988
57,3,2,11,6.875
57,3,2,12,8.0452
57,3,2,13,8.0918
57,3,2,14,7.4157
57,3,2,15,6.759
57,3,2,16,6.4142
57,3,2,17,6.6486
57,3,2,18,6.6044
57,3,2,19,6.4606
57,3,2,20,6.6646
57,3,2,21,7.1733
57,3,2,22,8.0972
57,3,2,23,8.882
57,3,2,24,7.4687
57,3,2,25,7.6453
57,3,2,26,7.5218
57,3,2,27,6.434
57,3,2,28,8.1039
57,3,2,29,8.3194
57,3,2,30,8.3365
57,3,2,31,8.2387
57,3,2,32,8.1842
57,3,2,33,7.9096
57,3,2,34,6.2132
57,3,2,35,7.0689
57,3,2,36,9.2086
57,3,2,37,9.5062
57,3,2,38,8.4892
57,3,2,39,8.6379
57,3,2,40,9.1501
57,3,2,41,8.5822
57,3,2,42,6.1754
57,3,2,43,6.8076
57,3,2,44,7.5871
57,3,2,45,7.9074
57,3,2,46,15.0311
57,3,2,47,5.7536
57,3,2,48,5.8799
57,3,2,49,5.0945
57,3,2,50,5.5002
57,3,2,51,5.8406
57,3,2,52,5.837
57,3,2,53,5.3351
57,3,2,54,6.3165
57,3,2,55,5.8642
57,3,2,56,7.9267
57,3,2,57,6.2772
57,3,2,58,6.6005
57,3,2,59,6.3038
57,3,2,60,6.6716
57,3,2,61,6.6082
57,3,2,62,7.5967
57,3,2,63,7.9427
57,3,2,64,6.1419
57,3,2,65,7.0188
57,3,2,66,8.0831
57,3,2,67,7.6787
57,3,2,68,7.6234
57,3,2,69,7.3993
57,3,2,70,11.6057
57,3,2,71,9.9894
57,3,2,72,7.8358
57,3,2,73,7.7434
57,3,2,74,10.2873
57,3,2,75,7.2301
57,3,2,76,8.8564
57,3,2,77,8.8564
57,3,2,78,9.1783
57,3,2,79,9.4521
57,3,2,80,7.9401
57,3,2,81,7.0781
57,3,2,82,6.6881
57,3,2,83,6.8225
57,3,2,84,7.5087
57,3,2,85,5.3295
57,3,2,86,6.9242
57,3,2,87,8.0319
57,3,2,88,6.9753
57,3,2,89,6.9657
57,3,2,90,6.6311
57,3,2,91,6.4637
57,3,2,92,6.5179
57,3,2,93,6.6791
57,3,2,94,7.7397
57,3,2,95,7.1427
57,3,2,96,6.6834
57,3,2,97,5.6584
57,3,2,98,6.4636
57,3,2,99,6.3875
57,3,2,100,6.4378
57,3,2,101,7.9212
57,3,2,102,7.2102
57,3,2,103,5.1708
57,3,2,104,6.4399
57,3,2,105,6.8395
57,3,2,106,6.8148
57,3,2,107,6.6444
57,3,2,108,5.688
57,3,2,109,6.3619
57,3,2,110,6.5669
57,3,2,111,9.0685
57,3,2,112,8.684
57,3,2,113,9.3082
57,3,2,114,8.5874
57,3,2,115,9.2971
57,3,2,116,7.4889
57,3,2,117,6.6041
57,3,2,118,6.6567
57,3,2,119,6.6261
57,3,2,120,6.5845
57,3,2,121,6.6701
57,3,2,122,6.6525
57,3,2,123,6.4417
57,3,2,124,6.467
57,3,2,125,6.4833
57,3,2,126,6.5935
57,3,2,127,6.74
57,3,2,128,6.6636
57,3,2,129,7.7619
57,3,2,130,8.0049
57,3,2,131,8.5441
57,3,2,132,8.9978
57,3,2,133,7.3985
57,3,2,134,6.8816
57,3,2,135,7.5535
57,3,2,136,5.9834
57,3,2,137,4.5609
57,3,2,138,4.6272
57,3,2,139,6.5664
57,3,2,140,5.767
57,3,2,141,6.702
57,3,2,142,6.6053
57,3,2,143,6.6618
57,3,2,144,6.6041
57,3,2,145,6.6227
57,3,2,146,6.9139
57,3,2,147,6.88
57,3,2,148,6.1755
57,3,2,149,7.4955
57,3,2,150,6.8366
57,3,2,151,6.684
57,3,2,152,6.5627
57,3,2,153,6.6991
57,3,2,154,6.6024
57,3,2,155,6.1337
57,3,2,156,6.108
57,3,2,157,6.3487
57,3,2,158,5.9916
57,3,2,159,7.7706
57,3,2,160,5.7346
57,3,2,161,6.3829
57,3,2,162,5.2816
57,3,2,163,6.2758
57,3,2,164,6.6537
57,3,2,165,7.3615
57,3,2,166,8.2546
57,3,2,167,6.9436
57,3,2,168,6.5929
57,3,2,169,6.5883
57,3,2,170,6.6428
57,3,2,171,6.3047
57,3,2,172,7.0155
57,3,2,173,10.3963
57,3,2,174,8.3744
57,3,2,175,6.223
57,3,2,176,10.4468
57,3,2,177,10.177
57,3,2,178,8.7599
57,3,2,179,7.1458
57,3,2,180,8.6202
57,3,2,181,9.2711
57,3,2,182,8.3391
57,3,2,183,6.6853
57,3,2,184,6.8854
57,3,2,185,5.9645
57,3,2,186,5.9524
57,3,2,187,6.1448
57,3,2,188,5.9286
57,3,2,189,6.8158
57,3,2,190,5.9419
57,3,2,191,8.3935
57,3,2,192,8.0162
57,3,2,193,9.4819
57,3,2,194,8.9581
57,3,2,195,7.4018
57,3,2,196,6.5275
57,3,2,197,6.5835
57,3,2,198,6.6654
57,3,2,199,9.0439
57,3,2,200,9.0741
57,3,2,201,8.2053
57,3,2,202,6.3794
57,3,2,203,8.0559
57,3,2,204,10.0823
57,3,2,205,7.598
57,3,2,206,6.7232
57,3,2,207,7.5627
57,3,2,208,5.0877
57,3,2,209,6.4599
57,3,2,210,7.9828
57,3,2,211,7.0709
57,3,2,212,5.6561
57,3,2,213,8.8723
57,3,2,214,5.4608
57,3,2,215,6.5317
57,3,2,216,10.0705
57,3,2,217,6.6716
57,3,2,218,5.8389
57,3,2,219,5.6496
57,3,2,220,5.6374
57,3,2,221,6.3796
57,3,2,222,5.048
57,3,2,223,6.441
57,3,2,224,6.705
57,3,2,225,9.067
57,3,2,226,11.2599
57,3,2,227,9.5405
57,3,2,228,9.1622
57,3,2,229,10.0639
57,3,2,230,9.849
57,3,2,231,10.2915
57,3,2,232,9.484
57,3,2,233,10.2486
57,3,2,234,11.2274
57,3,2,235,10.1909
57,3,2,236,8.821
57,3,2,237,10.3862
57,3,2,238,7.2299
57,3,2,239,6.9685
57,3,2,240,6.0825
57,3,2,241,6.5859
57,3,2,242,6.2115
57,3,2,243,6.0999
57,3,2,244,6.7352
57,3,2,245,6.6573
57,3,2,246,6.261
57,3,2,247,6.5136
57,3,2,248,6.5088
57,3,2,249,6.5617
57,3,2,250,5.9807
57,3,2,251,6.6128
57,3,2,252,6.6184
57,3,2,253,6.3988
57,3,2,254,5.657
57,3,2,255,6.3104
57,3,2,256,6.7705
57,3,2,257,6.7036
57,3,2,258,6.3001
57,3,2,259,6.5996
57,3,2,260,6.6383
57,3,2,261,6.5372
57,3,2,262,6.4113
57,3,2,263,6.4057
57,3,2,264,6.4024
57,3,2,265,6.5529
57,3,2,266,6.5743
57,3,2,267,6.3596
57,3,2,268,6.5903
57,3,2,269,6.4478
57,3,2,270,5.8695
57,3,2,271,6.5558
57,3,2,272,6.9204
57,3,2,273,6.4633
57,3,2,274,6.8042
57,3,2,275,6.476
57,3,2,276,6.6888
57,3,2,277,6.7079
57,3,2,278,6.5607
57,3,2,279,6.1596
57,3,2,280,6.6048
57,3,2,281,6.4675
57,3,2,282,6.1943
57,3,2,283,6.1225
57,3,2,284,6.1732
57,3,2,285,5.9877
57,3,2,286,5.5829
57,3,2,287,6.6992
57,3,2,288,7.7657
57,3,2,289,6.894
57,3,2,290,5.1624
57,3,2,291,6.9158
57,3,2,292,5.7471
57,3,2,293,6.2391
57,3,2,294,6.4593
57,3,2,295,6.7348
57,3,2,296,6.5069
57,3,2,297,9.54
57,3,2,298,7.8408
57,3,2,299,7.9169
57,3,2,300,6.0974
57,3,2,301,6.5558
57,3,2,302,7.8712
57,3,2,303,8.029
57,3,2,304,8.7005
57,3,2,305,6.3666
57,3,2,306,6.4384
57,3,2,307,6.3405
57,3,2,308,6.2858
57,3,2,309,6.7019
57,3,2,310,6.5135
57,3,2,311,8.4098
57,3,2,312,8.1156
57,3,2,313,8.1121
57,3,2,314,9.185
57,3,2,315,8.3213
57,3,2,316,7.1324
57,3,2,317,6.4663
57,3,2,318,6.8046
57,3,2,319,7.0963
57,3,2,320,6.9432
57,3,2,321,8.855
57,3,2,322,8.7455
57,3,2,323,11.5567
57,3,2,324,9.5259
57,3,2,325,7.1844
57,3,2,326,7.1667
57,3,2,327,6.2992
57,3,2,328,5.6133
57,3,2,329,6.1944
57,3,2,330,5.8157
57,3,2,331,7.6447
57,3,2,332,8.3034
57,3,2,333,7.198
57,3,2,334,6.0023
57,3,2,335,6.4404
57,3,2,336,6.6682
57,3,2,337,6.6306
57,3,2,338,6.0367
57,3,2,339,6.0312
57,3,2,340,6.6045
57,3,2,341,5.6849
57,3,2,342,6.7236
57,3,2,343,6.7119
57,3,2,344,6.1893
57,3,2,345,6.6748
57,3,2,346,5.624
57,3,2,347,6.4396
57,3,2,348,6.8028
57,3,2,349,6.4872
57,3,2,350,6.176
57,3,2,351,6.1474
57,3,2,352,6.7837
57,3,2,353,6.9849
57,3,2,354,6.4146
57,3,2,355,5.8619
57,3,2,356,5.837
57,3,2,357,6.0531
57,3,2,358,6.3367
57,3,2,359,6.5735
57,3,2,360,6.6065
57,3,2,361,8.504
57,3,2,362,8.4814
57,3,2,363,7.717
57,3,2,364,8.8102
57,3,2,365,10.1276
57,3,2,366,6.3474
57,3,2,367,7.2241
57,3,2,368,5.1125
57,3,2,369,9.2824
57,3,2,370,6.3865
57,3,2,371,8.2466
57,3,2,372,8.3686
57,3,2,373,8.6416
57,3,2,374,10.2835
57,3,2,375,7.5472
57,3,2,376,5.4096
57,3,2,377,6.4904
57,3,2,378,5.465
57,3,2,379,6.5681
57,3,2,380,6.6139
57,3,2,381,6.6473
57,3,2,382,6.6517
57,3,2,383,6.3951
57,3,2,384,5.9768
57,3,2,385,6.3997
57,3,2,386,6.1145
57,3,2,387,6.6177
57,3,2,388,6.1112
57,3,2,389,6.5756
57,3,2,390,6.6729
57,3,2,391,5.6259
57,3,2,392,6.5354
57,3,2,393,6.5498
57,3,2,394,7.0033
57,3,2,395,6.7988
57,3,2,396,9.3419
57,3,2,397,9.3087
57,3,2,398,9.2439
57,3,2,399,9.1523
57,3,2,400,9.2512
57,3,2,401,10.1733
57,3,2,402,8.7651
57,3,2,403,9.6314
57,3,2,404,9.8732
57,3,2,405,9.5147
57,3,2,406,9.4072
57,3,2,407,9.2778
57,3,2,408,9.7674
57,3,2,409,8.1234
57,3,2,410,9.6954
57,3,2,411,8.2758
57,3,2,412,9.6983
57,3,2,413,10.4364
57,3,2,414,12.8073
57,3,2,415,12.0383
57,3,2,416,10.5298
57,3,2,417,7.9276
57,3,2,418,6.5638
57,3,2,419,6.0682
57,3,2,420,7.9828
57,3,2,421,7.4614
57,3,2,422,8.0198
57,3,2,423,8.1165
57,3,2,424,10.219
57,3,2,425,9.3707
57,3,2,426,7.9906
57,3,2,427,9.4936
57,3,2,428,7.0718
57,3,2,429,9.1342
57,3,2,430,8.6692
57,3,2,431,8.987
57,3,2,432,8.4131
57,3,2,433,7.3519
57,3,2,434,5.2849
57,3,2,435,6.2267
57,3,2,436,10.9139
57,3,2,437,10.7879
57,3,2,438,9.5352
57,3,2,439,7.2296
57,3,2,440,7.0906
57,3,2,441,6.7076
57,3,2,442,6.5217
57,3,2,443,6.7162
57,3,2,444,6.8734
57,3,2,445,6.6715
57,3,2,446,6.7473
57,3,2,447,6.58
57,3,2,448,6.8175
57,3,2,449,6.679
57,3,2,450,6.691
57,3,2,451,6.6926
57,3,2,452,6.6681
57,3,2,453,6.5648
57,3,2,454,6.4458
57,3,2,455,6.5258
57,3,2,456,5.6069
57,3,2,457,6.4362
57,3,2,458,6.5632
57,3,2,459,6.5914
57,3,2,460,6.613
57,3,2,461,6.5865
57,3,2,462,6.6439
57,3,2,463,6.5866
57,3,2,464,5.9165
57,3,2,465,6.5799
57,3,2,466,6.6967
57,3,2,467,6.5982
57,3,2,468,6.5985
57,3,2,469,5.8718
57,3,2,470,6.5612
57,3,2,471,6.7482
57,3,2,472,6.6137
57,3,2,473,6.3799
57,3,2,474,6.5946
57,3,2,475,6.6723
57,3,2,476,6.6527
57,3,2,477,6.6072
57,3,2,478,6.7223
57,3,2,479,6.7601
57,3,2,480,6.3468
57,3,2,481,6.4631
57,3,2,482,6.61
57,3,2,483,6.5515
57,3,2,484,6.6062
57,3,2,485,7.6658
57,3,2,486,9.0092
57,3,2,487,8.3402
57,3,2,488,8.0846
57,3,2,489,8.7224
57,3,2,490,8.1566
57,3,2,491,8.4159
57,3,2,492,8.2055
57,3,2,493,7.712
57,3,2,494,6.5797
57,3,2,495,6.7745
57,3,2,496,6.5966
57,3,2,497,6.6152
57,3,2,498,6.5952
57,3,2,499,6.6116
57,3,2,500,6.608
57,3,2,501,6.6075
57,3,2,502,6.2061
57,3,2,503,6.5723
57,3,2,504,6.7632
57,3,2,505,6.6524
57,3,2,506,6.7139
57,3,2,507,6.9888
57,3,2,508,7.616
57,3,2,509,7.754
57,3,2,510,6.6194
57,3,2,511,6.3572
57,3,2,512,6.3745
57,3,2,513,6.4052
57,3,2,514,6.5615
57,3,2,515,6.5331
57,3,2,516,6.631
57,3,2,517,6.594
57,3,2,518,6.6722
57,3,2,519,6.6436
57,3,2,520,6.5315
57,3,2,521,6.5077
57,3,2,522,6.6075
57,3,2,523,5.4036
57,3,2,524,5.9262
57,3,2,525,6.6124
57,3,2,526,6.4144
57,3,2,527,8.1877
57,3,2,528,6.7947
57,3,2,529,9.6039
57,3,2,530,9.0904
57,3,2,531,9.5541
57,3,2,532,7.0495
57,3,2,533,6.5504
57,3,2,534,7.2683
57,3,2,535,7.4743
57,3,2,536,7.5794
57,3,2,537,8.1822
57,3,2,538,9.3732
57,3,2,539,6.6733
57,3,2,540,6.7248
57,3,2,541,5.8668
57,3,2,542,6.8152
57,3,2,543,6.8444
57,3,2,544,6.6055
57,3,2,545,8.4141
57,3,2,546,7.908
57,3,2,547,6.7171
57,3,2,548,6.6831
57,3,2,549,6.0763
57,3,2,550,6.706
57,3,2,551,6.9387
57,3,2,552,6.2788
57,3,2,553,6.6783
57,3,2,554,6.6694
57,3,2,555,6.6219
57,3,2,556,6.2379
57,3,2,557,6.6238
57,3,2,558,6.1773
57,3,2,559,6.1932
57,3,2,560,6.2904
57,3,2,561,6.2812
57,3,2,562,6.2457
57,3,2,563,6.5103
57,3,2,564,6.5524
57,3,2,565,6.5701
57,3,2,566,6.8668
57,3,2,567,6.0969
57,3,2,568,6.6593
57,3,2,569,6.8539
57,3,2,570,8.6613
57,3,2,571,7.7821
57,3,2,572,9.7094
57,3,2,573,8.7606
57,3,2,574,6.2786
57,3,2,575,5.8565
57,3,2,576,8.5443
57,3,2,577,8.4683
57,3,2,578,6.4682
57,3,2,579,5.8422
57,3,2,580,5.8941
57,3,2,581,6.6081
57,3,2,582,6.6134
57,3,2,583,6.5811
57,3,2,584,5.8589
57,3,2,585,6.7733
57,3,2,586,5.9025
57,3,2,587,6.1581
57,3,2,588,7.0651
57,3,2,589,7.4441
57,3,2,590,10.1187
57,3,2,591,7.9487
57,3,2,592,7.9351
57,3,2,593,8.4048
57,3,2,594,5.8002
57,3,2,595,6.1892
57,3,2,596,6.337
57,3,2,597,6.6677
57,3,2,598,9.2159
57,3,2,599,9.332
57,3,2,600,9.8017
57,3,2,601,8.8399
57,3,2,602,7.033
57,3,2,603,9.2108
57,3,2,604,9.7608
57,3,2,605,9.9248
57,3,2,606,9.5556
57,3,2,607,8.9631
57,3,2,608,8.8493
57,3,2,609,8.5837
57,3,2,610,8.5609
57,3,2,611,8.7789
57,3,2,612,8.6601
57,3,2,613,9.0267
57,3,2,614,9.178
57,3,2,615,8.7831
57,3,2,616,7.1714
57,3,2,617,9.254
57,3,2,618,6.1224
57,3,2,619,5.4463
57,3,2,620,9.8839
57,3,2,621,8.1888
57,3,2,622,7.1439
57,3,2,623,6.2864
57,3,2,624,6.2052
57,3,2,625,6.3772
57,3,2,626,6.5977
57,3,2,627,9.0783
57,3,2,628,9.0229
57,3,2,629,8.3042
57,3,2,630,6.9552
57,3,2,631,6.0442
57,3,2,632,6.099
57,3,2,633,6.4888
57,3,2,634,6.1914
57,3,2,635,6.6813
57,3,2,636,8.2675
57,3,2,637,6.8981
57,3,2,638,6.511
57,3,2,639,6.5293
57,3,2,640,6.53
57,3,2,641,6.5428
57,3,2,642,6.2322
57,3,2,643,6.3532
57,3,2,644,6.3962
57,3,2,645,6.3018
57,3,2,646,6.5007
57,3,2,647,6.3931
57,3,2,648,5.4521
57,3,2,649,6.3176
57,3,2,650,6.3755
57,3,2,651,6.4293
57,3,2,652,6.4914
57,3,2,653,6.7862
57,3,2,654,9.2414
57,3,2,655,10.5402
57,3,2,656,10.257
57,3,2,657,10.883
57,3,2,658,10.4266
57,3,2,659,8.8564
57,3,2,660,7.4361
57,3,2,661,7.9351
57,3,2,662,8.7265
57,3,2,663,7.6399
57,3,2,664,7.9552
57,3,2,665,8.0483
57,3,2,666,11.1576
57,3,2,667,13.4361
57,3,2,668,13.6657
57,3,2,669,13.2565
57,3,2,670,12.8745
57,3,2,671,8.6422
57,3,2,672,9.0191
57,3,2,673,8.3965
57,3,2,674,7.2826
57,3,2,675,7.5803
57,3,2,676,9.7682
57,3,2,677,9.5314
57,3,2,678,9.1789
57,3,2,679,8.2546
57,3,2,680,9.702
57,3,2,681,7.3662
57,3,2,682,8.6428
57,3,2,683,8.5947
57,3,2,684,8.2361
57,3,2,685,8.7113
57,3,2,686,8.0379
57,3,2,687,8.7966
57,3,2,688,11.0152
57,3,2,689,8.8928
57,3,2,690,8.264
57,3,2,691,10.7948
57,3,2,692,12.1853
57,3,2,693,12.5597
57,3,2,694,14.0794
57,3,2,695,10.8675
57,3,2,696,13.3229
57,3,2,697,14.0228
57,3,2,698,14.6235
57,3,2,699,8.3657
57,3,2,700,8.4403
57,3,2,701,9.5957
57,3,2,702,8.931
57,3,2,703,8.4682
57,3,2,704,8.0715
57,3,2,705,8.054
57,3,2,706,7.7973
57,3,2,707,7.2313
57,3,2,708,9.5949
57,3,2,709,7.4028
57,3,2,710,7.7674
57,3,2,711,7.7553
57,3,2,712,9.004
57,3,2,713,8.2672
57,3,2,714,8.3626
57,3,2,715,8.7985
57,3,2,716,9.0954
57,3,2,717,10.4039
57,3,2,718,8.8008
57,3,2,719,9.2527
57,3,2,720,7.6002
57,3,2,721,8.794
57,3,2,722,8.5339
57,3,2,723,8.3401
57,3,2,724,8.792
57,3,2,725,9.0324
57,3,2,726,9.3036
57,3,2,727,12.5193
57,3,2,728,9.5645
57,3,2,729,10.6341
57,3,2,730,9.0383
57,3,2,731,9.6819
57,3,2,732,14.1238
57,3,2,733,12.2946
57,3,2,734,11.1216
57,3,2,735,10.8347
57,3,2,736,10.2457
57,3,2,737,12.1173
57,3,2,738,9.2208
57,3,2,739,11.4616
57,3,2,740,12.6383
57,3,2,741,11.1821
57,3,2,742,8.7746
57,3,2,743,11.2109
57,3,2,744,11.1277
57,3,2,745,9.1333
57,3,2,746,11.433
57,3,2,747,9.1053
57,3,2,748,8.6105
57,3,2,749,8.3
57,3,2,750,7.9637
57,3,2,751,8.5345
57,3,2,752,8.1845
57,3,2,753,8.6217
57,3,2,754,8.4174
57,3,2,755,7.7279
57,3,2,756,9.3719
57,3,2,757,10.7367
57,3,2,758,11.2357
57,3,2,759,10.2898
57,3,2,760,9.9825
57,3,2,761,7.7397
57,3,2,762,7.5945
57,3,2,763,7.7429
57,3,2,764,6.9393
57,3,2,765,6.722
57,3,2,766,7.5261
57,3,2,767,9.2963
57,3,2,768,10.2665
57,3,2,769,8.7616
57,3,2,770,7.1106
57,3,2,771,7.3345
57,3,2,772,7.4626
57,3,2,773,8.3538
57,3,2,774,7.6158
57,3,2,775,7.5142
57,3,2,776,7.7454
57,3,2,777,7.5963
57,3,2,778,6.5682
57,3,2,779,7.8404
57,3,2,780,8.3048
57,3,2,781,7.1591
57,3,2,782,7.6999
57,3,2,783,8.0722
57,3,2,784,7.9267
57,3,2,785,7.0305
57,3,2,786,7.5009
57,3,2,787,7.8714
57,3,2,788,7.3154
57,3,2,789,9.5567
57,3,2,790,9.2355
57,3,2,791,10.0144
57,3,2,792,6.7912
57,3,2,793,10.6374
57,3,2,794,9.3962
57,3,2,795,11.2837
57,3,2,796,8.9851
57,3,2,797,10.9619
57,3,2,798,10.0978
57,3,2,799,8.4884
57,3,2,800,8.5879
57,3,2,801,8.3694
57,3,2,802,9.133
57,3,2,803,8.9941
57,3,2,804,7.8277
57,3,2,805,9.4798
57,3,2,806,7.3997
57,3,2,807,7.7473
57,3,2,808,7.7433
57,3,2,809,9.0081
57,3,2,810,8.8356
57,3,2,811,9.398
57,3,2,812,11.5476
57,3,2,813,13.8019
57,3,2,814,9.5104
57,3,2,815,9.1005
57,3,2,816,9.4541
57,3,2,817,6.0503
57,3,2,818,9.8826
57,3,2,819,8.4459
57,3,2,820,8.5439
57,3,2,821,9.6633
57,3,2,822,8.7405
57,3,2,823,8.8295
57,3,2,824,8.4293
57,3,2,825,8.2282
57,3,2,826,8.5475
57,3,2,827,12.9813
57,3,2,828,9.3611
57,3,2,829,7.9339
57,3,2,830,8.6139
57,3,2,831,7.8708
57,3,2,832,11.2188
57,3,2,833,10.3294
57,3,2,834,8.1665
57,3,2,835,11.0027
57,3,2,836,10.7761
57,3,2,837,10.648
57,3,2,838,10.6481
57,3,2,839,9.4656
57,3,2,840,7.5853
57,3,2,841,11.8512
57,3,2,842,11.1849
57,3,2,843,12.978
57,3,2,844,12.0522
57,3,2,845,11.9872
57,3,2,846,10.1182
57,3,2,847,11.1903
57,3,2,848,9.7439
57,3,2,849,9.0668
57,3,2,850,7.3448
57,3,2,851,8.4373
57,3,2,852,7.4011
57,3,2,853,9.0619
57,3,2,854,8.393
57,3,2,855,8.5659
57,3,2,856,10.3828
57,3,2,857,8.3205
57,3,2,858,9.7844
57,3,2,859,8.5071
57,3,2,860,10.8758
57,3,2,861,9.6961
57,3,2,862,9.9645
57,3,2,863,11.4006
57,3,2,864,8.7708
57,3,2,865,8.5165
57,3,2,866,9.0534
57,3,2,867,9.1674
57,3,2,868,10.4578
57,3,2,869,10.5855
57,3,2,870,9.4692
57,3,2,871,9.1336
57,3,2,872,9.5625
57,3,2,873,10.3029
57,3,2,874,10.0727
57,3,2,875,9.5792
57,3,2,876,8.9092
57,3,2,877,8.4263
57,3,2,878,10.2012
57,3,2,879,9.9154
57,3,2,880,9.1328
57,3,2,881,10.0292
57,3,2,882,10.228
57,3,2,883,9.67
57,3,2,884,11.1575
57,3,2,885,8.813
57,3,2,886,8.5065
57,3,2,887,8.873
57,3,2,888,9.6447
57,3,2,889,9.5184
57,3,2,890,11.438
57,3,2,891,11.1085
57,3,2,892,11.6771
57,3,2,893,10.7606
57,3,2,894,9.9453
57,3,2,895,7.5518
57,3,2,896,11.668
57,3,2,897,10.1594
57,3,2,898,9.4577
57,3,2,899,10.2553
57,3,2,900,9.0168
76,1,0,1,42.5041
76,1,0,2,48.2366
76,1,0,3,57.7529
76,1,0,4,49.8261
76,1,0,5,57.0045
76,1,0,6,60.5479
76,1,0,7,58.0849
76,1,0,8,73.5445
76,1,0,9,55.1655
76,1,0,10,49.5656
76,1,0,11,50.0065
76,1,0,12,48.8025
76,1,0,13,60.8698
76,1,0,14,48.6639
76,1,0,15,57.4276
76,1,0,16,65.6016
76,1,0,17,61.6113
76,1,0,18,68.0894
76,1,0,19,53.3797
76,1,0,20,44.2185
76,1,0,21,48.0559
76,1,0,22,44.5704
76,1,0,23,42.3864
76,1,0,24,76.5209
76,1,0,25,49.102
76,1,0,26,49.4244
76,1,0,27,49.0242
76,1,0,28,51.4775
76,1,0,29,58.6988
76,1,0,30,45.5027
76,1,0,31,48.4385
76,1,0,32,43.9986
76,1,0,33,42.2738
76,1,0,34,41.8009
76,1,0,35,47.4658
76,1,0,36,65.0665
76,1,0,37,61.3377
76,1,0,38,60.5334
76,1,0,39,46.8661
76,1,0,40,58.6578
76,1,0,41,68.3223
76,1,0,42,52.9533
76,1,0,43,49.0779
76,1,0,44,47.1547
76,1,0,45,46.3342
76,1,0,46,48.8903
76,1,0,47,43.5641
76,1,0,48,44.5395
76,1,0,49,46.9626
76,1,0,50,60.1539
76,1,0,51,60.7871
76,1,0,52,47.1634
76,1,0,53,47.1059
76,1,0,54,45.3894
76,1,0,55,61.7982
76,1,0,56,72.0205
76,1,0,57,48.7859
76,1,0,58,44.682
76,1,0,59,44.459
76,1,0,60,44.722
76,1,0,61,51.4455
76,1,0,62,42.1694
76,1,0,63,42.4102
76,1,0,64,52.5533
76,1,0,65,47.8565
76,1,0,66,40.4653
76,1,0,67,55.5512
76,1,0,68,51.2886
76,1,0,69,62.8181
76,1,0,70,51.9923
76,1,0,71,47.9755
76,1,0,72,60.2005
76,1,0,73,63.7877
76,1,0,74,49.5423
76,1,0,75,47.0924
76,1,0,76,44.7462
76,1,0,77,46.1152
76,1,0,78,47.1929
76,1,0,79,45.6924
76,1,0,80,40.1186
76,1,0,81,49.1435
76,1,0,82,49.5442
76,1,0,83,60.0569
76,1,0,84,61.8453
76,1,0,85,59.6774
76,1,0,86,61.9224
76,1,0,87,47.9523
76,1,0,88,35.9758
76,1,0,89,58.9449
76,1,0,90,51.9182
76,1,0,91,48.4559
76,1,0,92,69.6135
76,1,0,93,60.8738
76,1,0,94,60.5481
76,1,0,95,54.7598
76,1,0,96,52.2926
76,1,0,97,52.4889
76,1,0,98,44.0687
76,1,0,99,43.0072
76,1,0,100,40.9193
76,1,0,101,40.0754
76,1,0,102,47.0194
76,1,0,103,43.7197
76,1,0,104,34.3156
76,1,0,105,38.8268
76,1,0,106,48.3369
76,1,0,107,38.9211
76,1,0,108,31.2113
76,1,0,109,30.5308
76,1,0,110,31.2383
76,1,0,111,43.2854
76,1,0,112,42.5677
76,1,0,113,49.6002
76,1,0,114,41.7445
76,1,0,115,39.8622
76,1,0,116,36.2253
76,1,0,117,44.3808
76,1,0,118,38.245
76,1,0,119,43.7498
76,1,0,120,39.2154
76,1,0,121,39.8722
76,1,0,122,45.4645
76,1,0,123,40.0483
76,1,0,124,39.0949
76,1,0,125,37.9543
76,1,0,126,44.0541
76,1,0,127,44.4081
76,1,0,128,29.2548
76,1,0,129,29.0764
76,1,0,130,34.8249
76,1,0,131,33.6871
76,1,0,132,33.6463
76,1,0,133,34.0821
76,1,0,134,29.5159
76,1,0,135,31.7316
76,1,0,136,32.3312
76,1,0,137,36.113
76,1,0,138,32.5887
76,1,0,139,38.095
76,1,0,140,34.4279
76,1,0,141,32.8328
76,1,0,142,39.2566
76,1,0,143,37.3745
76,1,0,144,33.1446
76,1,0,145,35.0778
76,1,0,146,33.5404
76,1,0,147,35.2387
76,1,0,148,35.8921
76,1,0,149,29.7748
76,1,0,150,36.6853
76,1,0,151,32.1977
76,1,0,152,34.8501
76,1,0,153,35.006
76,1,0,154,33.2925
76,1,0,155,33.4007
76,1,0,156,31.2842
76,1,0,157,35.5288
76,1,0,158,36.9283
76,1,0,159,30.0123
76,1,0,160,23.8895
76,1,0,161,23.9054
76,1,0,162,39.2637
76,1,0,163,32.6589
76,1,0,164,33.7414
76,1,0,165,35.4937
76,1,0,166,32.8317
76,1,0,167,31.7652
76,1,0,168,36.7197
76,1,0,169,28.071
76,1,0,170,29.7875
76,1,0,171,32.0774
76,1,0,172,27.6809
76,1,0,173,28.5968
76,1,0,174,33.3025
76,1,0,175,29.8199
76,1,0,176,29.6397
76,1,0,177,44.2977
76,1,0,178,40.7796
76,1,0,179,36.2955
76,1,0,180,39.9425
76,1,0,181,29.7436
76,1,0,182,29.5829
76,1,0,183,35.1792
76,1,0,184,35.4288
76,1,0,185,39.579
76,1,0,186,34.6938
76,1,0,187,34.0962
76,1,0,188,43.9583
76,1,0,189,35.8597
76,1,0,190,25.0781
76,1,0,191,30.2219
76,1,0,192,26.8612
76,1,0,193,29.9643
76,1,0,194,32.6
76,1,0,195,47.6364
76,1,0,196,36.3022
76,1,0,197,47.3673
76,1,0,198,36.1213
76,1,0,199,40.083
76,1,0,200,42.7493
76,1,0,201,46.3158
76,1,0,202,47.5442
76,1,0,203,35.1474
76,1,0,204,36.7881
76,1,0,205,46.6899
76,1,0,206,34.934
76,1,0,207,43.64
76,1,0,208,33.7259
76,1,0,209,31.7272
76,1,0,210,40.2671
76,1,0,211,46.8212
76,1,0,212,44.9503
76,1,0,213,44.2973
76,1,0,214,47.5642
76,1,0,215,48.2222
76,1,0,216,46.9353
76,1,0,217,38.5434
76,1,0,218,30.7125
76,1,0,219,30.9921
76,1,0,220,30.4808
76,1,0,221,28.0927
76,1,0,222,34.6242
76,1,0,223,35.9457
76,1,0,224,35.2251
76,1,0,225,36.9185
76,1,0,226,33.5393
76,1,0,227,33.5309
76,1,0,228,38.1751
76,1,0,229,33.8224
76,1,0,230,38.5829
76,1,0,231,38.6277
76,1,0,232,33.2668
76,1,0,233,37.1708
76,1,0,234,37.4556
76,1,0,235,32.4901
76,1,0,236,35.7243
76,1,0,237,31.7471
76,1,0,238,33.5981
76,1,0,239,31.851
76,1,0,240,37.6015
76,1,0,241,39.7089
76,1,0,242,38.5356
76,1,0,243,40.4658
76,1,0,244,48.4245
76,1,0,245,42.7406
76,1,0,246,43.4265
76,1,0,247,42.5748
76,1,0,248,21.9348
76,1,0,249,25.7746
76,1,0,250,25.8385
76,1,0,251,29.0899
76,1,0,252,28.6505
76,1,0,253,21.6426
76,1,0,254,19.0073
76,1,0,255,23.5254
76,1,0,256,21.4789
76,1,0,257,20.8825
76,1,0,258,18.8713
76,1,0,259,23.1146
76,1,0,260,22.396
76,1,0,261,14.7523
76,1,0,262,14.2858
76,1,0,263,13.703
76,1,0,264,12.9047
76,1,0,265,13.2633
76,1,0,266,11.8417
76,1,0,267,11.4748
76,1,0,268,11.2724
76,1,0,269,11.3049
76,1,0,270,11.3027
76,1,0,271,11.057
76,1,0,272,11.2669
76,1,0,273,11.3014
76,1,0,274,11.1686
76,1,0,275,11.0714
76,1,0,276,11.5008
76,1,0,277,11.4355
76,1,0,278,11.4292
76,1,0,279,11.7647
76,1,0,280,12.0422
76,1,0,281,12.2593
76,1,0,282,11.6847
76,1,0,283,10.7375
76,1,0,284,11.995
76,1,0,285,14.7931
76,1,0,286,13.1378
76,1,0,287,11.0118
76,1,0,288,10.1604
76,1,0,289,11.5106
76,1,0,290,11.5885
76,1,0,291,13.9241
76,1,0,292,13.4259
76,1,0,293,10.6923
76,1,0,294,14.2223
76,1,0,295,10.5577
76,1,0,296,9.4505
76,1,0,297,9.8895
76,1,0,298,9.9518
76,1,0,299,9.3742
76,1,0,300,9.4594
76,1,0,301,10.1333
76,1,0,302,10.1151
76,1,0,303,9.5246
76,1,0,304,12.5211
76,1,0,305,10.8453
76,1,0,306,8.7953
76,1,0,307,10.4707
76,1,0,308,10.7726
76,1,0,309,10.2183
76,1,0,310,10.6441
76,1,0,311,10.9752
76,1,0,312,10.7042
76,1,0,313,11.1038
76,1,0,314,10.5655
76,1,0,315,11.1958
76,1,0,316,11.1286
76,1,0,317,11.3923
76,1,0,318,11.794
76,1,0,319,11.6514
76,1,0,320,16.6255
76,1,0,321,20.6481
76,1,0,322,17.0867
76,1,0,323,11.6799
76,1,0,324,10.9776
76,1,0,325,11.7125
76,1,0,326,11.2752
76,1,0,327,11.8544
76,1,0,328,9.9818
76,1,0,329,12.7739
76,1,0,330,15.0584
76,1,0,331,16.5861
76,1,0,332,16.3115
76,1,0,333,13.1919
76,1,0,334,14.6356
76,1,0,335,14.929
76,1,0,336,11.939
76,1,0,337,11.2002
76,1,0,338,11.4998
76,1,0,339,10.1523
76,1,0,340,10.6788
76,1,0,341,12.0221
76,1,0,342,15.0403
76,1,0,343,15.0116
76,1,0,344,16.5488
76,1,0,345,16.0557
76,1,0,346,14.4762
76,1,0,347,14.8431
76,1,0,348,15.2458
76,1,0,349,14.6848
76,1,0,350,15.5119
76,1,0,351,16.0922
76,1,0,352,16.6202
76,1,0,353,15.7593
76,1,0,354,16.0248
76,1,0,355,15.7538
76,1,0,356,15.5606
76,1,0,357,15.5347
76,1,0,358,15.7799
76,1,0,359,12.2488
76,1,0,360,11.1576
76,1,0,361,11.3476
76,1,0,362,11.9559
76,1,0,363,11.7036
76,1,0,364,12.2894
76,1,0,365,11.6857
76,1,0,366,10.8969
76,1,0,367,12.2643
76,1,0,368,11.8333
76,1,0,369,11.2786
76,1,0,370,10.9484
76,1,0,371,11.9494
76,1,0,372,12.1728
76,1,0,373,10.9705
76,1,0,374,11.3066
76,1,0,375,11.3051
76,1,0,376,12.3538
76,1,0,377,11.6184
76,1,0,378,15.5284
76,1,0,379,19.8799
76,1,0,380,12.8103
76,1,0,381,11.8476
76,1,0,382,10.8805
76,1,0,383,10.7122
76,1,0,384,11.0683
76,1,0,385,13.7457
76,1,0,386,12.0909
76,1,0,387,11.5428
76,1,0,388,13.229
76,1,0,389,11.932
76,1,0,390,12.2841
76,1,0,391,13.3861
76,1,0,392,10.1855
76,1,0,393,15.5432
76,1,0,394,14.4224
76,1,0,395,12.5945
76,1,0,396,16.6904
76,1,0,397,14.3418
76,1,0,398,18.1183
76,1,0,399,17.7027
76,1,0,400,16.2437
76,1,0,401,12.5958
76,1,0,402,14.8396
76,1,0,403,17.9994
76,1,0,404,18.2244
76,1,0,405,16.1654
76,1,0,406,12.359
76,1,0,407,11.1863
76,1,0,408,12.5315
76,1,0,409,14.9652
76,1,0,410,13.5298
76,1,0,411,15.6918
76,1,0,412,15.4035
76,1,0,413,17.7194
76,1,0,414,15.3311
76,1,0,415,11.5163
76,1,0,416,17.7143
76,1,0,417,16.5608
76,1,0,418,10.3026
76,1,0,419,10.4203
76,1,0,420,11.1473
76,1,0,421,10.9105
76,1,0,422,17.3249
76,1,0,423,15.5648
76,1,0,424,16.2314
76,1,0,425,13.6786
76,1,0,426,10.9035
76,1,0,427,10.2637
76,1,0,428,12.2068
76,1,0,429,12.0183
76,1,0,430,11.466
76,1,0,431,10.7737
76,1,0,432,11.4045
76,1,0,433,11.3481
76,1,0,434,12.0251
76,1,0,435,11.2887
76,1,0,436,10.9649
76,1,0,437,11.6004
76,1,0,438,11.9474
76,1,0,439,10.8865
76,1,0,440,10.4985
76,1,0,441,11.1117
76,1,0,442,11.1892
76,1,0,443,12.0906
76,1,0,444,10.1228
76,1,0,445,9.9075
76,1,0,446,11.9485
76,1,0,447,11.4213
76,1,0,448,10.4492
76,1,0,449,10.9579
76,1,0,450,11.3408
76,1,0,451,11.9364
76,1,0,452,12.3016
76,1,0,453,10.7782
76,1,0,454,10.4631
76,1,0,455,11.3461
76,1,0,456,11.246
76,1,0,457,11.0794
76,1,0,458,11.2199
76,1,0,459,11.013
76,1,0,460,9.9974
76,1,0,461,11.9641
76,1,0,462,10.1928
76,1,0,463,11.2077
76,1,0,464,16.0044
76,1,0,465,16.3218
76,1,0,466,18.3809
76,1,0,467,15.0406
76,1,0,468,12.6388
76,1,0,469,12.1693
76,1,0,470,13.1146
76,1,0,471,12.0275
76,1,0,472,10.7509
76,1,0,473,11.4181
76,1,0,474,10.8085
76,1,0,475,11.4068
76,1,0,476,11.2524
76,1,0,477,11.7527
76,1,0,478,12.2471
76,1,0,479,9.8722
76,1,0,480,10.5619
76,1,0,481,15.2119
76,1,0,482,15.2843
76,1,0,483,15.104
76,1,0,484,14.3664
76,1,0,485,10.6664
76,1,0,486,11.3963
76,1,0,487,12.4858
76,1,0,488,9.7386
76,1,0,489,9.0821
76,1,0,490,8.877
76,1,0,491,9.5829
76,1,0,492,10.124
76,1,0,493,9.5858
76,1,0,494,10.098
76,1,0,495,10.1259
76,1,0,496,10.806
76,1,0,497,11.1662
76,1,0,498,10.8986
76,1,0,499,11.279
76,1,0,500,11.2482
76,1,0,501,10.6245
76,1,0,502,10.8195
76,1,0,503,11.7846
76,1,0,504,11.1586
76,1,0,505,9.8731
76,1,0,506,9.8507
76,1,0,507,9.9335
76,1,0,508,18.4244
76,1,0,509,15.5847
76,1,0,510,12.8601
76,1,0,511,12.5246
76,1,0,512,12.7813
76,1,0,513,10.7972
76,1,0,514,11.2258
76,1,0,515,12.3815
76,1,0,516,9.1389
76,1,0,517,16.3593
76,1,0,518,10.2483
76,1,0,519,12.667
76,1,0,520,15.7733
76,1,0,521,15.5947
76,1,0,522,13.1612
76,1,0,523,12.3426
76,1,0,524,9.8543
76,1,0,525,11.9985
76,1,0,526,9.7556
76,1,0,527,9.468
76,1,0,528,16.3425
76,1,0,529,14.1114
76,1,0,530,14.683
76,1,0,531,14.7636
76,1,0,532,15.3838
76,1,0,533,16.0616
76,1,0,534,11.4952
76,1,0,535,9.7574
76,1,0,536,10.5704
76,1,0,537,10.5561
76,1,0,538,11.0623
76,1,0,539,10.9585
76,1,0,540,11.4804
76,1,0,541,10.3252
76,1,0,542,10.7943
76,1,0,543,12.4076
76,1,0,544,11.8233
76,1,0,545,17.9613
76,1,0,546,15.981
76,1,0,547,15.2176
76,1,0,548,16.0575
76,1,0,549,12.8353
76,1,0,550,12.8965
76,1,0,551,12.3444
76,1,0,552,10.8685
76,1,0,553,11.1977
76,1,0,554,11.2385
76,1,0,555,10.1827
76,1,0,556,15.0875
76,1,0,557,11.1527
76,1,0,558,14.9966
76,1,0,559,13.8615
76,1,0,560,16.0428
76,1,0,561,13.8121
76,1,0,562,14.1831
76,1,0,563,13.3903
76,1,0,564,13.155
76,1,0,565,12.5256
76,1,0,566,12.441
76,1,0,567,11.7082
76,1,0,568,14.8638
76,1,0,569,12.713
76,1,0,570,12.6299
76,1,0,571,12.4398
76,1,0,572,12.992
76,1,0,573,12.2222
76,1,0,574,12.1184
76,1,0,575,11.1496
76,1,0,576,11.0816
76,1,0,577,11.7934
76,1,0,578,15.1043
76,1,0,579,12.768
76,1,0,580,11.3815
76,1,0,581,11.1928
76,1,0,582,10.5322
76,1,0,583,10.478
76,1,0,584,11.4286
76,1,0,585,10.4853
76,1,0,586,10.5538
76,1,0,587,11.6684
76,1,0,588,11.2758
76,1,0,589,10.5523
76,1,0,590,11.7999
76,1,0,591,13.1027
76,1,0,592,12.7361
76,1,0,593,12.5507
76,1,0,594,11.6021
76,1,0,595,12.4148
76,1,0,596,13.0392
76,1,0,597,11.6782
76,1,0,598,12.1108
76,1,0,599,12.4251
76,1,0,600,12.2511
76,1,0,601,12.9092
76,1,0,602,11.242
76,1,0,603,10.7533
76,1,0,604,11.8437
76,1,0,605,11.0037
76,1,0,606,11.3798
76,1,0,607,10.6678
76,1,0,608,12.3361
76,1,0,609,11.7177
76,1,0,610,11.6127
76,1,0,611,10.9712
76,1,0,612,11.9359
76,1,0,613,11.5273
76,1,0,614,10.91
76,1,0,615,11.1552
76,1,0,616,11.9439
76,1,0,617,11.8398
76,1,0,618,11.4542
76,1,0,619,12.6236
76,1,0,620,13.4523
76,1,0,621,13.222
76,1,0,622,11.6327
76,1,0,623,11.6954
76,1,0,624,11.1608
76,1,0,625,11.6079
76,1,0,626,11.7175
76,1,0,627,11.2487
76,1,0,628,13.1226
76,1,0,629,11.465
76,1,0,630,12.0733
76,1,0,631,12.2816
76,1,0,632,10.5022
76,1,0,633,11.5738
76,1,0,634,11.5899
76,1,0,635,10.648
76,1,0,636,15.4227
76,1,0,637,11.4371
76,1,0,638,15.9524
76,1,0,639,14.863
76,1,0,640,12.1412
76,1,0,641,11.0079
76,1,0,642,10.6317
76,1,0,643,14.2586
76,1,0,644,11.7933
76,1,0,645,10.8363
76,1,0,646,10.9871
76,1,0,647,11.7708
76,1,0,648,10.5487
76,1,0,649,8.7548
76,1,0,650,10.059
76,1,0,651,14.036
76,1,0,652,12.5281
76,1,0,653,12.1828
76,1,0,654,11.6137
76,1,0,655,14.9196
76,1,0,656,11.7789
76,1,0,657,10.1073
76,1,0,658,15.264
76,1,0,659,14.3742
76,1,0,660,11.647
76,1,0,661,10.6589
76,1,0,662,15.5733
76,1,0,663,15.9309
76,1,0,664,15.1496
76,1,0,665,11.1101
76,1,0,666,11.2671
76,1,0,667,11.7646
76,1,0,668,12.5122
76,1,0,669,10.7508
76,1,0,670,10.0988
76,1,0,671,12.4734
76,1,0,672,11.5496
76,1,0,673,10.493
76,1,0,674,12.8529
76,1,0,675,13.0721
76,1,0,676,12.3233
76,1,0,677,11.4209
76,1,0,678,11.3695
76,1,0,679,10.6588
76,1,0,680,10.7582
76,1,0,681,10.7944
76,1,0,682,13.9199
76,1,0,683,11.0532
76,1,0,684,12.1367
76,1,0,685,14.0548
76,1,0,686,11.572
76,1,0,687,13.7167
76,1,0,688,11.1416
76,1,0,689,13.111
76,1,0,690,11.2425
76,1,0,691,11.0492
76,1,0,692,10.7183
76,1,0,693,10.6949
76,1,0,694,10.374
76,1,0,695,15.0674
76,1,0,696,14.32
76,1,0,697,17.6997
76,1,0,698,11.2861
76,1,0,699,10.7697
76,1,0,700,10.4156
76,1,0,701,11.5201
76,1,0,702,10.4992
76,1,0,703,10.282
76,1,0,704,11.2417
76,1,0,705,10.7573
76,1,0,706,11.634
76,1,0,707,10.1667
76,1,0,708,14.3405
76,1,0,709,12.3736
76,1,0,710,10.8603
76,1,0,711,11.3131
76,1,0,712,10.8751
76,1,0,713,14.9754
76,1,0,714,11.4873
76,1,0,715,10.8292
76,1,0,716,10.7612
76,1,0,717,11.3047
76,1,0,718,11.4133
76,1,0,719,10.2641
76,1,0,720,16.1467
76,1,0,721,12.4192
76,1,0,722,10.6283
76,1,0,723,10.8751
76,1,0,724,10.8973
76,1,0,725,9.8406
76,1,0,726,11.6573
76,1,0,727,12.2691
76,1,0,728,13.4235
76,1,0,729,15.9064
76,1,0,730,13.7686
76,1,0,731,12.2764
76,1,0,732,12.2976
76,1,0,733,13.1585
76,1,0,734,16.0361
76,1,0,735,11.8131
76,1,0,736,14.3037
76,1,0,737,12.0803
76,1,0,738,10.3784
76,1,0,739,13.3013
76,1,0,740,13.9049
76,1,0,741,11.9804
76,1,0,742,11.4348
76,1,0,743,10.4369
76,1,0,744,11.3442
76,1,0,745,12.633
76,1,0,746,15.0741
76,1,0,747,13.9525
76,1,0,748,12.7678
76,1,0,749,10.7977
76,1,0,750,11.0668
76,1,0,751,10.7703
76,1,0,752,10.5294
76,1,0,753,12.6364
76,1,0,754,11.4141
76,1,0,755,10.8908
76,1,0,756,10.4239
76,1,0,757,12.1882
76,1,0,758,11.3042
76,1,0,759,12.8208
76,1,0,760,14.9675
76,1,0,761,13.4063
76,1,0,762,14.9497
76,1,0,763,14.914
76,1,0,764,11.7073
76,1,0,765,10.9284
76,1,0,766,11.0571
76,1,0,767,11.2413
76,1,0,768,11.5403
76,1,0,769,13.0027
76,1,0,770,14.6494
76,1,0,771,13.2969
76,1,0,772,11.255
76,1,0,773,10.8385
76,1,0,774,12.6496
76,1,0,775,11.0553
76,1,0,776,10.9864
76,1,0,777,11.6179
76,1,0,778,12.7471
76,1,0,779,12.0993
76,1,0,780,11.466
76,1,0,781,12.2466
76,1,0,782,12.9108
76,1,0,783,12.7505
76,1,0,784,12.8281
76,1,0,785,11.371
76,1,0,786,11.6907
76,1,0,787,12.7086
76,1,0,788,12.7383
76,1,0,789,11.3077
76,1,0,790,10.0897
76,1,0,791,13.7065
76,1,0,792,15.5967
76,1,0,793,12.8883
76,1,0,794,10.3776
76,1,0,795,10.5391
76,1,0,796,13.9263
76,1,0,797,14.5374
76,1,0,798,13.8577
76,1,0,799,12.8257
76,1,0,800,12.0812
76,1,0,801,11.3761
76,1,0,802,13.2624
76,1,0,803,12.1998
76,1,0,804,10.3893
76,1,0,805,11.3582
76,1,0,806,11.3117
76,1,0,807,11.9766
76,1,0,808,15.3402
76,1,0,809,10.6355
76,1,0,810,13.0224
76,1,0,811,11.2882
76,1,0,812,13.314
76,1,0,813,13.8857
76,1,0,814,12.3195
76,1,0,815,11.8137
76,1,0,816,11.441
76,1,0,817,11.1634
76,1,0,818,10.8413
76,1,0,819,10.5921
76,1,0,820,13.0781
76,1,0,821,11.0783
76,1,0,822,10.5399
76,1,0,823,15.7286
76,1,0,824,12.6081
76,1,0,825,11.5452
76,1,0,826,10.6734
76,1,0,827,13.5986
76,1,0,828,13.2567
76,1,0,829,14.3719
76,1,0,830,16.9756
76,1,0,831,13.3701
76,1,0,832,11.5044
76,1,0,833,14.9403
76,1,0,834,11.2338
76,1,0,835,10.0258
76,1,0,836,11.3664
76,1,0,837,13.4084
76,1,0,838,13.8967
76,1,0,839,14.8335
76,1,0,840,15.8948
76,1,0,841,15.0601
76,1,0,842,16.5783
76,1,0,843,12.4644
76,1,0,844,11.2646
76,1,0,845,10.8548
76,1,0,846,14.1759
76,1,0,847,12.1291
76,1,0,848,11.5454
76,1,0,849,9.8914
76,1,0,850,14.3592
76,1,0,851,14.9759
76,1,0,852,17.0405
76,1,0,853,15.8758
76,1,0,854,14.4573
76,1,0,855,14.2733
76,1,0,856,15.009
76,1,0,857,13.5148
76,1,0,858,13.3784
76,1,0,859,11.853
76,1,0,860,12.8561
76,1,0,861,11.6989
76,1,0,862,9.9638
76,1,0,863,10.2187
76,1,0,864,12.0014
76,1,0,865,13.0906
76,1,0,866,12.0881
76,1,0,867,11.5519
76,1,0,868,13.124
76,1,0,869,15.4705
76,1,0,870,12.1221
76,1,0,871,10.6344
76,1,0,872,11.3178
76,1,0,873,12.9508
76,1,0,874,13.9057
76,1,0,875,11.3921
76,1,0,876,11.8308
76,1,0,877,12.1205
76,1,0,878,13.2113
76,1,0,879,13.2865
76,1,0,880,12.5417
76,1,0,881,12.2472
76,1,0,882,13.3689
76,1,0,883,10.8112
76,1,0,884,11.8582
76,1,0,885,11.7859
76,1,0,886,12.431
76,1,0,887,16.3366
76,1,0,888,13.4252
76,1,0,889,11.5875
76,1,0,890,10.8357
76,1,0,891,13.4118
76,1,0,892,12.7778
76,1,0,893,12.4637
76,1,0,894,11.9577
76,1,0,895,13.7376
76,1,0,896,11.884
76,1,0,897,10.5025
76,1,0,898,11.8169
76,1,0,899,12.4803
76,1,0,900,13.7844
76,1,1,1,44.6937
76,1,1,2,46.9812
76,1,1,3,42.9599
76,1,1,4,40.8581
76,1,1,5,40.7361
76,1,1,6,39.7733
76,1,1,7,37.4094
76,1,1,8,44.8027
76,1,1,9,37.731
76,1,1,10,36.8533
76,1,1,11,40.5949
76,1,1,12,42.4878
76,1,1,13,42.7885
76,1,1,14,40.2897
76,1,1,15,46.9168
76,1,1,16,44.7082
76,1,1,17,44.2047
76,1,1,18,42.6848
76,1,1,19,40.8082
76,1,1,20,44.627
76,1,1,21,40.6569
76,1,1,22,32.1552
76,1,1,23,33.307
76,1,1,24,44.4328
76,1,1,25,35.5582
76,1,1,26,41.8324
76,1,1,27,39.3642
76,1,1,28,36.8215
76,1,1,29,42.5562
76,1,1,30,39.6848
76,1,1,31,39.189
76,1,1,32,36.6688
76,1,1,33,36.4592
76,1,1,34,41.6852
76,1,1,35,36.7389
76,1,1,36,37.2541
76,1,1,37,37.8671
76,1,1,38,43.2827
76,1,1,39,41.9125
76,1,1,40,50.6059
76,1,1,41,46.7602
76,1,1,42,37.1171
76,1,1,43,37.1936
76,1,1,44,40.1515
76,1,1,45,36.0845
76,1,1,46,43.2491
76,1,1,47,38.8286
76,1,1,48,35.5323
76,1,1,49,36.6473
76,1,1,50,41.5138
76,1,1,51,40.0187
76,1,1,52,33.7725
76,1,1,53,37.9409
76,1,1,54,37.6647
76,1,1,55,33.5747
76,1,1,56,39.0574
76,1,1,57,39.3112
76,1,1,58,38.3067
76,1,1,59,40.3737
76,1,1,60,42.1123
76,1,1,61,38.0956
76,1,1,62,35.0329
76,1,1,63,38.4507
76,1,1,64,43.8637
76,1,1,65,38.7228
76,1,1,66,40.0483
76,1,1,67,39.4441
76,1,1,68,40.0682
76,1,1,69,39.219
76,1,1,70,38.0716
76,1,1,71,36.4261
76,1,1,72,40.7964
76,1,1,73,33.4512
76,1,1,74,34.4486
76,1,1,75,32.2521
76,1,1,76,29.6161
76,1,1,77,32.5226
76,1,1,78,32.6475
76,1,1,79,34.3151
76,1,1,80,34.6178
76,1,1,81,30.8203
76,1,1,82,36.5551
76,1,1,83,40.0349
76,1,1,84,40.9092
76,1,1,85,39.6049
76,1,1,86,32.0004
76,1,1,87,27.8547
76,1,1,88,33.5269
76,1,1,89,35.6283
76,1,1,90,36.1071
76,1,1,91,31.8748
76,1,1,92,39.4613
76,1,1,93,43.5999
76,1,1,94,39.098
76,1,1,95,42.2513
76,1,1,96,38.2991
76,1,1,97,42.8659
76,1,1,98,33.914
76,1,1,99,36.1964
76,1,1,100,27.0634
76,1,1,101,32.0724
76,1,1,102,25.1776
76,1,1,103,25.8321
76,1,1,104,24.1388
76,1,1,105,24.8064
76,1,1,106,26.209
76,1,1,107,25.1084
76,1,1,108,32.0819
76,1,1,109,34.3122
76,1,1,110,26.7378
76,1,1,111,34.2668
76,1,1,112,34.4977
76,1,1,113,35.7702
76,1,1,114,38.4255
76,1,1,115,36.8677
76,1,1,116,36.9515
76,1,1,117,35.061
76,1,1,118,34.7569
76,1,1,119,32.4809
76,1,1,120,40.2583
76,1,1,121,36.0588
76,1,1,122,33.7644
76,1,1,123,33.4035
76,1,1,124,36.4709
76,1,1,125,32.8704
76,1,1,126,34.2809
76,1,1,127,39.2577
76,1,1,128,28.6165
76,1,1,129,32.2146
76,1,1,130,33.1825
76,1,1,131,40.0798
76,1,1,132,31.4371
76,1,1,133,33.3011
76,1,1,134,29.4882
76,1,1,135,28.548
76,1,1,136,25.4761
76,1,1,137,19.003
76,1,1,138,26.1442
76,1,1,139,31.5774
76,1,1,140,25.2833
76,1,1,141,23.5134
76,1,1,142,34.0936
76,1,1,143,28.2794
76,1,1,144,22.2739
76,1,1,145,22.4481
76,1,1,146,27.3279
76,1,1,147,27.7111
76,1,1,148,28.6229
76,1,1,149,28.8914
76,1,1,150,27.0991
76,1,1,151,25.4457
76,1,1,152,26.2578
76,1,1,153,27.7922
76,1,1,154,29.1281
76,1,1,155,29.6987
76,1,1,156,28.3459
76,1,1,157,26.986
76,1,1,158,30.9511
76,1,1,159,29.5727
76,1,1,160,29.0627
76,1,1,161,27.2467
76,1,1,162,28.1366
76,1,1,163,27.4154
76,1,1,164,31.5215
76,1,1,165,30.063
76,1,1,166,29.7645
76,1,1,167,33.0441
76,1,1,168,31.4579
76,1,1,169,25.8626
76,1,1,170,22.89
76,1,1,171,30.8402
76,1,1,172,33.4936
76,1,1,173,26.0111
76,1,1,174,29.3962
76,1,1,175,28.8365
76,1,1,176,29.3538
76,1,1,177,27.8331
76,1,1,178,30.0464
76,1,1,179,33.2564
76,1,1,180,28.0616
76,1,1,181,27.6083
76,1,1,182,33.0672
76,1,1,183,42.0967
76,1,1,184,40.8815
76,1,1,185,31.4967
76,1,1,186,38.5629
76,1,1,187,32.4781
76,1,1,188,34.9201
76,1,1,189,32.1618
76,1,1,190,30.7574
76,1,1,191,28.5623
76,1,1,192,24.6071
76,1,1,193,25.1071
76,1,1,194,25.2309
76,1,1,195,24.4629
76,1,1,196,26.958
76,1,1,197,31.0038
76,1,1,198,25.0325
76,1,1,199,26.5148
76,1,1,200,30.0896
76,1,1,201,29.6315
76,1,1,202,29.1606
76,1,1,203,29.9659
76,1,1,204,31.4947
76,1,1,205,27.3255
76,1,1,206,26.3714
76,1,1,207,26.2311
76,1,1,208,27.025
76,1,1,209,24.6437
76,1,1,210,25.3825
76,1,1,211,28.3814
76,1,1,212,23.6077
76,1,1,213,22.4806
76,1,1,214,32.3803
76,1,1,215,32.6264
76,1,1,216,34.9233
76,1,1,217,35.9539
76,1,1,218,29.6013
76,1,1,219,32.536
76,1,1,220,30.9929
76,1,1,221,33.9341
76,1,1,222,40.0857
76,1,1,223,43.4527
76,1,1,224,40.2068
76,1,1,225,26.8589
76,1,1,226,32.5499
76,1,1,227,39.419
76,1,1,228,31.4892
76,1,1,229,35.2381
76,1,1,230,35.0722
76,1,1,231,38.5221
76,1,1,232,34.3556
76,1,1,233,32.6462
76,1,1,234,36.4622
76,1,1,235,35.8775
76,1,1,236,34.4439
76,1,1,237,36.6145
76,1,1,238,34.1185
76,1,1,239,29.9453
76,1,1,240,34.3232
76,1,1,241,33.3241
76,1,1,242,36.1978
76,1,1,243,35.5148
76,1,1,244,32.5543
76,1,1,245,35.0922
76,1,1,246,36.3591
76,1,1,247,40.3988
76,1,1,248,32.4952
76,1,1,249,35.2015
76,1,1,250,37.9101
76,1,1,251,33.2193
76,1,1,252,39.7066
76,1,1,253,37.052
76,1,1,254,31.6061
76,1,1,255,24.711
76,1,1,256,11.7171
76,1,1,257,15.1971
76,1,1,258,14.6336
76,1,1,259,13.4781
76,1,1,260,11.8518
76,1,1,261,12.9722
76,1,1,262,12.5333
76,1,1,263,13.5767
76,1,1,264,14.064
76,1,1,265,12.1041
76,1,1,266,13.5096
76,1,1,267,14.0421
76,1,1,268,14.2037
76,1,1,269,11.2011
76,1,1,270,11.4312
76,1,1,271,10.3507
76,1,1,272,11.5297
76,1,1,273,13.6541
76,1,1,274,14.2824
76,1,1,275,14.7523
76,1,1,276,13.1657
76,1,1,277,12.1858
76,1,1,278,12.7862
76,1,1,279,12.0994
76,1,1,280,13.1352
76,1,1,281,16.0003
76,1,1,282,15.1112
76,1,1,283,10.1992
76,1,1,284,11.29
76,1,1,285,10.3369
76,1,1,286,9.9114
76,1,1,287,11.1961
76,1,1,288,11.0262
76,1,1,289,10.3205
76,1,1,290,11.286
76,1,1,291,11.2459
76,1,1,292,11.2846
76,1,1,293,10.6209
76,1,1,294,10.5427
76,1,1,295,11.319
76,1,1,296,11.2342
76,1,1,297,11.264
76,1,1,298,11.2552
76,1,1,299,10.8743
76,1,1,300,11.2475
76,1,1,301,11.2428
76,1,1,302,11.2239
76,1,1,303,10.475
76,1,1,304,11.8069
76,1,1,305,10.9938
76,1,1,306,11.9086
76,1,1,307,10.4821
76,1,1,308,11.2681
76,1,1,309,10.3377
76,1,1,310,13.0055
76,1,1,311,12.9904
76,1,1,312,11.5074
76,1,1,313,10.7504
76,1,1,314,10.9371
76,1,1,315,11.2342
76,1,1,316,11.2422
76,1,1,317,11.2321
76,1,1,318,10.5716
76,1,1,319,11.0144
76,1,1,320,11.0862
76,1,1,321,11.2641
76,1,1,322,12.8067
76,1,1,323,12.8244
76,1,1,324,11.0721
76,1,1,325,11.2745
76,1,1,326,11.2209
76,1,1,327,11.5819
76,1,1,328,13.6677
76,1,1,329,13.5827
76,1,1,330,11.5858
76,1,1,331,14.3092
76,1,1,332,13.937
76,1,1,333,15.2215
76,1,1,334,13.024
76,1,1,335,11.7418
76,1,1,336,15.3624
76,1,1,337,13.6236
76,1,1,338,11.4137
76,1,1,339,11.6677
76,1,1,340,10.8461
76,1,1,341,11.2914
76,1,1,342,11.2582
76,1,1,343,11.2349
76,1,1,344,10.7381
76,1,1,345,11.9684
76,1,1,346,10.3962
76,1,1,347,11.0613
76,1,1,348,11.6885
76,1,1,349,11.2071
76,1,1,350,13.1112
76,1,1,351,14.3231
76,1,1,352,11.2749
76,1,1,353,11.3175
76,1,1,354,11.3094
76,1,1,355,10.7411
76,1,1,356,11.3447
76,1,1,357,11.2906
76,1,1,358,11.3238
76,1,1,359,11.3592
76,1,1,360,11.3757
76,1,1,361,11.3106
76,1,1,362,11.1233
76,1,1,363,11.2506
76,1,1,364,11.2292
76,1,1,365,10.7325
76,1,1,366,10.4326
76,1,1,367,10.3027
76,1,1,368,13.6362
76,1,1,369,11.2286
76,1,1,370,17.5071
76,1,1,371,16.3433
76,1,1,372,14.9875
76,1,1,373,13.1065
76,1,1,374,15.8336
76,1,1,375,13.8168
76,1,1,376,12.0763
76,1,1,377,11.4036
76,1,1,378,11.354
76,1,1,379,15.1059
76,1,1,380,16.3313
76,1,1,381,16.6325
76,1,1,382,12.8235
76,1,1,383,15.7249
76,1,1,384,13.9011
76,1,1,385,14.7077
76,1,1,386,13.8694
76,1,1,387,14.0774
76,1,1,388,12.5152
76,1,1,389,12.328
76,1,1,390,12.6029
76,1,1,391,13.864
76,1,1,392,12.3815
76,1,1,393,11.2537
76,1,1,394,10.0684
76,1,1,395,11.7943
76,1,1,396,10.838
76,1,1,397,13.4988
76,1,1,398,14.7121
76,1,1,399,11.1364
76,1,1,400,15.2861
76,1,1,401,13.0241
76,1,1,402,15.1272
76,1,1,403,15.9445
76,1,1,404,14.4471
76,1,1,405,13.9589
76,1,1,406,15.8647
76,1,1,407,14.9009
76,1,1,408,13.4354
76,1,1,409,11.5183
76,1,1,410,11.3629
76,1,1,411,11.236
76,1,1,412,8.9862
76,1,1,413,11.145
76,1,1,414,11.3502
76,1,1,415,10.9922
76,1,1,416,11.2302
76,1,1,417,11.7014
76,1,1,418,11.4104
76,1,1,419,13.8688
76,1,1,420,14.6801
76,1,1,421,10.8408
76,1,1,422,12.2343
76,1,1,423,12.8872
76,1,1,424,10.0748
76,1,1,425,10.6249
76,1,1,426,10.8519
76,1,1,427,14.093
76,1,1,428,16.5833
76,1,1,429,11.9062
76,1,1,430,12.1271
76,1,1,431,10.8346
76,1,1,432,12.9389
76,1,1,433,19.6873
76,1,1,434,18.793
76,1,1,435,10.7323
76,1,1,436,10.9751
76,1,1,437,13.3642
76,1,1,438,12.7361
76,1,1,439,11.0918
76,1,1,440,11.522
76,1,1,441,10.6326
76,1,1,442,11.4735
76,1,1,443,13.0193
76,1,1,444,13.4023
76,1,1,445,13.6742
76,1,1,446,13.6687
76,1,1,447,12.8659
76,1,1,448,12.4991
76,1,1,449,14.1231
76,1,1,450,12.4928
76,1,1,451,11.3388
76,1,1,452,10.5494
76,1,1,453,14.0988
76,1,1,454,13.9443
76,1,1,455,11.5096
76,1,1,456,11.0357
76,1,1,457,14.0212
76,1,1,458,14.0125
76,1,1,459,13.7598
76,1,1,460,12.7054
76,1,1,461,11.3635
76,1,1,462,12.2709
76,1,1,463,12.8791
76,1,1,464,12.9135
76,1,1,465,13.627
76,1,1,466,11.6417
76,1,1,467,11.4887
76,1,1,468,11.2671
76,1,1,469,10.3588
76,1,1,470,11.1455
76,1,1,471,11.2116
76,1,1,472,11.226
76,1,1,473,11.3071
76,1,1,474,11.022
76,1,1,475,11.9172
76,1,1,476,10.1777
76,1,1,477,12.8498
76,1,1,478,14.1359
76,1,1,479,13.7514
76,1,1,480,11.4107
76,1,1,481,11.2191
76,1,1,482,10.9891
76,1,1,483,11.1601
76,1,1,484,11.2063
76,1,1,485,10.4598
76,1,1,486,13.0967
76,1,1,487,12.7028
76,1,1,488,13.1948
76,1,1,489,13.6928
76,1,1,490,12.8945
76,1,1,491,14.4119
76,1,1,492,15.8197
76,1,1,493,15.5157
76,1,1,494,15.4786
76,1,1,495,15.0329
76,1,1,496,14.6685
76,1,1,497,15.673
76,1,1,498,15.0633
76,1,1,499,14.7856
76,1,1,500,14.5341
76,1,1,501,12.3786
76,1,1,502,13.6052
76,1,1,503,12.3898
76,1,1,504,14.7693
76,1,1,505,10.3853
76,1,1,506,10.4106
76,1,1,507,11.2148
76,1,1,508,10.3464
76,1,1,509,13.2349
76,1,1,510,13.2266
76,1,1,511,12.7784
76,1,1,512,15.4889
76,1,1,513,16.668
76,1,1,514,16.2186
76,1,1,515,14.8295
76,1,1,516,15.4025
76,1,1,517,15.514
76,1,1,518,13.7395
76,1,1,519,11.3325
76,1,1,520,11.2521
76,1,1,521,11.244
76,1,1,522,10.907
76,1,1,523,11.2696
76,1,1,524,11.0988
76,1,1,525,11.349
76,1,1,526,11.2393
76,1,1,527,11.1462
76,1,1,528,11.0728
76,1,1,529,10.3606
76,1,1,530,9.4492
76,1,1,531,10.1732
76,1,1,532,10.3392
76,1,1,533,12.554
76,1,1,534,13.4504
76,1,1,535,11.258
76,1,1,536,11.0042
76,1,1,537,10.5723
76,1,1,538,16.1669
76,1,1,539,16.4221
76,1,1,540,16.2044
76,1,1,541,11.9155
76,1,1,542,11.3269
76,1,1,543,12.1552
76,1,1,544,14.2509
76,1,1,545,13.1595
76,1,1,546,14.6673
76,1,1,547,14.312
76,1,1,548,14.7595
76,1,1,549,15.4141
76,1,1,550,12.9345
76,1,1,551,11.2397
76,1,1,552,10.1436
76,1,1,553,10.7835
76,1,1,554,11.2962
76,1,1,555,11.2895
76,1,1,556,11.2566
76,1,1,557,10.5314
76,1,1,558,11.6508
76,1,1,559,11.2442
76,1,1,560,10.8594
76,1,1,561,11.4704
76,1,1,562,13.3407
76,1,1,563,13.3748
76,1,1,564,12.7016
76,1,1,565,12.8791
76,1,1,566,13.5619
76,1,1,567,13.5165
76,1,1,568,13.3114
76,1,1,569,13.3826
76,1,1,570,14.7776
76,1,1,571,14.6107
76,1,1,572,14.5754
76,1,1,573,14.3228
76,1,1,574,11.6625
76,1,1,575,11.2643
76,1,1,576,10.1047
76,1,1,577,11.3533
76,1,1,578,10.9361
76,1,1,579,11.128
76,1,1,580,11.1929
76,1,1,581,12.2807
76,1,1,582,13.5964
76,1,1,583,12.9831
76,1,1,584,15.9566
76,1,1,585,14.7754
76,1,1,586,14.3329
76,1,1,587,13.64
76,1,1,588,12.883
76,1,1,589,10.6327
76,1,1,590,11.1948
76,1,1,591,12.1389
76,1,1,592,14.6507
76,1,1,593,13.0403
76,1,1,594,11.4507
76,1,1,595,11.3275
76,1,1,596,11.2553
76,1,1,597,11.3041
76,1,1,598,10.4728
76,1,1,599,12.7515
76,1,1,600,13.8229
76,1,1,601,13.1923
76,1,1,602,13.9023
76,1,1,603,13.2267
76,1,1,604,13.0766
76,1,1,605,12.6336
76,1,1,606,11.4001
76,1,1,607,13.4667
76,1,1,608,11.6283
76,1,1,609,14.5052
76,1,1,610,18.6338
76,1,1,611,16.8658
76,1,1,612,16.2691
76,1,1,613,13.7256
76,1,1,614,15.9978
76,1,1,615,15.1673
76,1,1,616,14.9244
76,1,1,617,13.4166
76,1,1,618,11.2822
76,1,1,619,11.2704
76,1,1,620,10.8866
76,1,1,621,11.2536
76,1,1,622,13.385
76,1,1,623,12.0948
76,1,1,624,12.1933
76,1,1,625,13.8926
76,1,1,626,13.4903
76,1,1,627,11.4063
76,1,1,628,11.0611
76,1,1,629,11.2432
76,1,1,630,11.2226
76,1,1,631,10.7638
76,1,1,632,11.3679
76,1,1,633,11.2868
76,1,1,634,11.6348
76,1,1,635,11.4615
76,1,1,636,10.1996
76,1,1,637,10.9938
76,1,1,638,10.084
76,1,1,639,11.4117
76,1,1,640,11.4249
76,1,1,641,12.0025
76,1,1,642,10.8733
76,1,1,643,11.5552
76,1,1,644,11.5663
76,1,1,645,11.6861
76,1,1,646,11.4873
76,1,1,647,11.694
76,1,1,648,11.8725
76,1,1,649,14.3602
76,1,1,650,10.866
76,1,1,651,9.9428
76,1,1,652,11.0331
76,1,1,653,14.9349
76,1,1,654,14.9054
76,1,1,655,14.4986
76,1,1,656,12.0069
76,1,1,657,11.1396
76,1,1,658,11.334
76,1,1,659,9.5658
76,1,1,660,11.0641
76,1,1,661,10.7744
76,1,1,662,11.1615
76,1,1,663,9.8208
76,1,1,664,11.5355
76,1,1,665,10.1293
76,1,1,666,12.0433
76,1,1,667,14.7682
76,1,1,668,12.7859
76,1,1,669,11.3534
76,1,1,670,13.4843
76,1,1,671,14.155
76,1,1,672,16.1826
76,1,1,673,18.4846
76,1,1,674,17.0283
76,1,1,675,17.398
76,1,1,676,10.9753
76,1,1,677,10.7159
76,1,1,678,10.8176
76,1,1,679,10.6643
76,1,1,680,18.0301
76,1,1,681,16.3419
76,1,1,682,15.7324
76,1,1,683,17.3614
76,1,1,684,15.5816
76,1,1,685,14.5887
76,1,1,686,13.0875
76,1,1,687,11.4273
76,1,1,688,12.0067
76,1,1,689,13.0728
76,1,1,690,10.9821
76,1,1,691,12.0495
76,1,1,692,12.8498
76,1,1,693,10.4027
76,1,1,694,11.137
76,1,1,695,10.8335
76,1,1,696,11.2855
76,1,1,697,11.855
76,1,1,698,13.334
76,1,1,699,10.5034
76,1,1,700,11.5995
76,1,1,701,14.7621
76,1,1,702,12.0525
76,1,1,703,15.5777
76,1,1,704,15.94
76,1,1,705,16.2876
76,1,1,706,15.484
76,1,1,707,11.0979
76,1,1,708,14.4836
76,1,1,709,14.6104
76,1,1,710,10.5733
76,1,1,711,10.9027
76,1,1,712,11.1599
76,1,1,713,10.5276
76,1,1,714,10.5847
76,1,1,715,12.1063
76,1,1,716,10.9456
76,1,1,717,9.3354
76,1,1,718,11.2055
76,1,1,719,14.0213
76,1,1,720,16.36
76,1,1,721,14.0147
76,1,1,722,15.0197
76,1,1,723,14.7797
76,1,1,724,14.9661
76,1,1,725,12.5701
76,1,1,726,11.7528
76,1,1,727,13.9729
76,1,1,728,11.2828
76,1,1,729,11.3418
76,1,1,730,11.3071
76,1,1,731,10.7463
76,1,1,732,12.015
76,1,1,733,11.7963
76,1,1,734,18.53
76,1,1,735,19.3798
76,1,1,736,21.2823
76,1,1,737,16.7348
76,1,1,738,18.4701
76,1,1,739,17.9355
76,1,1,740,17.4388
76,1,1,741,12.2417
76,1,1,742,10.5408
76,1,1,743,13.1936
76,1,1,744,12.3657
76,1,1,745,10.404
76,1,1,746,16.336
76,1,1,747,16.5883
76,1,1,748,13.9061
76,1,1,749,15.4626
76,1,1,750,15.5019
76,1,1,751,13.2819
76,1,1,752,11.3415
76,1,1,753,10.7437
76,1,1,754,10.2308
76,1,1,755,10.8464
76,1,1,756,11.3026
76,1,1,757,10.3124
76,1,1,758,10.3499
76,1,1,759,11.3434
76,1,1,760,11.0463
76,1,1,761,11.01
76,1,1,762,11.5715
76,1,1,763,10.4076
76,1,1,764,11.7093
76,1,1,765,11.0909
76,1,1,766,13.9318
76,1,1,767,11.9952
76,1,1,768,15.1268
76,1,1,769,10.7502
76,1,1,770,12.0457
76,1,1,771,11.306
76,1,1,772,11.9495
76,1,1,773,11.1578
76,1,1,774,11.9023
76,1,1,775,12.6881
76,1,1,776,16.1623
76,1,1,777,13.7466
76,1,1,778,15.4998
76,1,1,779,14.65
76,1,1,780,11.3568
76,1,1,781,11.2847
76,1,1,782,10.3421
76,1,1,783,11.306
76,1,1,784,11.2597
76,1,1,785,11.2942
76,1,1,786,10.5337
76,1,1,787,11.2221
76,1,1,788,11.2259
76,1,1,789,11.1472
76,1,1,790,10.7343
76,1,1,791,10.2783
76,1,1,792,10.6601
76,1,1,793,10.2267
76,1,1,794,14.563
76,1,1,795,15.3224
76,1,1,796,10.9757
76,1,1,797,11.3984
76,1,1,798,15.6352
76,1,1,799,12.9235
76,1,1,800,11.0321
76,1,1,801,11.2617
76,1,1,802,11.3225
76,1,1,803,11.1989
76,1,1,804,11.5743
76,1,1,805,11.3149
76,1,1,806,11.3464
76,1,1,807,14.8939
76,1,1,808,16.3603
76,1,1,809,15.0081
76,1,1,810,15.6928
76,1,1,811,11.8273
76,1,1,812,10.5684
76,1,1,813,11.0659
76,1,1,814,10.4896
76,1,1,815,10.8959
76,1,1,816,11.2594
76,1,1,817,11.2611
76,1,1,818,11.1692
76,1,1,819,10.8843
76,1,1,820,11.0258
76,1,1,821,13.3746
76,1,1,822,17.3253
76,1,1,823,16.5109
76,1,1,824,11.8475
76,1,1,825,11.3749
76,1,1,826,13.3753
76,1,1,827,11.6644
76,1,1,828,11.9525
76,1,1,829,10.5272
76,1,1,830,18.2255
76,1,1,831,16.7967
76,1,1,832,12.9727
76,1,1,833,11.5891
76,1,1,834,11.3724
76,1,1,835,10.5957
76,1,1,836,11.0743
76,1,1,837,13.3213
76,1,1,838,11.678
76,1,1,839,11.3175
76,1,1,840,12.451
76,1,1,841,14.8944
76,1,1,842,12.5085
76,1,1,843,15.247
76,1,1,844,18.0508
76,1,1,845,14.8255
76,1,1,846,12.6088
76,1,1,847,11.1585
76,1,1,848,11.2058
76,1,1,849,11.2352
76,1,1,850,11.2534
76,1,1,851,11.5247
76,1,1,852,11.422
76,1,1,853,10.4284
76,1,1,854,11.2371
76,1,1,855,11.1468
76,1,1,856,11.1502
76,1,1,857,11.1234
76,1,1,858,10.9334
76,1,1,859,10.4166
76,1,1,860,10.5894
76,1,1,861,11.1604
76,1,1,862,11.4964
76,1,1,863,11.2507
76,1,1,864,12.9169
76,1,1,865,11.8003
76,1,1,866,11.149
76,1,1,867,11.2177
76,1,1,868,11.3376
76,1,1,869,11.3112
76,1,1,870,13.3341
76,1,1,871,13.8477
76,1,1,872,14.2428
76,1,1,873,12.7466
76,1,1,874,12.6834
76,1,1,875,11.7734
76,1,1,876,11.3631
76,1,1,877,12.7464
76,1,1,878,13.8789
76,1,1,879,12.3658
76,1,1,880,11.5761
76,1,1,881,11.4308
76,1,1,882,12.248
76,1,1,883,13.0828
76,1,1,884,15.988
76,1,1,885,15.0423
76,1,1,886,13.1855
76,1,1,887,13.2219
76,1,1,888,13.4395
76,1,1,889,13.1376
76,1,1,890,11.352
76,1,1,891,11.3428
76,1,1,892,11.217
76,1,1,893,13.5316
76,1,1,894,10.3012
76,1,1,895,10.6737
76,1,1,896,11.036
76,1,1,897,10.7085
76,1,1,898,10.9757
76,1,1,899,11.1883
76,1,1,900,10.4288
76,1,2,1,37.1152
76,1,2,2,38.0145
76,1,2,3,39.8602
76,1,2,4,48.2783
76,1,2,5,45.4504
76,1,2,6,33.4461
76,1,2,7,35.9228
76,1,2,8,48.4809
76,1,2,9,57.0656
76,1,2,10,55.5856
76,1,2,11,51.2495
76,1,2,12,51.9299
76,1,2,13,56.4531
76,1,2,14,45.0801
76,1,2,15,51.6546
76,1,2,16,49.065
76,1,2,17,52.9002
76,1,2,18,58.122
76,1,2,19,43.2085
76,1,2,20,54.7395
76,1,2,21,58.6253
76,1,2,22,48.9769
76,1,2,23,36.5051
76,1,2,24,49.1583
76,1,2,25,47.7031
76,1,2,26,46.0862
76,1,2,27,47.524
76,1,2,28,47.2746
76,1,2,29,46.2623
76,1,2,30,43.8175
76,1,2,31,45.7099
76,1,2,32,52.3612
76,1,2,33,40.3962
76,1,2,34,43.0611
76,1,2,35,46.4279
76,1,2,36,47.6657
76,1,2,37,47.6678
76,1,2,38,47.1661
76,1,2,39,51.194
76,1,2,40,47.541
76,1,2,41,51.2768
76,1,2,42,47.858
76,1,2,43,55.1461
76,1,2,44,44.6335
76,1,2,45,46.4563
76,1,2,46,48.5583
76,1,2,47,45.1002
76,1,2,48,46.1265
76,1,2,49,47.2086
76,1,2,50,48.7954
76,1,2,51,44.5014
76,1,2,52,38.0934
76,1,2,53,41.6479
76,1,2,54,49.2391
76,1,2,55,45.7099
76,1,2,56,48.3497
76,1,2,57,44.0575
76,1,2,58,44.3609
76,1,2,59,43.4464
76,1,2,60,43.5628
76,1,2,61,45.8846
76,1,2,62,43.4812
76,1,2,63,46.1828
76,1,2,64,48.2194
76,1,2,65,53.2832
76,1,2,66,43.0358
76,1,2,67,42.4097
76,1,2,68,47.8362
76,1,2,69,42.4969
76,1,2,70,44.932
76,1,2,71,46.0839
76,1,2,72,44.426
76,1,2,73,46.3253
76,1,2,74,45.5594
76,1,2,75,45.6476
76,1,2,76,47.068
76,1,2,77,41.4852
76,1,2,78,41.4384
76,1,2,79,40.8133
76,1,2,80,39.3753
76,1,2,81,44.2936
76,1,2,82,43.1071
76,1,2,83,44.7463
76,1,2,84,42.9289
76,1,2,85,43.2719
76,1,2,86,45.8117
76,1,2,87,44.7918
76,1,2,88,44.1548
76,1,2,89,41.9366
76,1,2,90,44.3357
76,1,2,91,45.2131
76,1,2,92,44.4788
76,1,2,93,47.061
76,1,2,94,40.6653
76,1,2,95,39.301
76,1,2,96,39.7308
76,1,2,97,38.6477
76,1,2,98,36.9166
76,1,2,99,38.1186
76,1,2,100,41.7818
76,1,2,101,37.6222
76,1,2,102,37.9315
76,1,2,103,38.1756
76,1,2,104,36.5485
76,1,2,105,36.0194
76,1,2,106,34.4431
76,1,2,107,45.3674
76,1,2,108,40.0413
76,1,2,109,37.3017
76,1,2,110,37.0624
76,1,2,111,36.4992
76,1,2,112,43.1618
76,1,2,113,43.7413
76,1,2,114,38.0715
76,1,2,115,34.0817
76,1,2,116,35.4988
76,1,2,117,37.5546
76,1,2,118,35.499
76,1,2,119,28.1914
76,1,2,120,30.2536
76,1,2,121,31.2428
76,1,2,122,28.0537
76,1,2,123,30.3346
76,1,2,124,29.5127
76,1,2,125,28.5642
76,1,2,126,28.3399
76,1,2,127,27.3586
76,1,2,128,27.6187
76,1,2,129,29.5834
76,1,2,130,32.7688
76,1,2,131,32.3993
76,1,2,132,24.7183
76,1,2,133,23.2612
76,1,2,134,21.8278
76,1,2,135,26.4349
76,1,2,136,28.8401
76,1,2,137,31.2318
76,1,2,138,29.4048
76,1,2,139,21.2123
76,1,2,140,21.9343
76,1,2,141,24.0638
76,1,2,142,23.5402
76,1,2,143,25.7491
76,1,2,144,23.524
76,1,2,145,21.5688
76,1,2,146,23.7028
76,1,2,147,22.457
76,1,2,148,24.3387
76,1,2,149,26.0175
76,1,2,150,22.7451
76,1,2,151,21.3271
76,1,2,152,22.1052
76,1,2,153,30.4348
76,1,2,154,27.6259
76,1,2,155,29.6348
76,1,2,156,26.2609
76,1,2,157,30.5656
76,1,2,158,26.71
76,1,2,159,30.3799
76,1,2,160,35.4608
76,1,2,161,38.5509
76,1,2,162,27.0321
76,1,2,163,26.4157
76,1,2,164,25.585
76,1,2,165,25.9467
76,1,2,166,24.3076
76,1,2,167,34.3001
76,1,2,168,34.9839
76,1,2,169,29.1602
76,1,2,170,21.0589
76,1,2,171,21.0132
76,1,2,172,20.0126
76,1,2,173,29.7223
76,1,2,174,32.967
76,1,2,175,37.3733
76,1,2,176,37.3968
76,1,2,177,43.937
76,1,2,178,48.059
76,1,2,179,37.1304
76,1,2,180,33.4857
76,1,2,181,31.4361
76,1,2,182,36.9907
76,1,2,183,29.8446
76,1,2,184,48.0744
76,1,2,185,32.5539
76,1,2,186,54.28
76,1,2,187,37.2756
76,1,2,188,25.9029
76,1,2,189,32.9199
76,1,2,190,33.3609
76,1,2,191,32.9662
76,1,2,192,31.9426
76,1,2,193,35.4447
76,1,2,194,31.0358
76,1,2,195,31.0335
76,1,2,196,41.2338
76,1,2,197,30.9263
76,1,2,198,39.6036
76,1,2,199,35.1204
76,1,2,200,28.358
76,1,2,201,32.716
76,1,2,202,29.3023
76,1,2,203,32.7088
76,1,2,204,29.2653
76,1,2,205,36.1378
76,1,2,206,24.7928
76,1,2,207,27.682
76,1,2,208,32.1534
76,1,2,209,37.8783
76,1,2,210,46.325
76,1,2,211,34.8176
76,1,2,212,33.3311
76,1,2,213,32.6665
76,1,2,214,32.8798
76,1,2,215,32.5846
76,1,2,216,32.9272
76,1,2,217,40.4836
76,1,2,218,28.0178
76,1,2,219,18.1016
76,1,2,220,17.9406
76,1,2,221,18.1707
76,1,2,222,16.1921
76,1,2,223,17.0676
76,1,2,224,16.6914
76,1,2,225,17.5553
76,1,2,226,17.4532
76,1,2,227,16.4794
76,1,2,228,16.0388
76,1,2,229,18.6566
76,1,2,230,23.002
76,1,2,231,26.2449
76,1,2,232,18.7738
76,1,2,233,17.5433
76,1,2,234,17.4381
76,1,2,235,16.6074
76,1,2,236,16.8378
76,1,2,237,16.145
76,1,2,238,17.3301
76,1,2,239,17.1404
76,1,2,240,18.6192
76,1,2,241,16.5398
76,1,2,242,16.8546
76,1,2,243,16.0818
76,1,2,244,14.9092
76,1,2,245,15.5836
76,1,2,246,23.2254
76,1,2,247,31.7038
76,1,2,248,20.8454
76,1,2,249,18.2706
76,1,2,250,16.994
76,1,2,251,17.2226
76,1,2,252,17.3984
76,1,2,253,16.5452
76,1,2,254,16.9118
76,1,2,255,15.6593
76,1,2,256,17.1318
76,1,2,257,16.8448
76,1,2,258,17.0819
76,1,2,259,31.7463
76,1,2,260,32.2986
76,1,2,261,10.3595
76,1,2,262,13.0601
76,1,2,263,11.9474
76,1,2,264,11.1489
76,1,2,265,11.3957
76,1,2,266,11.5528
76,1,2,267,11.4751
76,1,2,268,10.1419
76,1,2,269,11.5224
76,1,2,270,10.3388
76,1,2,271,10.5688
76,1,2,272,11.0895
76,1,2,273,11.4316
76,1,2,274,11.5925
76,1,2,275,10.5186
76,1,2,276,11.1129
76,1,2,277,11.373
76,1,2,278,11.2504
76,1,2,279,11.75
76,1,2,280,11.7254
76,1,2,281,11.5983
76,1,2,282,14.609
76,1,2,283,12.2754
76,1,2,284,11.6043
76,1,2,285,11.9846
76,1,2,286,11.2627
76,1,2,287,11.3158
76,1,2,288,11.3567
76,1,2,289,11.0081
76,1,2,290,11.6254
76,1,2,291,11.6374
76,1,2,292,10.5348
76,1,2,293,11.3571
76,1,2,294,11.2736
76,1,2,295,11.2469
76,1,2,296,10.6381
76,1,2,297,11.38
76,1,2,298,11.4314
76,1,2,299,12.2748
76,1,2,300,11.9935
76,1,2,301,11.9476
76,1,2,302,11.6682
76,1,2,303,12.4323
76,1,2,304,11.2045
76,1,2,305,11.7561
76,1,2,306,10.6808
76,1,2,307,11.1455
76,1,2,308,11.7226
76,1,2,309,12.1307
76,1,2,310,11.5039
76,1,2,311,11.9161
76,1,2,312,12.3296
76,1,2,313,11.9782
76,1,2,314,11.9897
76,1,2,315,11.5352
76,1,2,316,12.1999
76,1,2,317,11.8235
76,1,2,318,12.1487
76,1,2,319,11.1263
76,1,2,320,10.9547
76,1,2,321,11.4072
76,1,2,322,11.6241
76,1,2,323,11.4491
76,1,2,324,11.2154
76,1,2,325,11.6568
76,1,2,326,11.2109
76,1,2,327,11.8514
76,1,2,328,11.4796
76,1,2,329,11.1187
76,1,2,330,11.4104
76,1,2,331,11.8219
76,1,2,332,11.5014
76,1,2,333,11.2932
76,1,2,334,10.8331
76,1,2,335,12.1149
76,1,2,336,11.4984
76,1,2,337,12.1276
76,1,2,338,10.8132
76,1,2,339,14.7722
76,1,2,340,15.4263
76,1,2,341,12.3706
76,1,2,342,11.8968
76,1,2,343,11.8105
76,1,2,344,13.9551
76,1,2,345,13.7455
76,1,2,346,11.6557
76,1,2,347,11.1653
76,1,2,348,11.104
76,1,2,349,11.8158
76,1,2,350,11.446
76,1,2,351,13.6078
76,1,2,352,12.0865
76,1,2,353,10.9499
76,1,2,354,10.98
76,1,2,355,12.0301
76,1,2,356,14.5743
76,1,2,357,11.3312
76,1,2,358,11.7111
76,1,2,359,16.9127
76,1,2,360,13.3067
76,1,2,361,12.5642
76,1,2,362,11.7907
76,1,2,363,12.2312
76,1,2,364,11.0049
76,1,2,365,11.7701
76,1,2,366,10.4945
76,1,2,367,12.5511
76,1,2,368,12.0283
76,1,2,369,11.9998
76,1,2,370,11.8286
76,1,2,371,11.7075
76,1,2,372,12.5838
76,1,2,373,15.3211
76,1,2,374,14.1697
76,1,2,375,15.2954
76,1,2,376,15.4442
76,1,2,377,12.7693
76,1,2,378,10.9823
76,1,2,379,9.9495
76,1,2,380,10.1335
76,1,2,381,12.1193
76,1,2,382,10.2721
76,1,2,383,11.2915
76,1,2,384,11.4909
76,1,2,385,10.6561
76,1,2,386,10.98
76,1,2,387,16.725
76,1,2,388,13.4096
76,1,2,389,11.7889
76,1,2,390,11.8938
76,1,2,391,11.2497
76,1,2,392,11.6584
76,1,2,393,10.9187
76,1,2,394,11.0602
76,1,2,395,10.4499
76,1,2,396,14.9848
76,1,2,397,16.9774
76,1,2,398,11.8285
76,1,2,399,16.4661
76,1,2,400,12.5277
76,1,2,401,11.0781
76,1,2,402,13.2884
76,1,2,403,11.9424
76,1,2,404,10.7597
76,1,2,405,11.3468
76,1,2,406,10.9915
76,1,2,407,9.2071
76,1,2,408,10.3795
76,1,2,409,10.856
76,1,2,410,11.8182
76,1,2,411,10.4791
76,1,2,412,10.2098
76,1,2,413,12.3816
76,1,2,414,12.0369
76,1,2,415,10.6865
76,1,2,416,8.5097
76,1,2,417,8.812
76,1,2,418,8.6761
76,1,2,419,9.2846
76,1,2,420,9.9877
76,1,2,421,9.2685
76,1,2,422,10.6529
76,1,2,423,11.3697
76,1,2,424,11.1099
76,1,2,425,11.3396
76,1,2,426,11.3386
76,1,2,427,11.5741
76,1,2,428,11.1007
76,1,2,429,11.3346
76,1,2,430,10.7291
76,1,2,431,9.2384
76,1,2,432,10.6171
76,1,2,433,10.4229
76,1,2,434,10.2759
76,1,2,435,10.6766
76,1,2,436,10.2327
76,1,2,437,11.0308
76,1,2,438,9.9919
76,1,2,439,9.9806
76,1,2,440,11.4165
76,1,2,441,11.6012
76,1,2,442,12.5082
76,1,2,443,12.4765
76,1,2,444,11.5265
76,1,2,445,12.3725
76,1,2,446,12.1385
76,1,2,447,11.6725
76,1,2,448,11.0662
76,1,2,449,10.5042
76,1,2,450,11.018
76,1,2,451,11.3807
76,1,2,452,11.3727
76,1,2,453,10.7875
76,1,2,454,11.6666
76,1,2,455,12.377
76,1,2,456,10.0227
76,1,2,457,10.0355
76,1,2,458,11.0188
76,1,2,459,10.8722
76,1,2,460,11.0251
76,1,2,461,12.2895
76,1,2,462,11.8448
76,1,2,463,11.1763
76,1,2,464,11.4657
76,1,2,465,11.5131
76,1,2,466,11.6639
76,1,2,467,11.9203
76,1,2,468,11.6625
76,1,2,469,10.3626
76,1,2,470,10.8039
76,1,2,471,9.7076
76,1,2,472,10.0354
76,1,2,473,9.0875
76,1,2,474,10.0528
76,1,2,475,10.5503
76,1,2,476,9.7895
76,1,2,477,10.7562
76,1,2,478,11.0953
76,1,2,479,12.2615
76,1,2,480,12.3204
76,1,2,481,12.8101
76,1,2,482,16.1245
76,1,2,483,15.0707
76,1,2,484,11.4614
76,1,2,485,11.9482
76,1,2,486,11.3408
76,1,2,487,11.9721
76,1,2,488,10.5659
76,1,2,489,11.1191
76,1,2,490,11.298
76,1,2,491,11.5087
76,1,2,492,12.9051
76,1,2,493,17.8863
76,1,2,494,12.5269
76,1,2,495,11.8022
76,1,2,496,14.6549
76,1,2,497,11.1832
76,1,2,498,11.4753
76,1,2,499,11.3834
76,1,2,500,12.0303
76,1,2,501,16.8712
76,1,2,502,11.3139
76,1,2,503,10.9496
76,1,2,504,12.1586
76,1,2,505,10.6045
76,1,2,506,10.2305
76,1,2,507,14.2353
76,1,2,508,14.893
76,1,2,509,18.0848
76,1,2,510,17.3273
76,1,2,511,16.6162
76,1,2,512,13.4706
76,1,2,513,12.3898
76,1,2,514,14.1177
76,1,2,515,14.5961
76,1,2,516,13.2521
76,1,2,517,12.1628
76,1,2,518,11.2991
76,1,2,519,11.882
76,1,2,520,12.7955
76,1,2,521,12.0786
76,1,2,522,12.5415
76,1,2,523,13.0922
76,1,2,524,11.6817
76,1,2,525,11.3296
76,1,2,526,11.3329
76,1,2,527,11.1106
76,1,2,528,12.417
76,1,2,529,14.5709
76,1,2,530,15.0337
76,1,2,531,13.2178
76,1,2,532,10.6375
76,1,2,533,11.423
76,1,2,534,10.4942
76,1,2,535,11.9484
76,1,2,536,9.5894
76,1,2,537,10.7831
76,1,2,538,11.3674
76,1,2,539,9.9533
76,1,2,540,10.7004
76,1,2,541,13.2929
76,1,2,542,11.3671
76,1,2,543,10.6093
76,1,2,544,12.8046
76,1,2,545,12.7073
76,1,2,546,13.5239
76,1,2,547,11.8735
76,1,2,548,11.1933
76,1,2,549,12.2355
76,1,2,550,13.2146
76,1,2,551,11.4322
76,1,2,552,10.9984
76,1,2,553,10.5964
76,1,2,554,11.7786
76,1,2,555,12.7275
76,1,2,556,12.7357
76,1,2,557,12.4839
76,1,2,558,12.4324
76,1,2,559,11.9988
76,1,2,560,11.493
76,1,2,561,11.0129
76,1,2,562,13.82
76,1,2,563,13.2497
76,1,2,564,12.8771
76,1,2,565,12.6206
76,1,2,566,13.162
76,1,2,567,12.7862
76,1,2,568,11.4458
76,1,2,569,10.967
76,1,2,570,11.6792
76,1,2,571,12.5821
76,1,2,572,11.7465
76,1,2,573,10.6456
76,1,2,574,11.5433
76,1,2,575,11.1363
76,1,2,576,12.0396
76,1,2,577,11.9814
76,1,2,578,13.9221
76,1,2,579,11.9335
76,1,2,580,11.7506
76,1,2,581,12.7557
76,1,2,582,14.1186
76,1,2,583,14.6103
76,1,2,584,12.7454
76,1,2,585,13.2291
76,1,2,586,13.6982
76,1,2,587,13.3606
76,1,2,588,13.7851
76,1,2,589,10.9296
76,1,2,590,10.828
76,1,2,591,10.7291
76,1,2,592,12.2614
76,1,2,593,13.9977
76,1,2,594,11.6539
76,1,2,595,10.114
76,1,2,596,10.9383
76,1,2,597,11.6365
76,1,2,598,11.9578
76,1,2,599,11.6476
76,1,2,600,11.5315
76,1,2,601,11.0423
76,1,2,602,11.7242
76,1,2,603,12.0304
76,1,2,604,12.1489
76,1,2,605,13.0327
76,1,2,606,12.5869
76,1,2,607,11.8714
76,1,2,608,12.5649
76,1,2,609,12.957
76,1,2,610,11.1387
76,1,2,611,10.6208
76,1,2,612,10.574
76,1,2,613,12.1911
76,1,2,614,12.1707
76,1,2,615,12.5952
76,1,2,616,10.3701
76,1,2,617,13.0304
76,1,2,618,11.6314
76,1,2,619,11.9272
76,1,2,620,10.0965
76,1,2,621,11.2064
76,1,2,622,11.081
76,1,2,623,11.4013
76,1,2,624,10.8621
76,1,2,625,13.6408
76,1,2,626,13.3853
76,1,2,627,12.8408
76,1,2,628,11.9862
76,1,2,629,11.3356
76,1,2,630,10.8192
76,1,2,631,11.6944
76,1,2,632,11.9001
76,1,2,633,11.7476
76,1,2,634,12.0405
76,1,2,635,11.9688
76,1,2,636,12.1697
76,1,2,637,13.3993
76,1,2,638,15.7209
76,1,2,639,13.938
76,1,2,640,12.6293
76,1,2,641,12.5148
76,1,2,642,12.0733
76,1,2,643,10.5726
76,1,2,644,11.5818
76,1,2,645,11.0534
76,1,2,646,10.6746
76,1,2,647,10.4749
76,1,2,648,11.3477
76,1,2,649,11.1274
76,1,2,650,11.3834
76,1,2,651,12.1041
76,1,2,652,12.9512
76,1,2,653,11.9984
76,1,2,654,10.1042
76,1,2,655,10.9222
76,1,2,656,12.303
76,1,2,657,15.9546
76,1,2,658,16.7177
76,1,2,659,18.066
76,1,2,660,15.4692
76,1,2,661,10.8331
76,1,2,662,12.0956
76,1,2,663,11.5108
76,1,2,664,11.3489
76,1,2,665,11.0131
76,1,2,666,14.4217
76,1,2,667,12.5281
76,1,2,668,12.1812
76,1,2,669,12.3726
76,1,2,670,12.5546
76,1,2,671,11.9142
76,1,2,672,11.4689
76,1,2,673,12.4347
76,1,2,674,13.4382
76,1,2,675,14.6055
76,1,2,676,14.5001
76,1,2,677,13.7267
76,1,2,678,12.3204
76,1,2,679,11.6598
76,1,2,680,10.5004
76,1,2,681,11.6622
76,1,2,682,10.4631
76,1,2,683,10.9447
76,1,2,684,12.1341
76,1,2,685,13.2692
76,1,2,686,10.9892
76,1,2,687,11.0926
76,1,2,688,11.3446
76,1,2,689,11.2494
76,1,2,690,10.6636
76,1,2,691,12.0964
76,1,2,692,12.2829
76,1,2,693,11.5719
76,1,2,694,11.089
76,1,2,695,10.2914
76,1,2,696,11.3441
76,1,2,697,11.3562
76,1,2,698,13.2724
76,1,2,699,11.2039
76,1,2,700,11.3011
76,1,2,701,10.6917
76,1,2,702,10.7825
76,1,2,703,10.7845
76,1,2,704,11.0425
76,1,2,705,11.7353
76,1,2,706,12.0441
76,1,2,707,12.4451
76,1,2,708,12.9393
76,1,2,709,12.3412
76,1,2,710,13.4969
76,1,2,711,11.7611
76,1,2,712,12.9699
76,1,2,713,11.2936
76,1,2,714,11.681
76,1,2,715,11.8358
76,1,2,716,12.3459
76,1,2,717,12.8965
76,1,2,718,12.5591
76,1,2,719,11.8155
76,1,2,720,11.8499
76,1,2,721,11.2457
76,1,2,722,11.3888
76,1,2,723,12.2912
76,1,2,724,12.2669
76,1,2,725,11.0885
76,1,2,726,10.8169
76,1,2,727,11.397
76,1,2,728,12.4978
76,1,2,729,11.8186
76,1,2,730,12.4085
76,1,2,731,12.6216
76,1,2,732,13.1679
76,1,2,733,12.2197
76,1,2,734,13.2313
76,1,2,735,11.335
76,1,2,736,10.7561
76,1,2,737,10.2267
76,1,2,738,11.7192
76,1,2,739,14.5163
76,1,2,740,12.9949
76,1,2,741,12.9312
76,1,2,742,15.0604
76,1,2,743,10.1644
76,1,2,744,14.6946
76,1,2,745,12.0833
76,1,2,746,12.8816
76,1,2,747,14.9277
76,1,2,748,14.9093
76,1,2,749,14.5152
76,1,2,750,13.2537
76,1,2,751,11.3971
76,1,2,752,12.4846
76,1,2,753,10.1216
76,1,2,754,10.7076
76,1,2,755,11.5104
76,1,2,756,10.9757
76,1,2,757,13.0841
76,1,2,758,10.1728
76,1,2,759,10.3824
76,1,2,760,10.6228
76,1,2,761,11.3382
76,1,2,762,11.971
76,1,2,763,10.6399
76,1,2,764,10.4861
76,1,2,765,11.4253
76,1,2,766,10.1977
76,1,2,767,12.1355
76,1,2,768,14.7166
76,1,2,769,12.901
76,1,2,770,11.5309
76,1,2,771,11.4239
76,1,2,772,13.2996
76,1,2,773,13.7593
76,1,2,774,9.2045
76,1,2,775,8.4683
76,1,2,776,12.4931
76,1,2,777,12.5792
76,1,2,778,13.3397
76,1,2,779,15.5663
76,1,2,780,15.2073
76,1,2,781,14.6745
76,1,2,782,15.1725
76,1,2,783,14.3332
76,1,2,784,10.3154
76,1,2,785,11.432
76,1,2,786,11.0551
76,1,2,787,13.4637
76,1,2,788,13.6829
76,1,2,789,13.9868
76,1,2,790,15.6422
76,1,2,791,15.4282
76,1,2,792,12.8052
76,1,2,793,13.374
76,1,2,794,10.7822
76,1,2,795,13.5708
76,1,2,796,12.1748
76,1,2,797,10.9154
76,1,2,798,12.1132
76,1,2,799,13.2932
76,1,2,800,16.6873
76,1,2,801,16.4616
76,1,2,802,15.9289
76,1,2,803,15.1503
76,1,2,804,16.7721
76,1,2,805,12.5054
76,1,2,806,10.4947
76,1,2,807,11.5207
76,1,2,808,14.2978
76,1,2,809,15.5284
76,1,2,810,13.0779
76,1,2,811,10.5777
76,1,2,812,10.8956
76,1,2,813,10.8556
76,1,2,814,10.9367
76,1,2,815,10.8476
76,1,2,816,10.9369
76,1,2,817,10.1248
76,1,2,818,9.8877
76,1,2,819,9.4214
76,1,2,820,13.1209
76,1,2,821,11.9768
76,1,2,822,14.3336
76,1,2,823,15.3602
76,1,2,824,17.7954
76,1,2,825,12.5856
76,1,2,826,11.5795
76,1,2,827,11.7243
76,1,2,828,11.2892
76,1,2,829,12.0096
76,1,2,830,12.4234
76,1,2,831,12.5015
76,1,2,832,13.1155
76,1,2,833,14.7083
76,1,2,834,13.6469
76,1,2,835,11.9111
76,1,2,836,18.3385
76,1,2,837,20.0605
76,1,2,838,16.1663
76,1,2,839,17.9377
76,1,2,840,18.8638
76,1,2,841,18.3753
76,1,2,842,20.6591
76,1,2,843,18.6974
76,1,2,844,16.341
76,1,2,845,17.9747
76,1,2,846,14.3968
76,1,2,847,13.9118
76,1,2,848,12.9635
76,1,2,849,10.2429
76,1,2,850,11.1269
76,1,2,851,10.7372
76,1,2,852,10.7196
76,1,2,853,10.9568
76,1,2,854,11.9564
76,1,2,855,14.2628
76,1,2,856,11.1299
76,1,2,857,12.2858
76,1,2,858,13.7409
76,1,2,859,14.0396
76,1,2,860,12.2655
76,1,2,861,12.4162
76,1,2,862,13.2367
76,1,2,863,16.0972
76,1,2,864,14.7392
76,1,2,865,15.712
76,1,2,866,14.7738
76,1,2,867,12.2251
76,1,2,868,11.7201
76,1,2,869,15.1958
76,1,2,870,13.4831
76,1,2,871,10.4565
76,1,2,872,10.9136
76,1,2,873,10.9608
76,1,2,874,11.07
76,1,2,875,11.261
76,1,2,876,13.5104
76,1,2,877,16.498
76,1,2,878,11.5781
76,1,2,879,11.768
76,1,2,880,10.4308
76,1,2,881,11.4996
76,1,2,882,10.6915
76,1,2,883,10.9193
76,1,2,884,11.7098
76,1,2,885,10.8266
76,1,2,886,10.8609
76,1,2,887,10.7452
76,1,2,888,10.433
76,1,2,889,11.5165
76,1,2,890,13.3529
76,1,2,891,16.4425
76,1,2,892,14.598
76,1,2,893,15.8826
76,1,2,894,15.2676
76,1,2,895,16.1184
76,1,2,896,13.763
76,1,2,897,11.4025
76,1,2,898,13.3468
76,1,2,899,14.4856
76,1,2,900,15.3319
76,2,0,1,42.2217
76,2,0,2,50.5119
76,2,0,3,51.3537
76,2,0,4,48.1688
76,2,0,5,59.7827
76,2,0,6,52.8204
76,2,0,7,35.4872
76,2,0,8,42.7417
76,2,0,9,51.2756
76,2,0,10,52.3917
76,2,0,11,57.5339
76,2,0,12,51.8512
76,2,0,13,46.0213
76,2,0,14,53.7545
76,2,0,15,48.7434
76,2,0,16,48.2755
76,2,0,17,49.2048
76,2,0,18,49.0151
76,2,0,19,47.3159
76,2,0,20,48.2869
76,2,0,21,51.6881
76,2,0,22,50.4602
76,2,0,23,47.0418
76,2,0,24,52.2541
76,2,0,25,56.2585
76,2,0,26,48.3371
76,2,0,27,45.0251
76,2,0,28,31.4119
76,2,0,29,40.5233
76,2,0,30,39.582
76,2,0,31,48.1233
76,2,0,32,44.586
76,2,0,33,39.7656
76,2,0,34,36.7144
76,2,0,35,33.8703
76,2,0,36,40.0422
76,2,0,37,43.2318
76,2,0,38,51.1499
76,2,0,39,47.9881
76,2,0,40,47.3323
76,2,0,41,46.5455
76,2,0,42,48.8299
76,2,0,43,42.9422
76,2,0,44,51.4738
76,2,0,45,42.4254
76,2,0,46,48.6528
76,2,0,47,50.2476
76,2,0,48,57.6122
76,2,0,49,42.721
76,2,0,50,40.3888
76,2,0,51,43.2263
76,2,0,52,39.1333
76,2,0,53,42.1753
76,2,0,54,42.4155
76,2,0,55,44.1844
76,2,0,56,42.3716
76,2,0,57,33.7995
76,2,0,58,34.8502
76,2,0,59,38.5497
76,2,0,60,45.8984
76,2,0,61,40.0713
76,2,0,62,46.0433
76,2,0,63,45.7321
76,2,0,64,40.3369
76,2,0,65,40.7637
76,2,0,66,39.3539
76,2,0,67,41.5523
76,2,0,68,47.3933
76,2,0,69,49.6797
76,2,0,70,48.6428
76,2,0,71,57.6857
76,2,0,72,41.8467
76,2,0,73,43.8172
76,2,0,74,44.732
76,2,0,75,48.4599
76,2,0,76,45.467
76,2,0,77,42.741
76,2,0,78,51.2056
76,2,0,79,55.8862
76,2,0,80,53.476
76,2,0,81,47.9095
76,2,0,82,45.7661
76,2,0,83,49.5759
76,2,0,84,51.713
76,2,0,85,44.393
76,2,0,86,48.6744
76,2,0,87,49.7282
76,2,0,88,53.0605
76,2,0,89,48.1094
76,2,0,90,50.0085
76,2,0,91,46.3014
76,2,0,92,52.2343
76,2,0,93,45.5127
76,2,0,94,47.5125
76,2,0,95,48.2756
76,2,0,96,45.4833
76,2,0,97,40.5083
76,2,0,98,35.7778
76,2,0,99,45.0301
76,2,0,100,52.1543
76,2,0,101,47.5141
76,2,0,102,51.0616
76,2,0,103,46.357
76,2,0,104,48.5225
76,2,0,105,40.036
76,2,0,106,37.8852
76,2,0,107,43.9623
76,2,0,108,44.938
76,2,0,109,47.1172
76,2,0,110,48.9936
76,2,0,111,45.9906
76,2,0,112,45.985
76,2,0,113,40.3441
76,2,0,114,47.0295
76,2,0,115,42.0399
76,2,0,116,45.2484
76,2,0,117,45.7423
76,2,0,118,46.8764
76,2,0,119,37.4353
76,2,0,120,36.7033
76,2,0,121,45.5022
76,2,0,122,41.9093
76,2,0,123,51.2564
76,2,0,124,55.5609
76,2,0,125,44.2108
76,2,0,126,33.1673
76,2,0,127,37.9521
76,2,0,128,46.6939
76,2,0,129,52.7947
76,2,0,130,42.8112
76,2,0,131,48.3327
76,2,0,132,52.0368
76,2,0,133,48.0259
76,2,0,134,44.9256
76,2,0,135,46.4374
76,2,0,136,53.6679
76,2,0,137,52.7273
76,2,0,138,44.2371
76,2,0,139,45.4954
76,2,0,140,50.0597
76,2,0,141,47.8311
76,2,0,142,51.6403
76,2,0,143,42.7569
76,2,0,144,40.5973
76,2,0,145,43.4634
76,2,0,146,43.3224
76,2,0,147,34.8061
76,2,0,148,40.3469
76,2,0,149,40.0579
76,2,0,150,41.6324
76,2,0,151,42.5749
76,2,0,152,42.4989
76,2,0,153,38.4163
76,2,0,154,36.0451
76,2,0,155,37.4557
76,2,0,156,30.9969
76,2,0,157,32.9138
76,2,0,158,29.9161
76,2,0,159,36.2806
76,2,0,160,47.942
76,2,0,161,45.7662
76,2,0,162,48.1904
76,2,0,163,42.7669
76,2,0,164,30.8685
76,2,0,165,25.3459
76,2,0,166,23.8693
76,2,0,167,24.9152
76,2,0,168,25.3424
76,2,0,169,26.1801
76,2,0,170,28.162
76,2,0,171,25.7439
76,2,0,172,25.0609
76,2,0,173,30.2442
76,2,0,174,30.6784
76,2,0,175,35.0709
76,2,0,176,30.7537
76,2,0,177,31.7139
76,2,0,178,40.2481
76,2,0,179,40.2446
76,2,0,180,38.6618
76,2,0,181,40.0378
76,2,0,182,42.0835
76,2,0,183,45.5386
76,2,0,184,39.3142
76,2,0,185,33.5925
76,2,0,186,41.569
76,2,0,187,41.3296
76,2,0,188,36.797
76,2,0,189,41.888
76,2,0,190,37.9703
76,2,0,191,40.4246
76,2,0,192,38.29
76,2,0,193,30.2793
76,2,0,194,31.7998
76,2,0,195,36.677
76,2,0,196,37.3298
76,2,0,197,35.472
76,2,0,198,34.7796
76,2,0,199,32.4282
76,2,0,200,36.6031
76,2,0,201,37.5193
76,2,0,202,41.7556
76,2,0,203,40.4706
76,2,0,204,26.6533
76,2,0,205,33.0289
76,2,0,206,31.0727
76,2,0,207,34.3578
76,2,0,208,36.3431
76,2,0,209,34.2011
76,2,0,210,33.9815
76,2,0,211,41.0046
76,2,0,212,37.4012
76,2,0,213,34.0857
76,2,0,214,33.5841
76,2,0,215,37.7382
76,2,0,216,37.3845
76,2,0,217,39.8946
76,2,0,218,15.4356
76,2,0,219,14.5019
76,2,0,220,11.7833
76,2,0,221,12.1858
76,2,0,222,15.239
76,2,0,223,13.1657
76,2,0,224,12.1664
76,2,0,225,12.899
76,2,0,226,13.8725
76,2,0,227,12.7934
76,2,0,228,10.4546
76,2,0,229,11.5169
76,2,0,230,11.5241
76,2,0,231,11.624
76,2,0,232,14.4712
76,2,0,233,14.71
76,2,0,234,14.7658
76,2,0,235,11.803
76,2,0,236,11.3354
76,2,0,237,10.8455
76,2,0,238,10.5697
76,2,0,239,10.8919
76,2,0,240,11.1884
76,2,0,241,10.3483
76,2,0,242,10.4048
76,2,0,243,10.8381
76,2,0,244,10.1967
76,2,0,245,10.9601
76,2,0,246,10.4164
76,2,0,247,10.7506
76,2,0,248,11.3955
76,2,0,249,10.194
76,2,0,250,13.1469
76,2,0,251,16.1845
76,2,0,252,10.9238
76,2,0,253,10.4406
76,2,0,254,10.2183
76,2,0,255,10.2403
76,2,0,256,11.4243
76,2,0,257,10.98
76,2,0,258,13.0761
76,2,0,259,16.024
76,2,0,260,16.835
76,2,0,261,13.3659
76,2,0,262,12.4569
76,2,0,263,10.7861
76,2,0,264,11.4751
76,2,0,265,11.9938
76,2,0,266,11.1736
76,2,0,267,11.4203
76,2,0,268,11.3807
76,2,0,269,11.5726
76,2,0,270,11.352
76,2,0,271,11.164
76,2,0,272,9.9551
76,2,0,273,11.488
76,2,0,274,11.5653
76,2,0,275,14.5396
76,2,0,276,11.7849
76,2,0,277,10.9624
76,2,0,278,9.6126
76,2,0,279,9.3808
76,2,0,280,10.6212
76,2,0,281,10.1902
76,2,0,282,9.1647
76,2,0,283,8.9391
76,2,0,284,10.2615
76,2,0,285,9.6769
76,2,0,286,8.9348
76,2,0,287,9.4077
76,2,0,288,9.3729
76,2,0,289,10.0007
76,2,0,290,10.4526
76,2,0,291,10.1875
76,2,0,292,10.3954
76,2,0,293,13.0067
76,2,0,294,9.6683
76,2,0,295,10.4195
76,2,0,296,10.5769
76,2,0,297,9.5846
76,2,0,298,10.2261
76,2,0,299,10.0034
76,2,0,300,10.0333
76,2,0,301,11.9849
76,2,0,302,14.4011
76,2,0,303,14.9419
76,2,0,304,13.8915
76,2,0,305,14.9725
76,2,0,306,14.7876
76,2,0,307,12.9232
76,2,0,308,11.6979
76,2,0,309,15.4047
76,2,0,310,13.7103
76,2,0,311,10.4574
76,2,0,312,12.7632
76,2,0,313,10.3881
76,2,0,314,11.0203
76,2,0,315,10.991
76,2,0,316,10.6197
76,2,0,317,10.6315
76,2,0,318,8.5462
76,2,0,319,9.7359
76,2,0,320,9.906
76,2,0,321,9.493
76,2,0,322,13.4997
76,2,0,323,11.6814
76,2,0,324,11.1385
76,2,0,325,13.9131
76,2,0,326,9.8371
76,2,0,327,15.3488
76,2,0,328,17.5835
76,2,0,329,13.7735
76,2,0,330,14.8229
76,2,0,331,11.8528
76,2,0,332,12.0261
76,2,0,333,11.2015
76,2,0,334,14.5617
76,2,0,335,11.8395
76,2,0,336,10.4931
76,2,0,337,10.7397
76,2,0,338,11.4788
76,2,0,339,10.8584
76,2,0,340,11.7235
76,2,0,341,12.0436
76,2,0,342,11.9782
76,2,0,343,14.3789
76,2,0,344,12.5759
76,2,0,345,12.0802
76,2,0,346,12.7306
76,2,0,347,10.3482
76,2,0,348,10.5147
76,2,0,349,9.2971
76,2,0,350,11.6446
76,2,0,351,10.2635
76,2,0,352,10.3878
76,2,0,353,10.9886
76,2,0,354,10.2648
76,2,0,355,12.3204
76,2,0,356,16.402
76,2,0,357,12.8382
76,2,0,358,11.3175
76,2,0,359,10.8528
76,2,0,360,13.2833
76,2,0,361,17.3232
76,2,0,362,15.6732
76,2,0,363,15.1224
76,2,0,364,15.0412
76,2,0,365,17.6267
76,2,0,366,12.1472
76,2,0,367,12.2588
76,2,0,368,17.1554
76,2,0,369,13.2472
76,2,0,370,10.5216
76,2,0,371,11.3775
76,2,0,372,15.3106
76,2,0,373,12.9014
76,2,0,374,11.3345
76,2,0,375,10.76
76,2,0,376,14.6446
76,2,0,377,11.4017
76,2,0,378,10.3108
76,2,0,379,10.8375
76,2,0,380,14.3936
76,2,0,381,11.6526
76,2,0,382,14.8134
76,2,0,383,18.1005
76,2,0,384,12.3019
76,2,0,385,15.0141
76,2,0,386,15.6827
76,2,0,387,13.6854
76,2,0,388,10.4989
76,2,0,389,14.9256
76,2,0,390,13.6231
76,2,0,391,12.4069
76,2,0,392,11.9409
76,2,0,393,12.5458
76,2,0,394,13.4989
76,2,0,395,13.3199
76,2,0,396,12.6564
76,2,0,397,11.7376
76,2,0,398,12.9582
76,2,0,399,11.9051
76,2,0,400,12.9569
76,2,0,401,13.1076
76,2,0,402,12.739
76,2,0,403,16.1513
76,2,0,404,12.5386
76,2,0,405,13.7096
76,2,0,406,15.7384
76,2,0,407,15.1638
76,2,0,408,14.1621
76,2,0,409,12.7146
76,2,0,410,12.1305
76,2,0,411,11.3409
76,2,0,412,11.821
76,2,0,413,12.5416
76,2,0,414,10.0391
76,2,0,415,10.4086
76,2,0,416,11.1037
76,2,0,417,11.5332
76,2,0,418,10.7845
76,2,0,419,10.9349
76,2,0,420,12.4718
76,2,0,421,13.157
76,2,0,422,15.5546
76,2,0,423,15.0671
76,2,0,424,15.1804
76,2,0,425,11.5693
76,2,0,426,11.417
76,2,0,427,11.7771
76,2,0,428,12.5268
76,2,0,429,11.2897
76,2,0,430,10.8496
76,2,0,431,10.9081
76,2,0,432,11.3908
76,2,0,433,10.8985
76,2,0,434,11.091
76,2,0,435,13.3534
76,2,0,436,14.9148
76,2,0,437,14.0124
76,2,0,438,12.1661
76,2,0,439,11.9432
76,2,0,440,12.8923
76,2,0,441,12.237
76,2,0,442,14.2615
76,2,0,443,11.5842
76,2,0,444,13.334
76,2,0,445,12.698
76,2,0,446,11.2029
76,2,0,447,11.2565
76,2,0,448,11.9986
76,2,0,449,11.5993
76,2,0,450,13.9431
76,2,0,451,12.8673
76,2,0,452,15.1161
76,2,0,453,11.5007
76,2,0,454,10.5663
76,2,0,455,10.6816
76,2,0,456,15.0388
76,2,0,457,14.75
76,2,0,458,12.0738
76,2,0,459,11.1289
76,2,0,460,11.5028
76,2,0,461,14.6625
76,2,0,462,15.2876
76,2,0,463,16.4167
76,2,0,464,12.1948
76,2,0,465,10.8448
76,2,0,466,11.2843
76,2,0,467,10.5031
76,2,0,468,13.2338
76,2,0,469,11.9793
76,2,0,470,12.05
76,2,0,471,11.8992
76,2,0,472,11.31
76,2,0,473,13.9172
76,2,0,474,14.0026
76,2,0,475,14.2835
76,2,0,476,15.1265
76,2,0,477,12.1452
76,2,0,478,10.5067
76,2,0,479,13.3854
76,2,0,480,11.1862
76,2,0,481,11.4596
76,2,0,482,11.494
76,2,0,483,11.832
76,2,0,484,11.5974
76,2,0,485,12.2587
76,2,0,486,17.3523
76,2,0,487,12.7534
76,2,0,488,15.5668
76,2,0,489,13.8509
76,2,0,490,11.6538
76,2,0,491,11.1286
76,2,0,492,10.6151
76,2,0,493,11.2513
76,2,0,494,10.9428
76,2,0,495,10.8017
76,2,0,496,13.6365
76,2,0,497,16.994
76,2,0,498,13.673
76,2,0,499,11.7893
76,2,0,500,13.8025
76,2,0,501,11.8038
76,2,0,502,12.3855
76,2,0,503,12.5215
76,2,0,504,13.6884
76,2,0,505,13.4495
76,2,0,506,11.3556
76,2,0,507,13.27
76,2,0,508,13.8216
76,2,0,509,11.5337
76,2,0,510,15.4989
76,2,0,511,12.3662
76,2,0,512,11.4775
76,2,0,513,11.8833
76,2,0,514,15.2414
76,2,0,515,13.1371
76,2,0,516,12.5319
76,2,0,517,11.6362
76,2,0,518,12.6106
76,2,0,519,12.9689
76,2,0,520,13.2795
76,2,0,521,13.078
76,2,0,522,16.0475
76,2,0,523,15.2215
76,2,0,524,11.5333
76,2,0,525,12.0654
76,2,0,526,12.8805
76,2,0,527,12.4066
76,2,0,528,11.8931
76,2,0,529,12.3007
76,2,0,530,11.4839
76,2,0,531,11.1094
76,2,0,532,11.1275
76,2,0,533,11.313
76,2,0,534,11.4779
76,2,0,535,11.9036
76,2,0,536,12.093
76,2,0,537,13.3213
76,2,0,538,11.9219
76,2,0,539,11.192
76,2,0,540,12.7773
76,2,0,541,16.2326
76,2,0,542,14.6725
76,2,0,543,12.5183
76,2,0,544,15.7891
76,2,0,545,12.1065
76,2,0,546,16.1431
76,2,0,547,17.7536
76,2,0,548,13.7816
76,2,0,549,12.5706
76,2,0,550,10.7967
76,2,0,551,11.3606
76,2,0,552,12.3556
76,2,0,553,12.8855
76,2,0,554,11.749
76,2,0,555,11.2792
76,2,0,556,11.711
76,2,0,557,12.6436
76,2,0,558,12.613
76,2,0,559,12.4845
76,2,0,560,12.5946
76,2,0,561,13.4511
76,2,0,562,11.706
76,2,0,563,11.6138
76,2,0,564,10.809
76,2,0,565,13.6808
76,2,0,566,13.1769
76,2,0,567,12.6584
76,2,0,568,12.1481
76,2,0,569,12.7477
76,2,0,570,11.6779
76,2,0,571,10.6409
76,2,0,572,11.3374
76,2,0,573,10.7693
76,2,0,574,12.8592
76,2,0,575,11.4389
76,2,0,576,10.9838
76,2,0,577,12.2344
76,2,0,578,14.4282
76,2,0,579,11.1148
76,2,0,580,12.6384
76,2,0,581,13.3883
76,2,0,582,15.059
76,2,0,583,13.755
76,2,0,584,11.1889
76,2,0,585,11.0717
76,2,0,586,10.1855
76,2,0,587,14.848
76,2,0,588,11.7816
76,2,0,589,10.1153
76,2,0,590,10.9269
76,2,0,591,12.1195
76,2,0,592,13.3723
76,2,0,593,14.4534
76,2,0,594,13.2061
76,2,0,595,17.5035
76,2,0,596,15.0521
76,2,0,597,11.8403
76,2,0,598,14.5491
76,2,0,599,11.1891
76,2,0,600,10.7628
76,2,0,601,14.5647
76,2,0,602,13.2224
76,2,0,603,12.7102
76,2,0,604,12.2928
76,2,0,605,10.4785
76,2,0,606,12.3836
76,2,0,607,11.457
76,2,0,608,11.1499
76,2,0,609,11.0319
76,2,0,610,11.4981
76,2,0,611,12.2695
76,2,0,612,12.0843
76,2,0,613,11.4053
76,2,0,614,13.0847
76,2,0,615,12.5494
76,2,0,616,13.0972
76,2,0,617,14.2865
76,2,0,618,13.3501
76,2,0,619,14.286
76,2,0,620,10.8108
76,2,0,621,11.4338
76,2,0,622,12.867
76,2,0,623,13.5823
76,2,0,624,11.8369
76,2,0,625,11.5181
76,2,0,626,10.8996
76,2,0,627,12.2469
76,2,0,628,12.2112
76,2,0,629,12.481
76,2,0,630,13.3303
76,2,0,631,11.5327
76,2,0,632,12.6083
76,2,0,633,12.91
76,2,0,634,12.1339
76,2,0,635,11.8189
76,2,0,636,10.7685
76,2,0,637,11.2209
76,2,0,638,11.5077
76,2,0,639,11.7524
76,2,0,640,11.3449
76,2,0,641,12.754
76,2,0,642,11.5306
76,2,0,643,13.8903
76,2,0,644,11.4507
76,2,0,645,11.361
76,2,0,646,10.9477
76,2,0,647,12.7015
76,2,0,648,13.0322
76,2,0,649,12.1824
76,2,0,650,10.7875
76,2,0,651,12.0506
76,2,0,652,10.6509
76,2,0,653,10.7336
76,2,0,654,13.181
76,2,0,655,14.3962
76,2,0,656,12.3973
76,2,0,657,11.6375
76,2,0,658,10.7146
76,2,0,659,11.592
76,2,0,660,11.2494
76,2,0,661,10.8838
76,2,0,662,13.274
76,2,0,663,11.798
76,2,0,664,13.452
76,2,0,665,12.2719
76,2,0,666,11.477
76,2,0,667,14.2897
76,2,0,668,13.0221
76,2,0,669,15.7157
76,2,0,670,14.1799
76,2,0,671,10.6896
76,2,0,672,11.5324
76,2,0,673,15.7017
76,2,0,674,15.8949
76,2,0,675,16.2925
76,2,0,676,11.156
76,2,0,677,10.6445
76,2,0,678,12.7176
76,2,0,679,16.1003
76,2,0,680,14.825
76,2,0,681,10.635
76,2,0,682,15.8479
76,2,0,683,14.6111
76,2,0,684,14.459
76,2,0,685,13.0137
76,2,0,686,10.4999
76,2,0,687,11.5033
76,2,0,688,11.1519
76,2,0,689,11.0475
76,2,0,690,10.9405
76,2,0,691,12.7884
76,2,0,692,14.3982
76,2,0,693,14.1274
76,2,0,694,12.2673
76,2,0,695,11.7455
76,2,0,696,13.066
76,2,0,697,12.2466
76,2,0,698,12.4261
76,2,0,699,13.6982
76,2,0,700,13.4137
76,2,0,701,12.8753
76,2,0,702,13.2127
76,2,0,703,13.6635
76,2,0,704,13.8628
76,2,0,705,12.834
76,2,0,706,11.6136
76,2,0,707,10.3333
76,2,0,708,11.334
76,2,0,709,12.096
76,2,0,710,13.9816
76,2,0,711,14.6222
76,2,0,712,14.2918
76,2,0,713,12.5274
76,2,0,714,14.4203
76,2,0,715,12.8639
76,2,0,716,11.4901
76,2,0,717,11.6798
76,2,0,718,15.648
76,2,0,719,15.8791
76,2,0,720,11.3111
76,2,0,721,11.2582
76,2,0,722,13.9665
76,2,0,723,12.1278
76,2,0,724,15.2663
76,2,0,725,13.856
76,2,0,726,11.7278
76,2,0,727,11.1864
76,2,0,728,10.2938
76,2,0,729,15.4399
76,2,0,730,12.2917
76,2,0,731,13.2903
76,2,0,732,11.7569
76,2,0,733,11.0647
76,2,0,734,12.1393
76,2,0,735,12.1366
76,2,0,736,11.683
76,2,0,737,11.2157
76,2,0,738,12.731
76,2,0,739,12.1008
76,2,0,740,12.502
76,2,0,741,12.8976
76,2,0,742,12.5883
76,2,0,743,12.8575
76,2,0,744,11.0943
76,2,0,745,10.9911
76,2,0,746,11.1437
76,2,0,747,11.4391
76,2,0,748,11.6299
76,2,0,749,11.2994
76,2,0,750,12.6465
76,2,0,751,12.2714
76,2,0,752,14.5933
76,2,0,753,13.8529
76,2,0,754,13.2757
76,2,0,755,13.1019
76,2,0,756,13.425
76,2,0,757,14.0287
76,2,0,758,14.2767
76,2,0,759,15.6062
76,2,0,760,14.3631
76,2,0,761,13.5706
76,2,0,762,11.2843
76,2,0,763,11.4647
76,2,0,764,10.5986
76,2,0,765,12.567
76,2,0,766,12.2369
76,2,0,767,11.5535
76,2,0,768,10.8903
76,2,0,769,11.179
76,2,0,770,13.4719
76,2,0,771,13.7358
76,2,0,772,12.7736
76,2,0,773,13.9455
76,2,0,774,12.901
76,2,0,775,11.9255
76,2,0,776,11.1184
76,2,0,777,11.0535
76,2,0,778,10.9993
76,2,0,779,11.247
76,2,0,780,10.4042
76,2,0,781,10.548
76,2,0,782,11.4412
76,2,0,783,10.6424
76,2,0,784,10.5931
76,2,0,785,11.5284
76,2,0,786,11.3882
76,2,0,787,10.5854
76,2,0,788,10.8967
76,2,0,789,11.3122
76,2,0,790,11.3119
76,2,0,791,10.4866
76,2,0,792,11.545
76,2,0,793,11.3635
76,2,0,794,10.8448
76,2,0,795,10.7522
76,2,0,796,11.2432
76,2,0,797,10.6927
76,2,0,798,11.7937
76,2,0,799,11.8444
76,2,0,800,10.9068
76,2,0,801,10.561
76,2,0,802,11.6612
76,2,0,803,13.322
76,2,0,804,11.223
76,2,0,805,10.7438
76,2,0,806,12.2622
76,2,0,807,12.4347
76,2,0,808,12.0941
76,2,0,809,14.0372
76,2,0,810,14.7906
76,2,0,811,12.6279
76,2,0,812,11.2266
76,2,0,813,10.793
76,2,0,814,13.582
76,2,0,815,11.2643
76,2,0,816,12.5585
76,2,0,817,12.6787
76,2,0,818,11.1649
76,2,0,819,12.361
76,2,0,820,12.8538
76,2,0,821,13.386
76,2,0,822,10.5718
76,2,0,823,11.45
76,2,0,824,12.2417
76,2,0,825,12.5984
76,2,0,826,11.012
76,2,0,827,12.7276
76,2,0,828,13.6902
76,2,0,829,13.7819
76,2,0,830,12.0571
76,2,0,831,10.8055
76,2,0,832,11.3403
76,2,0,833,10.904
76,2,0,834,11.7574
76,2,0,835,11.7237
76,2,0,836,14.8344
76,2,0,837,14.2653
76,2,0,838,12.4887
76,2,0,839,12.481
76,2,0,840,10.5682
76,2,0,841,11.2849
76,2,0,842,10.4245
76,2,0,843,11.6718
76,2,0,844,13.1544
76,2,0,845,15.157
76,2,0,846,12.2886
76,2,0,847,12.1671
76,2,0,848,10.5516
76,2,0,849,11.2447
76,2,0,850,11.3618
76,2,0,851,10.7667
76,2,0,852,10.7728
76,2,0,853,11.8447
76,2,0,854,10.383
76,2,0,855,11.252
76,2,0,856,11.5535
76,2,0,857,12.0741
76,2,0,858,12.3261
76,2,0,859,13.9819
76,2,0,860,11.976
76,2,0,861,11.4452
76,2,0,862,10.0817
76,2,0,863,11.5018
76,2,0,864,11.444
76,2,0,865,11.0518
76,2,0,866,11.2369
76,2,0,867,11.7498
76,2,0,868,12.2779
76,2,0,869,12.3747
76,2,0,870,11.8101
76,2,0,871,12.7575
76,2,0,872,12.9569
76,2,0,873,12.4464
76,2,0,874,12.3055
76,2,0,875,11.9347
76,2,0,876,11.6779
76,2,0,877,10.9569
76,2,0,878,10.8484
76,2,0,879,11.8526
76,2,0,880,12.7258
76,2,0,881,12.7112
76,2,0,882,10.7759
76,2,0,883,11.2947
76,2,0,884,11.9072
76,2,0,885,11.2557
76,2,0,886,10.816
76,2,0,887,10.5852
76,2,0,888,13.2576
76,2,0,889,13.025
76,2,0,890,13.7086
76,2,0,891,13.7114
76,2,0,892,11.6467
76,2,0,893,10.4557
76,2,0,894,11.6704
76,2,0,895,11.3444
76,2,0,896,15.455
76,2,0,897,13.1824
76,2,0,898,12.4512
76,2,0,899,10.8105
76,2,0,900,12.8031
76,2,1,1,39.0323
76,2,1,2,44.1841
76,2,1,3,39.1947
76,2,1,4,39.379
76,2,1,5,35.3739
76,2,1,6,32.6019
76,2,1,7,39.422
76,2,1,8,33.3353
76,2,1,9,33.292
76,2,1,10,34.7717
76,2,1,11,36.5629
76,2,1,12,33.4539
76,2,1,13,33.141
76,2,1,14,38.9612
76,2,1,15,38.8165
76,2,1,16,41.7883
76,2,1,17,40.096
76,2,1,18,35.2409
76,2,1,19,41.0256
76,2,1,20,36.1806
76,2,1,21,34.0992
76,2,1,22,40.5709
76,2,1,23,36.7654
76,2,1,24,37.1654
76,2,1,25,33.481
76,2,1,26,35.1378
76,2,1,27,28.2483
76,2,1,28,26.0985
76,2,1,29,31.4066
76,2,1,30,35.1753
76,2,1,31,36.1708
76,2,1,32,31.5478
76,2,1,33,38.0312
76,2,1,34,34.587
76,2,1,35,42.6587
76,2,1,36,38.451
76,2,1,37,41.3189
76,2,1,38,36.3849
76,2,1,39,35.3303
76,2,1,40,36.2248
76,2,1,41,33.3359
76,2,1,42,33.6337
76,2,1,43,38.5605
76,2,1,44,34.4209
76,2,1,45,32.7601
76,2,1,46,35.1106
76,2,1,47,35.5829
76,2,1,48,35.7187
76,2,1,49,34.5494
76,2,1,50,31.1724
76,2,1,51,37.2603
76,2,1,52,35.5636
76,2,1,53,35.8381
76,2,1,54,37.4368
76,2,1,55,32.5792
76,2,1,56,34.3003
76,2,1,57,33.373
76,2,1,58,33.5551
76,2,1,59,37.589
76,2,1,60,33.6475
76,2,1,61,35.433
76,2,1,62,34.4649
76,2,1,63,35.9342
76,2,1,64,40.2376
76,2,1,65,41.9703
76,2,1,66,35.3611
76,2,1,67,39.9123
76,2,1,68,47.2085
76,2,1,69,31.9853
76,2,1,70,46.674
76,2,1,71,35.4212
76,2,1,72,34.9377
76,2,1,73,32.8524
76,2,1,74,31.424
76,2,1,75,31.1573
76,2,1,76,34.5015
76,2,1,77,39.0316
76,2,1,78,35.0863
76,2,1,79,35.8521
76,2,1,80,36.805
76,2,1,81,35.8124
76,2,1,82,34.5645
76,2,1,83,47.5597
76,2,1,84,34.2393
76,2,1,85,32.0962
76,2,1,86,31.2206
76,2,1,87,32.8905
76,2,1,88,32.6561
76,2,1,89,32.7498
76,2,1,90,39.0286
76,2,1,91,30.0426
76,2,1,92,33.496
76,2,1,93,40.2501
76,2,1,94,41.899
76,2,1,95,32.0442
76,2,1,96,31.033
76,2,1,97,31.6591
76,2,1,98,49.2625
76,2,1,99,39.4902
76,2,1,100,37.357
76,2,1,101,37.7583
76,2,1,102,36.0753
76,2,1,103,35.6939
76,2,1,104,39.2092
76,2,1,105,40.5315
76,2,1,106,32.6501
76,2,1,107,41.4199
76,2,1,108,32.9455
76,2,1,109,33.4485
76,2,1,110,43.4171
76,2,1,111,37.3474
76,2,1,112,38.5086
76,2,1,113,35.0302
76,2,1,114,32.0653
76,2,1,115,30.9707
76,2,1,116,31.7841
76,2,1,117,38.2002
76,2,1,118,33.845
76,2,1,119,30.4301
76,2,1,120,27.532
76,2,1,121,30.7565
76,2,1,122,34.141
76,2,1,123,30.6772
76,2,1,124,30.0305
76,2,1,125,35.9114
76,2,1,126,32.1786
76,2,1,127,38.8864
76,2,1,128,39.7387
76,2,1,129,36.0338
76,2,1,130,33.5435
76,2,1,131,34.0849
76,2,1,132,31.0561
76,2,1,133,30.6103
76,2,1,134,33.0704
76,2,1,135,33.6943
76,2,1,136,32.4321
76,2,1,137,33.77
76,2,1,138,37.9541
76,2,1,139,33.4338
76,2,1,140,29.926
76,2,1,141,33.9363
76,2,1,142,33.734
76,2,1,143,34.2302
76,2,1,144,32.6503
76,2,1,145,35.7514
76,2,1,146,32.7759
76,2,1,147,33.3136
76,2,1,148,33.1305
76,2,1,149,30.1463
76,2,1,150,36.5648
76,2,1,151,35.1783
76,2,1,152,31.8261
76,2,1,153,32.9001
76,2,1,154,30.1412
76,2,1,155,29.6912
76,2,1,156,32.1382
76,2,1,157,26.8874
76,2,1,158,28.6307
76,2,1,159,29.6658
76,2,1,160,30.4019
76,2,1,161,29.691
76,2,1,162,32.3652
76,2,1,163,27.1973
76,2,1,164,24.8073
76,2,1,165,23.8579
76,2,1,166,25.0804
76,2,1,167,25.4506
76,2,1,168,28.2386
76,2,1,169,24.8163
76,2,1,170,23.3416
76,2,1,171,24.8082
76,2,1,172,24.2319
76,2,1,173,27.946
76,2,1,174,27.1507
76,2,1,175,29.1285
76,2,1,176,28.2769
76,2,1,177,27.4186
76,2,1,178,24.9337
76,2,1,179,26.8534
76,2,1,180,27.1192
76,2,1,181,25.9931
76,2,1,182,26.8295
76,2,1,183,24.1659
76,2,1,184,24.6902
76,2,1,185,26.1152
76,2,1,186,27.3603
76,2,1,187,26.3588
76,2,1,188,18.7307
76,2,1,189,19.4492
76,2,1,190,19.6448
76,2,1,191,20.3118
76,2,1,192,20.6936
76,2,1,193,16.9986
76,2,1,194,19.5349
76,2,1,195,19.0948
76,2,1,196,20.4868
76,2,1,197,21.0383
76,2,1,198,23.6458
76,2,1,199,19.0607
76,2,1,200,17.4715
76,2,1,201,17.4627
76,2,1,202,19.3594
76,2,1,203,19.9816
76,2,1,204,19.7775
76,2,1,205,19.1541
76,2,1,206,18.3854
76,2,1,207,18.4715
76,2,1,208,16.9796
76,2,1,209,15.4874
76,2,1,210,28.8737
76,2,1,211,30.0118
76,2,1,212,31.6863
76,2,1,213,28.871
76,2,1,214,31.0599
76,2,1,215,36.1446
76,2,1,216,26.8964
76,2,1,217,11.9561
76,2,1,218,11.0678
76,2,1,219,13.0833
76,2,1,220,10.7096
76,2,1,221,10.8525
76,2,1,222,12.4244
76,2,1,223,13.1108
76,2,1,224,11.2928
76,2,1,225,11.1603
76,2,1,226,13.4119
76,2,1,227,12.4757
76,2,1,228,11.6762
76,2,1,229,11.4308
76,2,1,230,10.9467
76,2,1,231,12.2127
76,2,1,232,11.2379
76,2,1,233,10.541
76,2,1,234,11.4823
76,2,1,235,11.4371
76,2,1,236,10.38
76,2,1,237,11.2237
76,2,1,238,12.8429
76,2,1,239,11.1791
76,2,1,240,10.5512
76,2,1,241,10.1675
76,2,1,242,15.8381
76,2,1,243,17.9014
76,2,1,244,18.3339
76,2,1,245,14.6769
76,2,1,246,13.0779
76,2,1,247,13.5391
76,2,1,248,14.9206
76,2,1,249,12.8974
76,2,1,250,10.4787
76,2,1,251,14.0139
76,2,1,252,13.0036
76,2,1,253,16.7411
76,2,1,254,15.8261
76,2,1,255,11.8327
76,2,1,256,13.8272
76,2,1,257,11.2781
76,2,1,258,10.645
76,2,1,259,11.0693
76,2,1,260,10.836
76,2,1,261,13.1511
76,2,1,262,11.1649
76,2,1,263,15.0973
76,2,1,264,13.1431
76,2,1,265,14.7
76,2,1,266,11.1938
76,2,1,267,13.4299
76,2,1,268,12.8874
76,2,1,269,11.928
76,2,1,270,10.9122
76,2,1,271,12.0925
76,2,1,272,13.8848
76,2,1,273,11.8947
76,2,1,274,10.9132
76,2,1,275,12.3036
76,2,1,276,13.28
76,2,1,277,10.6228
76,2,1,278,10.5262
76,2,1,279,11.5874
76,2,1,280,10.1859
76,2,1,281,10.7075
76,2,1,282,11.0585
76,2,1,283,10.747
76,2,1,284,11.0623
76,2,1,285,12.1247
76,2,1,286,11.7793
76,2,1,287,12.4989
76,2,1,288,12.6458
76,2,1,289,10.8146
76,2,1,290,13.5139
76,2,1,291,13.9558
76,2,1,292,13.2852
76,2,1,293,11.0291
76,2,1,294,11.7046
76,2,1,295,14.678
76,2,1,296,13.1452
76,2,1,297,12.9997
76,2,1,298,12.9419
76,2,1,299,13.7234
76,2,1,300,13.3303
76,2,1,301,12.6188
76,2,1,302,12.6711
76,2,1,303,11.9829
76,2,1,304,12.7396
76,2,1,305,10.4422
76,2,1,306,11.6246
76,2,1,307,10.9275
76,2,1,308,12.8813
76,2,1,309,13.0752
76,2,1,310,10.6304
76,2,1,311,12.0794
76,2,1,312,10.5506
76,2,1,313,10.0366
76,2,1,314,11.4603
76,2,1,315,11.4809
76,2,1,316,10.9832
76,2,1,317,12.7691
76,2,1,318,12.9381
76,2,1,319,13.2434
76,2,1,320,11.3281
76,2,1,321,11.7015
76,2,1,322,11.3298
76,2,1,323,11.0033
76,2,1,324,13.4095
76,2,1,325,13.8305
76,2,1,326,16.1817
76,2,1,327,13.0731
76,2,1,328,13.8316
76,2,1,329,13.3623
76,2,1,330,12.776
76,2,1,331,12.0561
76,2,1,332,11.9031
76,2,1,333,12.744
76,2,1,334,11.9216
76,2,1,335,13.1873
76,2,1,336,16.3761
76,2,1,337,13.1024
76,2,1,338,12.5459
76,2,1,339,13
76,2,1,340,11.896
76,2,1,341,11.887
76,2,1,342,10.465
76,2,1,343,12.2368
76,2,1,344,10.7986
76,2,1,345,11.1834
76,2,1,346,12.8031
76,2,1,347,11.5599
76,2,1,348,13.6435
76,2,1,349,11.5424
76,2,1,350,11.6536
76,2,1,351,10.6765
76,2,1,352,12.2671
76,2,1,353,13.1184
76,2,1,354,12.8333
76,2,1,355,12.8458
76,2,1,356,12.0849
76,2,1,357,13.5885
76,2,1,358,12.2251
76,2,1,359,11.0472
76,2,1,360,10.4609
76,2,1,361,11.9045
76,2,1,362,11.1118
76,2,1,363,10.6847
76,2,1,364,11.0476
76,2,1,365,12.514
76,2,1,366,12.2215
76,2,1,367,11.2726
76,2,1,368,13.1545
76,2,1,369,11.7738
76,2,1,370,12.2299
76,2,1,371,13.7103
76,2,1,372,12.8735
76,2,1,373,10.687
76,2,1,374,10.9731
76,2,1,375,13.059
76,2,1,376,11.7395
76,2,1,377,10.8306
76,2,1,378,13.9372
76,2,1,379,13.7893
76,2,1,380,13.9851
76,2,1,381,12.9703
76,2,1,382,13.1034
76,2,1,383,14.3246
76,2,1,384,14.8822
76,2,1,385,12.6209
76,2,1,386,12.8854
76,2,1,387,11.9113
76,2,1,388,12.4168
76,2,1,389,12.866
76,2,1,390,11.184
76,2,1,391,10.802
76,2,1,392,10.6048
76,2,1,393,11.5033
76,2,1,394,11.3997
76,2,1,395,10.5077
76,2,1,396,12.8211
76,2,1,397,11.7739
76,2,1,398,15.9919
76,2,1,399,12.4609
76,2,1,400,10.2376
76,2,1,401,13.0755
76,2,1,402,12.9329
76,2,1,403,10.3481
76,2,1,404,10.708
76,2,1,405,11.492
76,2,1,406,11.2553
76,2,1,407,10.5706
76,2,1,408,10.5652
76,2,1,409,11.2564
76,2,1,410,13.1331
76,2,1,411,15.3267
76,2,1,412,13.537
76,2,1,413,13.8756
76,2,1,414,14.3786
76,2,1,415,12.4418
76,2,1,416,11.7196
76,2,1,417,11.9592
76,2,1,418,12.9879
76,2,1,419,11.894
76,2,1,420,11.5853
76,2,1,421,13.314
76,2,1,422,12.7738
76,2,1,423,13.6909
76,2,1,424,11.6776
76,2,1,425,11.4131
76,2,1,426,12.8005
76,2,1,427,12.8156
76,2,1,428,12.2217
76,2,1,429,13.5218
76,2,1,430,12.5127
76,2,1,431,14.866
76,2,1,432,13.1482
76,2,1,433,14.0258
76,2,1,434,13.7743
76,2,1,435,13.7296
76,2,1,436,13.647
76,2,1,437,12.2248
76,2,1,438,11.0227
76,2,1,439,13.6138
76,2,1,440,13.6391
76,2,1,441,12.4136
76,2,1,442,11.3682
76,2,1,443,11.4455
76,2,1,444,12.432
76,2,1,445,13.5482
76,2,1,446,11.9471
76,2,1,447,11.3707
76,2,1,448,13.907
76,2,1,449,13.2195
76,2,1,450,11.7528
76,2,1,451,11.9901
76,2,1,452,12.1199
76,2,1,453,13.1703
76,2,1,454,10.6298
76,2,1,455,11.6018
76,2,1,456,12.4412
76,2,1,457,11.4918
76,2,1,458,11.1693
76,2,1,459,11.3028
76,2,1,460,10.6648
76,2,1,461,13.3035
76,2,1,462,12.3653
76,2,1,463,12.2506
76,2,1,464,11.1608
76,2,1,465,11.6469
76,2,1,466,12.9168
76,2,1,467,12.7673
76,2,1,468,12.2201
76,2,1,469,12.2983
76,2,1,470,14.0816
76,2,1,471,12.9404
76,2,1,472,11.9015
76,2,1,473,12.1953
76,2,1,474,10.9522
76,2,1,475,12.0764
76,2,1,476,11.0272
76,2,1,477,12.3036
76,2,1,478,12.5807
76,2,1,479,13.2192
76,2,1,480,10.8476
76,2,1,481,13.0803
76,2,1,482,12.5755
76,2,1,483,11.1291
76,2,1,484,11.9915
76,2,1,485,12.6487
76,2,1,486,12.952
76,2,1,487,15.3772
76,2,1,488,15.2895
76,2,1,489,10.9653
76,2,1,490,13.2864
76,2,1,491,11.7147
76,2,1,492,12.7856
76,2,1,493,12.2227
76,2,1,494,11.8598
76,2,1,495,11.067
76,2,1,496,11.208
76,2,1,497,12.4612
76,2,1,498,11.504
76,2,1,499,10.6054
76,2,1,500,12.274
76,2,1,501,12.2594
76,2,1,502,15.395
76,2,1,503,14.8182
76,2,1,504,11.7072
76,2,1,505,15.0227
76,2,1,506,17.0846
76,2,1,507,14.6732
76,2,1,508,14.2182
76,2,1,509,12.3263
76,2,1,510,10.4778
76,2,1,511,12.7697
76,2,1,512,12.4824
76,2,1,513,11.3202
76,2,1,514,11.3817
76,2,1,515,11.0907
76,2,1,516,12.5013
76,2,1,517,11.5302
76,2,1,518,12.6403
76,2,1,519,13.3919
76,2,1,520,12.7895
76,2,1,521,10.7435
76,2,1,522,10.2319
76,2,1,523,10.9425
76,2,1,524,11.2791
76,2,1,525,11.3735
76,2,1,526,11.3129
76,2,1,527,12.515
76,2,1,528,11.5037
76,2,1,529,11.4625
76,2,1,530,11.7702
76,2,1,531,11.5353
76,2,1,532,11.3639
76,2,1,533,11.1114
76,2,1,534,10.8541
76,2,1,535,13.4878
76,2,1,536,11.176
76,2,1,537,11.1472
76,2,1,538,10.925
76,2,1,539,10.7503
76,2,1,540,11.8895
76,2,1,541,12.5691
76,2,1,542,12.9361
76,2,1,543,13.716
76,2,1,544,13.1165
76,2,1,545,13.2592
76,2,1,546,16.1029
76,2,1,547,11.4941
76,2,1,548,10.782
76,2,1,549,11.2767
76,2,1,550,11.5674
76,2,1,551,10.4995
76,2,1,552,10.7248
76,2,1,553,11.3682
76,2,1,554,11.2168
76,2,1,555,12.088
76,2,1,556,11.6903
76,2,1,557,13.4624
76,2,1,558,14.5575
76,2,1,559,13.8057
76,2,1,560,12.7066
76,2,1,561,10.2914
76,2,1,562,13.5447
76,2,1,563,12.1464
76,2,1,564,12.661
76,2,1,565,11.0126
76,2,1,566,11.2173
76,2,1,567,11.3345
76,2,1,568,10.6763
76,2,1,569,10.5481
76,2,1,570,11.3094
76,2,1,571,10.127
76,2,1,572,10.5009
76,2,1,573,13.1097
76,2,1,574,10.7961
76,2,1,575,11.1257
76,2,1,576,11.2456
76,2,1,577,13.0565
76,2,1,578,11.7023
76,2,1,579,10.9401
76,2,1,580,11.3665
76,2,1,581,10.2357
76,2,1,582,11.2748
76,2,1,583,11.2619
76,2,1,584,10.937
76,2,1,585,12.1374
76,2,1,586,13.3185
76,2,1,587,16.0688
76,2,1,588,12.9811
76,2,1,589,11.1947
76,2,1,590,13.1984
76,2,1,591,13.6976
76,2,1,592,12.1309
76,2,1,593,12.2784
76,2,1,594,12.1281
76,2,1,595,12.0094
76,2,1,596,11.0948
76,2,1,597,10.6882
76,2,1,598,11.0112
76,2,1,599,12.0287
76,2,1,600,11.4248
76,2,1,601,13.2211
76,2,1,602,13.0778
76,2,1,603,12.7005
76,2,1,604,12.2167
76,2,1,605,11.878
76,2,1,606,10.6838
76,2,1,607,11.3701
76,2,1,608,11.9482
76,2,1,609,10.7009
76,2,1,610,10.8265
76,2,1,611,12.7311
76,2,1,612,11.9204
76,2,1,613,12.0027
76,2,1,614,10.5885
76,2,1,615,11.9593
76,2,1,616,10.337
76,2,1,617,10.9151
76,2,1,618,11.7914
76,2,1,619,12.8581
76,2,1,620,10.895
76,2,1,621,11.4924
76,2,1,622,11.2347
76,2,1,623,11.9424
76,2,1,624,11.5191
76,2,1,625,10.2537
76,2,1,626,11.251
76,2,1,627,11.0746
76,2,1,628,11.6722
76,2,1,629,13.2853
76,2,1,630,13.0103
76,2,1,631,13.7349
76,2,1,632,12.8624
76,2,1,633,13.1466
76,2,1,634,11.8097
76,2,1,635,11.1797
76,2,1,636,12.6888
76,2,1,637,10.5501
76,2,1,638,10.6079
76,2,1,639,11.3206
76,2,1,640,11.5443
76,2,1,641,11.6467
76,2,1,642,11.4209
76,2,1,643,12.4282
76,2,1,644,10.8025
76,2,1,645,11.1155
76,2,1,646,10.9742
76,2,1,647,12.3046
76,2,1,648,12.2326
76,2,1,649,12.9466
76,2,1,650,11.6721
76,2,1,651,11.4825
76,2,1,652,12.4472
76,2,1,653,13.9462
76,2,1,654,11.3649
76,2,1,655,10.3136
76,2,1,656,13.3835
76,2,1,657,10.7879
76,2,1,658,11.0779
76,2,1,659,10.629
76,2,1,660,12.4854
76,2,1,661,12.0761
76,2,1,662,12.6948
76,2,1,663,14.5119
76,2,1,664,15.4079
76,2,1,665,13.8417
76,2,1,666,13.4173
76,2,1,667,12.3828
76,2,1,668,13.1486
76,2,1,669,13.9388
76,2,1,670,14.6426
76,2,1,671,12.8715
76,2,1,672,16.2179
76,2,1,673,15.2136
76,2,1,674,13.6803
76,2,1,675,12.3657
76,2,1,676,13.1607
76,2,1,677,12.4034
76,2,1,678,13.5636
76,2,1,679,11.8434
76,2,1,680,11.6804
76,2,1,681,13.2038
76,2,1,682,12.632
76,2,1,683,11.2793
76,2,1,684,11.1987
76,2,1,685,11.7729
76,2,1,686,12.4809
76,2,1,687,11.2366
76,2,1,688,10.8668
76,2,1,689,11.8564
76,2,1,690,11.8398
76,2,1,691,11.925
76,2,1,692,12.5404
76,2,1,693,12.6219
76,2,1,694,12.9992
76,2,1,695,13.7193
76,2,1,696,12.4455
76,2,1,697,13.0578
76,2,1,698,12.1487
76,2,1,699,11.0756
76,2,1,700,12.9453
76,2,1,701,11.7146
76,2,1,702,11.095
76,2,1,703,10.829
76,2,1,704,11.9977
76,2,1,705,11.3573
76,2,1,706,10.8326
76,2,1,707,10.8862
76,2,1,708,11.6469
76,2,1,709,10.9096
76,2,1,710,11.4952
76,2,1,711,14.0012
76,2,1,712,13.8802
76,2,1,713,12.7086
76,2,1,714,11.2616
76,2,1,715,10.9432
76,2,1,716,11.6925
76,2,1,717,11.2092
76,2,1,718,10.8285
76,2,1,719,11.2762
76,2,1,720,11.7115
76,2,1,721,11.1692
76,2,1,722,11.7163
76,2,1,723,12.7695
76,2,1,724,12.0199
76,2,1,725,10.7685
76,2,1,726,10.6863
76,2,1,727,12.4807
76,2,1,728,11.0813
76,2,1,729,12.1426
76,2,1,730,13.7445
76,2,1,731,11.8175
76,2,1,732,11.6263
76,2,1,733,10.3982
76,2,1,734,10.6705
76,2,1,735,12.8224
76,2,1,736,12.9082
76,2,1,737,12.8624
76,2,1,738,12.0387
76,2,1,739,12.3819
76,2,1,740,11.3038
76,2,1,741,11.5664
76,2,1,742,13.9578
76,2,1,743,12.8793
76,2,1,744,12.5364
76,2,1,745,13.1994
76,2,1,746,13.0908
76,2,1,747,12.4673
76,2,1,748,14.2244
76,2,1,749,12.3847
76,2,1,750,11.691
76,2,1,751,10.761
76,2,1,752,11.3944
76,2,1,753,11.3943
76,2,1,754,10.9273
76,2,1,755,10.7592
76,2,1,756,11.5392
76,2,1,757,11.6471
76,2,1,758,11.2933
76,2,1,759,11.4708
76,2,1,760,11.3893
76,2,1,761,13.6397
76,2,1,762,12.3397
76,2,1,763,10.994
76,2,1,764,12.8788
76,2,1,765,13.2453
76,2,1,766,11.4648
76,2,1,767,11.5666
76,2,1,768,10.5287
76,2,1,769,10.66
76,2,1,770,10.5946
76,2,1,771,10.6089
76,2,1,772,11.5305
76,2,1,773,10.7431
76,2,1,774,10.2877
76,2,1,775,13.3537
76,2,1,776,12.3417
76,2,1,777,13.7572
76,2,1,778,13.9213
76,2,1,779,12.8348
76,2,1,780,13.2921
76,2,1,781,13.7385
76,2,1,782,12.7469
76,2,1,783,13.2174
76,2,1,784,11.6399
76,2,1,785,11.3012
76,2,1,786,13.0305
76,2,1,787,13.0504
76,2,1,788,12.2009
76,2,1,789,12.4381
76,2,1,790,10.8498
76,2,1,791,12.0176
76,2,1,792,10.1606
76,2,1,793,10.5333
76,2,1,794,11.6347
76,2,1,795,10.2083
76,2,1,796,11.3862
76,2,1,797,11.4626
76,2,1,798,11.6163
76,2,1,799,13.007
76,2,1,800,13.094
76,2,1,801,12.2969
76,2,1,802,12.5837
76,2,1,803,12.9697
76,2,1,804,14.0999
76,2,1,805,11.1953
76,2,1,806,10.9941
76,2,1,807,11.7289
76,2,1,808,10.3425
76,2,1,809,10.7384
76,2,1,810,11.1208
76,2,1,811,11.883
76,2,1,812,11.8377
76,2,1,813,11.9688
76,2,1,814,13.2041
76,2,1,815,13.3856
76,2,1,816,11.5699
76,2,1,817,10.4343
76,2,1,818,10.1488
76,2,1,819,10.9161
76,2,1,820,11.1317
76,2,1,821,10.7326
76,2,1,822,12.8914
76,2,1,823,11.7027
76,2,1,824,11.6926
76,2,1,825,12.8246
76,2,1,826,11.5244
76,2,1,827,10.3651
76,2,1,828,10.3615
76,2,1,829,10.7582
76,2,1,830,11.1509
76,2,1,831,10.3158
76,2,1,832,10.6166
76,2,1,833,14.602
76,2,1,834,14.9679
76,2,1,835,11.5649
76,2,1,836,16.0219
76,2,1,837,13.4343
76,2,1,838,14.9174
76,2,1,839,16.4012
76,2,1,840,14.2214
76,2,1,841,15.5028
76,2,1,842,11.9522
76,2,1,843,10.272
76,2,1,844,10.4587
76,2,1,845,13.1521
76,2,1,846,11.1371
76,2,1,847,10.7479
76,2,1,848,10.8068
76,2,1,849,13.0348
76,2,1,850,11.3537
76,2,1,851,12.7274
76,2,1,852,12.2045
76,2,1,853,11.0714
76,2,1,854,12.0554
76,2,1,855,12.4177
76,2,1,856,13.29
76,2,1,857,13.5515
76,2,1,858,11.6965
76,2,1,859,17.8353
76,2,1,860,17.1685
76,2,1,861,15.8744
76,2,1,862,17.7279
76,2,1,863,16.1133
76,2,1,864,17.439
76,2,1,865,13.4633
76,2,1,866,12.1767
76,2,1,867,10.1063
76,2,1,868,10.5761
76,2,1,869,11.5212
76,2,1,870,10.0529
76,2,1,871,10.3033
76,2,1,872,13.0156
76,2,1,873,14.2539
76,2,1,874,11.5686
76,2,1,875,12.7723
76,2,1,876,10.5908
76,2,1,877,11.7777
76,2,1,878,11.0179
76,2,1,879,10.8322
76,2,1,880,12.8369
76,2,1,881,15.6927
76,2,1,882,13.6928
76,2,1,883,15.6293
76,2,1,884,15.8939
76,2,1,885,12.3801
76,2,1,886,10.5581
76,2,1,887,10.7252
76,2,1,888,11.2481
76,2,1,889,11.8284
76,2,1,890,15.7123
76,2,1,891,18.1826
76,2,1,892,19.0529
76,2,1,893,18.4293
76,2,1,894,19.838
76,2,1,895,18.2962
76,2,1,896,20.8472
76,2,1,897,20.4481
76,2,1,898,14.2271
76,2,1,899,18.4014
76,2,1,900,19.5987
76,2,2,1,42.2625
76,2,2,2,49.1431
76,2,2,3,39.4825
76,2,2,4,33.4153
76,2,2,5,35.881
76,2,2,6,45.7827
76,2,2,7,53.9144
76,2,2,8,36.7378
76,2,2,9,37.7692
76,2,2,10,39.4596
76,2,2,11,40.3214
76,2,2,12,40.8868
76,2,2,13,37.6403
76,2,2,14,42.0572
76,2,2,15,41.3761
76,2,2,16,42.789
76,2,2,17,45.7552
76,2,2,18,43.412
76,2,2,19,48.1505
76,2,2,20,44.264
76,2,2,21,51.1674
76,2,2,22,45.1459
76,2,2,23,40.287
76,2,2,24,42.8811
76,2,2,25,35.6425
76,2,2,26,41.6415
76,2,2,27,45.6803
76,2,2,28,45.9633
76,2,2,29,43.4695
76,2,2,30,40.1539
76,2,2,31,41.7567
76,2,2,32,41.9571
76,2,2,33,43.9195
76,2,2,34,45.5854
76,2,2,35,46.8214
76,2,2,36,40.138
76,2,2,37,40.3929
76,2,2,38,37.0003
76,2,2,39,42.6267
76,2,2,40,43.2706
76,2,2,41,41.0331
76,2,2,42,37.5559
76,2,2,43,37.6769
76,2,2,44,41.98
76,2,2,45,43.2774
76,2,2,46,41.559
76,2,2,47,38.4632
76,2,2,48,53.3195
76,2,2,49,41.0264
76,2,2,50,38.2139
76,2,2,51,36.9304
76,2,2,52,36.451
76,2,2,53,34.6926
76,2,2,54,41.4425
76,2,2,55,41.2691
76,2,2,56,40.731
76,2,2,57,41.5663
76,2,2,58,36.3165
76,2,2,59,36.1135
76,2,2,60,34.773
76,2,2,61,37.8923
76,2,2,62,37.0548
76,2,2,63,37.9256
76,2,2,64,38.5017
76,2,2,65,34.0499
76,2,2,66,39.6815
76,2,2,67,37.3618
76,2,2,68,39.343
76,2,2,69,45.215
76,2,2,70,40.6652
76,2,2,71,42.0563
76,2,2,72,36.5998
76,2,2,73,38.6102
76,2,2,74,42.3923
76,2,2,75,35.9496
76,2,2,76,41.3801
76,2,2,77,42.8178
76,2,2,78,40.1947
76,2,2,79,39.1291
76,2,2,80,44.8413
76,2,2,81,40.9611
76,2,2,82,39.1123
76,2,2,83,38.7623
76,2,2,84,40.6978
76,2,2,85,42.1565
76,2,2,86,38.6102
76,2,2,87,40.3803
76,2,2,88,40.9219
76,2,2,89,39.8154
76,2,2,90,36.7165
76,2,2,91,43.3429
76,2,2,92,42.432
76,2,2,93,42.6129
76,2,2,94,38.4307
76,2,2,95,36.3425
76,2,2,96,33.1204
76,2,2,97,35.8168
76,2,2,98,36.1803
76,2,2,99,38.4559
76,2,2,100,37.5165
76,2,2,101,43.4206
76,2,2,102,45.4925
76,2,2,103,38.0767
76,2,2,104,35.3792
76,2,2,105,37.3973
76,2,2,106,42.5923
76,2,2,107,45.2487
76,2,2,108,35.5751
76,2,2,109,36.9771
76,2,2,110,37.8132
76,2,2,111,34.9024
76,2,2,112,37.3676
76,2,2,113,36.6319
76,2,2,114,36.072
76,2,2,115,42.5406
76,2,2,116,38.6525
76,2,2,117,39.7468
76,2,2,118,45.0745
76,2,2,119,35.9624
76,2,2,120,37.8437
76,2,2,121,35.8664
76,2,2,122,47.1186
76,2,2,123,36.9054
76,2,2,124,41.0766
76,2,2,125,39.3607
76,2,2,126,38.4612
76,2,2,127,39.6832
76,2,2,128,46.1836
76,2,2,129,34.5583
76,2,2,130,35.7631
76,2,2,131,32.2275
76,2,2,132,30.6709
76,2,2,133,35.6376
76,2,2,134,32.165
76,2,2,135,33.7278
76,2,2,136,33.3493
76,2,2,137,30.9002
76,2,2,138,28.9072
76,2,2,139,34.6571
76,2,2,140,32.7293
76,2,2,141,33.9559
76,2,2,142,32.7122
76,2,2,143,31.0975
76,2,2,144,31.2451
76,2,2,145,30.7256
76,2,2,146,31.2873
76,2,2,147,36.1822
76,2,2,148,32.5798
76,2,2,149,30.8491
76,2,2,150,31.1992
76,2,2,151,25.9594
76,2,2,152,26.4173
76,2,2,153,24.772
76,2,2,154,26.4642
76,2,2,155,27.0823
76,2,2,156,27.1986
76,2,2,157,23.8237
76,2,2,158,27.4656
76,2,2,159,24.537
76,2,2,160,30.3259
76,2,2,161,28.2851
76,2,2,162,33.3124
76,2,2,163,25.2947
76,2,2,164,22.6331
76,2,2,165,22.3812
76,2,2,166,22.2433
76,2,2,167,25.1928
76,2,2,168,30.905
76,2,2,169,30.2359
76,2,2,170,29.481
76,2,2,171,29.1921
76,2,2,172,26.0312
76,2,2,173,29.1538
76,2,2,174,28.56
76,2,2,175,35.8226
76,2,2,176,36.2446
76,2,2,177,35.763
76,2,2,178,32.7133
76,2,2,179,33.3221
76,2,2,180,31.3172
76,2,2,181,31.8153
76,2,2,182,27.8949
76,2,2,183,30.3494
76,2,2,184,30.876
76,2,2,185,40.989
76,2,2,186,20.3015
76,2,2,187,28.1196
76,2,2,188,28.198
76,2,2,189,23.9072
76,2,2,190,25.2691
76,2,2,191,28.2707
76,2,2,192,24.6584
76,2,2,193,31.5121
76,2,2,194,24.3552
76,2,2,195,40.8488
76,2,2,196,30.0993
76,2,2,197,35.7549
76,2,2,198,31.9841
76,2,2,199,29.8509
76,2,2,200,32.8484
76,2,2,201,30.7898
76,2,2,202,23.8999
76,2,2,203,25.0831
76,2,2,204,30.8267
76,2,2,205,40.5109
76,2,2,206,34.1445
76,2,2,207,35.9023
76,2,2,208,30.255
76,2,2,209,33.4448
76,2,2,210,31.7299
76,2,2,211,30.9972
76,2,2,212,34.0101
76,2,2,213,49.8456
76,2,2,214,31.0587
76,2,2,215,30.3881
76,2,2,216,27.8591
76,2,2,217,14.6659
76,2,2,218,13.4454
76,2,2,219,13.8308
76,2,2,220,12.5808
76,2,2,221,12.3014
76,2,2,222,11.988
76,2,2,223,12.0807
76,2,2,224,11.0652
76,2,2,225,10.5496
76,2,2,226,10.5543
76,2,2,227,12.0777
76,2,2,228,13.1075
76,2,2,229,12.9874
76,2,2,230,12.8477
76,2,2,231,13.883
76,2,2,232,11.0129
76,2,2,233,11.1798
76,2,2,234,21.4878
76,2,2,235,12.8321
76,2,2,236,11.2832
76,2,2,237,10.772
76,2,2,238,12.9604
76,2,2,239,12.3072
76,2,2,240,12.2371
76,2,2,241,13.1209
76,2,2,242,14.4027
76,2,2,243,14.6016
76,2,2,244,12.5715
76,2,2,245,10.6502
76,2,2,246,11.335
76,2,2,247,11.1089
76,2,2,248,12.3751
76,2,2,249,11.6205
76,2,2,250,11.932
76,2,2,251,11.4474
76,2,2,252,11.1459
76,2,2,253,11.3062
76,2,2,254,11.4366
76,2,2,255,13.5266
76,2,2,256,11.8416
76,2,2,257,10.2315
76,2,2,258,13.5564
76,2,2,259,14.3831
76,2,2,260,14.1377
76,2,2,261,11.7522
76,2,2,262,11.8768
76,2,2,263,12.5919
76,2,2,264,12.5852
76,2,2,265,10.1904
76,2,2,266,11.4343
76,2,2,267,10.6879
76,2,2,268,10.6873
76,2,2,269,11.9986
76,2,2,270,10.4216
76,2,2,271,12.9417
76,2,2,272,14.051
76,2,2,273,12.0786
76,2,2,274,11.8499
76,2,2,275,10.4979
76,2,2,276,10.6123
76,2,2,277,10.9843
76,2,2,278,10.5528
76,2,2,279,11.6784
76,2,2,280,11.1264
76,2,2,281,11.1925
76,2,2,282,11.2018
76,2,2,283,10.7202
76,2,2,284,11.6257
76,2,2,285,13.4121
76,2,2,286,11.9005
76,2,2,287,11.6079
76,2,2,288,10.1365
76,2,2,289,12.4713
76,2,2,290,12.5019
76,2,2,291,11.1754
76,2,2,292,11.415
76,2,2,293,12.5513
76,2,2,294,11.9615
76,2,2,295,14.2747
76,2,2,296,12.4993
76,2,2,297,11.1459
76,2,2,298,10.3004
76,2,2,299,12.923
76,2,2,300,11.7376
76,2,2,301,12.1305
76,2,2,302,13.769
76,2,2,303,11.3815
76,2,2,304,11.551
76,2,2,305,11.8828
76,2,2,306,13.1277
76,2,2,307,11.5614
76,2,2,308,10.8301
76,2,2,309,10.6146
76,2,2,310,11.0046
76,2,2,311,11.0057
76,2,2,312,10.5052
76,2,2,313,11.3367
76,2,2,314,11.2295
76,2,2,315,11.0724
76,2,2,316,11.1376
76,2,2,317,11.2112
76,2,2,318,11.3863
76,2,2,319,12.5517
76,2,2,320,10.7554
76,2,2,321,11.4053
76,2,2,322,16.0383
76,2,2,323,13.0625
76,2,2,324,13.2135
76,2,2,325,13.1657
76,2,2,326,12.0118
76,2,2,327,11.752
76,2,2,328,10.6145
76,2,2,329,10.6839
76,2,2,330,12.2003
76,2,2,331,12.3974
76,2,2,332,12.177
76,2,2,333,11.8203
76,2,2,334,11.951
76,2,2,335,11.915
76,2,2,336,10.8851
76,2,2,337,11.4328
76,2,2,338,11.034
76,2,2,339,10.651
76,2,2,340,12.4837
76,2,2,341,12.0254
76,2,2,342,12.9269
76,2,2,343,12.1813
76,2,2,344,10.2862
76,2,2,345,10.6225
76,2,2,346,11.1789
76,2,2,347,11.7819
76,2,2,348,13.1267
76,2,2,349,13.4417
76,2,2,350,11.3916
76,2,2,351,11.6524
76,2,2,352,11.0753
76,2,2,353,10.9983
76,2,2,354,10.696
76,2,2,355,11.8133
76,2,2,356,12.5623
76,2,2,357,11.9292
76,2,2,358,12.0522
76,2,2,359,13.3219
76,2,2,360,11.4221
76,2,2,361,12.9601
76,2,2,362,12.2402
76,2,2,363,11.6083
76,2,2,364,13.4431
76,2,2,365,12.3169
76,2,2,366,11.9091
76,2,2,367,11.4071
76,2,2,368,12.7391
76,2,2,369,12.8805
76,2,2,370,12.3985
76,2,2,371,11.3218
76,2,2,372,10.737
76,2,2,373,12.0839
76,2,2,374,12.7931
76,2,2,375,11.6818
76,2,2,376,11.894
76,2,2,377,13.1943
76,2,2,378,11.7323
76,2,2,379,12.0957
76,2,2,380,12.8927
76,2,2,381,13.3982
76,2,2,382,13.0796
76,2,2,383,11.8622
76,2,2,384,12.2537
76,2,2,385,14.8945
76,2,2,386,11.3842
76,2,2,387,11.3162
76,2,2,388,10.6563
76,2,2,389,12.1561
76,2,2,390,11.6975
76,2,2,391,11.978
76,2,2,392,13.5934
76,2,2,393,13.89
76,2,2,394,14.1773
76,2,2,395,13.4311
76,2,2,396,12.8028
76,2,2,397,11.4804
76,2,2,398,11.3374
76,2,2,399,12.9719
76,2,2,400,12.5222
76,2,2,401,15.0335
76,2,2,402,16.7502
76,2,2,403,14.7076
76,2,2,404,11.4915
76,2,2,405,10.2359
76,2,2,406,10.6526
76,2,2,407,11.2983
76,2,2,408,10.7796
76,2,2,409,10.4892
76,2,2,410,11.4292
76,2,2,411,11.2042
76,2,2,412,10.616
76,2,2,413,12.602
76,2,2,414,12.2266
76,2,2,415,10.4131
76,2,2,416,10.6279
76,2,2,417,11.3073
76,2,2,418,10.7637
76,2,2,419,12.9704
76,2,2,420,12.1421
76,2,2,421,11.6495
76,2,2,422,11.1612
76,2,2,423,11.0803
76,2,2,424,11.9485
76,2,2,425,11.3141
76,2,2,426,11.6915
76,2,2,427,10.791
76,2,2,428,11.0558
76,2,2,429,10.7088
76,2,2,430,11.1615
76,2,2,431,14.076
76,2,2,432,10.9905
76,2,2,433,11.3859
76,2,2,434,10.7783
76,2,2,435,11.6642
76,2,2,436,11.7753
76,2,2,437,11.7393
76,2,2,438,12.3964
76,2,2,439,13.2031
76,2,2,440,11.0891
76,2,2,441,10.7168
76,2,2,442,10.8151
76,2,2,443,10.8808
76,2,2,444,11.4918
76,2,2,445,11.252
76,2,2,446,11.2974
76,2,2,447,10.7743
76,2,2,448,12.1481
76,2,2,449,11.5631
76,2,2,450,13.104
76,2,2,451,13.0202
76,2,2,452,14.1313
76,2,2,453,13.556
76,2,2,454,14.8288
76,2,2,455,14.4342
76,2,2,456,12.8785
76,2,2,457,14.1742
76,2,2,458,12.4154
76,2,2,459,10.265
76,2,2,460,11.3157
76,2,2,461,11.2462
76,2,2,462,10.8776
76,2,2,463,10.9005
76,2,2,464,11.3942
76,2,2,465,11.5621
76,2,2,466,10.7458
76,2,2,467,14.1809
76,2,2,468,16.7929
76,2,2,469,12.5085
76,2,2,470,11.5829
76,2,2,471,13.37
76,2,2,472,13.3193
76,2,2,473,12.6579
76,2,2,474,13.7909
76,2,2,475,12.5786
76,2,2,476,13.8377
76,2,2,477,11.9797
76,2,2,478,12.48
76,2,2,479,13.1536
76,2,2,480,12.1991
76,2,2,481,13.1604
76,2,2,482,11.8997
76,2,2,483,12.4217
76,2,2,484,14.9528
76,2,2,485,14.5894
76,2,2,486,12.5694
76,2,2,487,10.63
76,2,2,488,11.0945
76,2,2,489,11.2979
76,2,2,490,11.114
76,2,2,491,10.533
76,2,2,492,11.3107
76,2,2,493,10.2995
76,2,2,494,11.355
76,2,2,495,10.8941
76,2,2,496,12.2366
76,2,2,497,14.1284
76,2,2,498,13.2907
76,2,2,499,14.8377
76,2,2,500,11.7878
76,2,2,501,12.2187
76,2,2,502,17.7814
76,2,2,503,13.5774
76,2,2,504,14.0214
76,2,2,505,15.2308
76,2,2,506,13.243
76,2,2,507,12.2113
76,2,2,508,11.3578
76,2,2,509,10.4433
76,2,2,510,11.0335
76,2,2,511,11.5037
76,2,2,512,10.4704
76,2,2,513,13.3771
76,2,2,514,13.3708
76,2,2,515,12.1575
76,2,2,516,11.7752
76,2,2,517,12.6004
76,2,2,518,11.7014
76,2,2,519,13.2071
76,2,2,520,12.1626
76,2,2,521,12.4244
76,2,2,522,12.0205
76,2,2,523,10.4167
76,2,2,524,10.4899
76,2,2,525,11.4296
76,2,2,526,11.4284
76,2,2,527,11.1088
76,2,2,528,10.8986
76,2,2,529,12.1777
76,2,2,530,10.8377
76,2,2,531,11.3612
76,2,2,532,11.4823
76,2,2,533,12.2898
76,2,2,534,12.7067
76,2,2,535,10.4993
76,2,2,536,11.0159
76,2,2,537,16.9609
76,2,2,538,14.5665
76,2,2,539,15.3897
76,2,2,540,13.8497
76,2,2,541,10.5933
76,2,2,542,11.0571
76,2,2,543,13.7644
76,2,2,544,10.6803
76,2,2,545,13.1771
76,2,2,546,12.2847
76,2,2,547,10.1672
76,2,2,548,11.0221
76,2,2,549,15.2391
76,2,2,550,11.595
76,2,2,551,13.2364
76,2,2,552,13.2834
76,2,2,553,13.5295
76,2,2,554,11.5383
76,2,2,555,10.9422
76,2,2,556,11.8105
76,2,2,557,11.0841
76,2,2,558,10.7987
76,2,2,559,14.4474
76,2,2,560,13.8441
76,2,2,561,12.9623
76,2,2,562,11.8601
76,2,2,563,10.4938
76,2,2,564,11.4619
76,2,2,565,10.376
76,2,2,566,10.9189
76,2,2,567,12.8234
76,2,2,568,11.5339
76,2,2,569,10.9165
76,2,2,570,10.6024
76,2,2,571,11.7723
76,2,2,572,11.1852
76,2,2,573,12.2027
76,2,2,574,12.1614
76,2,2,575,12.0746
76,2,2,576,13.0817
76,2,2,577,11.8747
76,2,2,578,11.538
76,2,2,579,11.3044
76,2,2,580,11.8278
76,2,2,581,11.9314
76,2,2,582,10.7124
76,2,2,583,11.5152
76,2,2,584,11.6292
76,2,2,585,12.1631
76,2,2,586,11.6116
76,2,2,587,11.5918
76,2,2,588,12.838
76,2,2,589,11.149
76,2,2,590,10.8047
76,2,2,591,10.8816
76,2,2,592,11.3762
76,2,2,593,11.2185
76,2,2,594,10.7647
76,2,2,595,12.4542
76,2,2,596,11.4538
76,2,2,597,11.9329
76,2,2,598,13.9944
76,2,2,599,14.8203
76,2,2,600,10.7304
76,2,2,601,12.8777
76,2,2,602,11.8346
76,2,2,603,11.0659
76,2,2,604,11.1691
76,2,2,605,12.3965
76,2,2,606,11.3196
76,2,2,607,11.1181
76,2,2,608,11.5339
76,2,2,609,12.1916
76,2,2,610,13.389
76,2,2,611,12.4288
76,2,2,612,10.3329
76,2,2,613,11.7139
76,2,2,614,11.7129
76,2,2,615,12.3802
76,2,2,616,11.8924
76,2,2,617,12.9918
76,2,2,618,11.6913
76,2,2,619,10.9057
76,2,2,620,10.3486
76,2,2,621,11.3297
76,2,2,622,11.0418
76,2,2,623,10.7821
76,2,2,624,12.1075
76,2,2,625,11.4427
76,2,2,626,11.7594
76,2,2,627,14.3238
76,2,2,628,13.5281
76,2,2,629,15.4868
76,2,2,630,13.9836
76,2,2,631,14.8917
76,2,2,632,14.3486
76,2,2,633,12.6327
76,2,2,634,13.6017
76,2,2,635,15.3271
76,2,2,636,13.5518
76,2,2,637,14.1786
76,2,2,638,10.8732
76,2,2,639,14.1855
76,2,2,640,15.1208
76,2,2,641,14.1276
76,2,2,642,11.3614
76,2,2,643,12.7313
76,2,2,644,12.0614
76,2,2,645,11.9046
76,2,2,646,12.5413
76,2,2,647,10.9028
76,2,2,648,10.6077
76,2,2,649,11.3845
76,2,2,650,13.2
76,2,2,651,12.9769
76,2,2,652,13.8601
76,2,2,653,11.391
76,2,2,654,11.3962
76,2,2,655,10.9981
76,2,2,656,11.6886
76,2,2,657,10.9395
76,2,2,658,10.7266
76,2,2,659,11.2787
76,2,2,660,12.0913
76,2,2,661,11.2309
76,2,2,662,11.5315
76,2,2,663,11.4991
76,2,2,664,11.4028
76,2,2,665,10.3355
76,2,2,666,11.2917
76,2,2,667,11.3391
76,2,2,668,10.8599
76,2,2,669,10.8645
76,2,2,670,11.9832
76,2,2,671,12.5244
76,2,2,672,11.9007
76,2,2,673,11.5953
76,2,2,674,12.9539
76,2,2,675,11.4156
76,2,2,676,11.2619
76,2,2,677,11.0975
76,2,2,678,11.9001
76,2,2,679,11.5548
76,2,2,680,11.6582
76,2,2,681,12.874
76,2,2,682,13.1681
76,2,2,683,12.2578
76,2,2,684,10.0548
76,2,2,685,10.9571
76,2,2,686,12.6693
76,2,2,687,13.458
76,2,2,688,11.6447
76,2,2,689,12.1845
76,2,2,690,10.2071
76,2,2,691,11.0198
76,2,2,692,10.4039
76,2,2,693,10.3718
76,2,2,694,11.208
76,2,2,695,11.9875
76,2,2,696,10.7385
76,2,2,697,16.8277
76,2,2,698,10.5993
76,2,2,699,16.8427
76,2,2,700,15.0368
76,2,2,701,16.6213
76,2,2,702,13.9047
76,2,2,703,13.0955
76,2,2,704,11.7419
76,2,2,705,12.6265
76,2,2,706,12.9247
76,2,2,707,11.6246
76,2,2,708,14.4002
76,2,2,709,13.6227
76,2,2,710,12.9451
76,2,2,711,10.9496
76,2,2,712,12.4085
76,2,2,713,16.919
76,2,2,714,18.1397
76,2,2,715,13.5002
76,2,2,716,10.2688
76,2,2,717,15.402
76,2,2,718,13.371
76,2,2,719,11.2253
76,2,2,720,9.6903
76,2,2,721,12.8932
76,2,2,722,11.5672
76,2,2,723,11.4697
76,2,2,724,13.4469
76,2,2,725,16.7948
76,2,2,726,13.891
76,2,2,727,12.4377
76,2,2,728,13.6996
76,2,2,729,13.1953
76,2,2,730,13.736
76,2,2,731,14.7683
76,2,2,732,11.6003
76,2,2,733,11.0864
76,2,2,734,11.5282
76,2,2,735,13.3822
76,2,2,736,12.2334
76,2,2,737,11.9886
76,2,2,738,12.5868
76,2,2,739,14.0803
76,2,2,740,11.7783
76,2,2,741,12.9419
76,2,2,742,11.8757
76,2,2,743,12.6586
76,2,2,744,11.8883
76,2,2,745,12.9818
76,2,2,746,11.7458
76,2,2,747,12.1453
76,2,2,748,13.8901
76,2,2,749,12.058
76,2,2,750,11.934
76,2,2,751,11.0455
76,2,2,752,11.2586
76,2,2,753,10.812
76,2,2,754,11.0422
76,2,2,755,12.6295
76,2,2,756,11.5133
76,2,2,757,14.0759
76,2,2,758,13.6028
76,2,2,759,11.3058
76,2,2,760,10.7947
76,2,2,761,10.3004
76,2,2,762,12.1347
76,2,2,763,11.2545
76,2,2,764,11.987
76,2,2,765,11.2639
76,2,2,766,15.1496
76,2,2,767,11.1232
76,2,2,768,11.3683
76,2,2,769,12.1083
76,2,2,770,14.2786
76,2,2,771,10.8414
76,2,2,772,12.7028
76,2,2,773,13.916
76,2,2,774,12.8928
76,2,2,775,10.7661
76,2,2,776,13.0111
76,2,2,777,11.3576
76,2,2,778,10.6954
76,2,2,779,12.2645
76,2,2,780,13.4118
76,2,2,781,11.962
76,2,2,782,12.28
76,2,2,783,11.9261
76,2,2,784,11.5207
76,2,2,785,11.7029
76,2,2,786,11.2693
76,2,2,787,11.323
76,2,2,788,11.279
76,2,2,789,11.5797
76,2,2,790,10.816
76,2,2,791,13.1131
76,2,2,792,11.983
76,2,2,793,11.263
76,2,2,794,16.8423
76,2,2,795,14.4614
76,2,2,796,15.6154
76,2,2,797,19.9142
76,2,2,798,11.955
76,2,2,799,10.2962
76,2,2,800,15.1649
76,2,2,801,13.185
76,2,2,802,10.2876
76,2,2,803,11.3031
76,2,2,804,14.9323
76,2,2,805,12.0196
76,2,2,806,11.4061
76,2,2,807,10.6913
76,2,2,808,10.9287
76,2,2,809,11.7275
76,2,2,810,13.8452
76,2,2,811,14.9188
76,2,2,812,14.4739
76,2,2,813,12.2854
76,2,2,814,11.394
76,2,2,815,15.9168
76,2,2,816,12.2926
76,2,2,817,12.2655
76,2,2,818,11.3331
76,2,2,819,16.4017
76,2,2,820,11.8058
76,2,2,821,14.0565
76,2,2,822,12.0345
76,2,2,823,9.8364
76,2,2,824,10.3844
76,2,2,825,12.6567
76,2,2,826,10.1319
76,2,2,827,10.7656
76,2,2,828,14.7171
76,2,2,829,17.7939
76,2,2,830,15.4057
76,2,2,831,14.8863
76,2,2,832,10.5177
76,2,2,833,10.501
76,2,2,834,12.038
76,2,2,835,13.7395
76,2,2,836,10.3573
76,2,2,837,11.3445
76,2,2,838,10.8136
76,2,2,839,11.1542
76,2,2,840,10.7844
76,2,2,841,13.7527
76,2,2,842,14.6083
76,2,2,843,12.1745
76,2,2,844,10.3965
76,2,2,845,10.9023
76,2,2,846,12.3861
76,2,2,847,14.2786
76,2,2,848,14.9722
76,2,2,849,13.5697
76,2,2,850,11.0327
76,2,2,851,10.4598
76,2,2,852,12.1737
76,2,2,853,11.9614
76,2,2,854,11.8069
76,2,2,855,11.8767
76,2,2,856,12.8441
76,2,2,857,10.9111
76,2,2,858,10.8073
76,2,2,859,12.2711
76,2,2,860,15.0003
76,2,2,861,14.9582
76,2,2,862,13.6964
76,2,2,863,11.9246
76,2,2,864,13.4508
76,2,2,865,13.3956
76,2,2,866,10.1928
76,2,2,867,11.2815
76,2,2,868,10.4819
76,2,2,869,10.6684
76,2,2,870,10.8997
76,2,2,871,11.5073
76,2,2,872,10.6428
76,2,2,873,14.8403
76,2,2,874,15.2855
76,2,2,875,12.4696
76,2,2,876,11.3492
76,2,2,877,11.9082
76,2,2,878,11.5016
76,2,2,879,11.2791
76,2,2,880,11.0544
76,2,2,881,10.4535
76,2,2,882,11.9178
76,2,2,883,13.1435
76,2,2,884,13.426
76,2,2,885,12.087
76,2,2,886,12.5083
76,2,2,887,12.7481
76,2,2,888,12.8344
76,2,2,889,10.4375
76,2,2,890,10.7781
76,2,2,891,13.024
76,2,2,892,14.1186
76,2,2,893,13.9819
76,2,2,894,12.5133
76,2,2,895,11.0799
76,2,2,896,11.8433
76,2,2,897,11.2364
76,2,2,898,11.0574
76,2,2,899,13.1769
76,2,2,900,15.7364
76,3,0,1,3.7826
76,3,0,2,4.024
76,3,0,3,3.6894
76,3,0,4,3.8109
76,3,0,5,3.7244
76,3,0,6,3.9203
76,3,0,7,3.6237
76,3,0,8,3.7743
76,3,0,9,3.8392
76,3,0,10,3.7332
76,3,0,11,3.8377
76,3,0,12,3.6685
76,3,0,13,3.7049
76,3,0,14,3.7253
76,3,0,15,3.6999
76,3,0,16,3.6545
76,3,0,17,3.6641
76,3,0,18,3.7237
76,3,0,19,3.6584
76,3,0,20,3.6829
76,3,0,21,3.626
76,3,0,22,3.9146
76,3,0,23,3.7057
76,3,0,24,3.693
76,3,0,25,3.6318
76,3,0,26,3.744
76,3,0,27,3.7093
76,3,0,28,3.6101
76,3,0,29,3.7437
76,3,0,30,3.6211
76,3,0,31,3.8026
76,3,0,32,3.6294
76,3,0,33,3.7016
76,3,0,34,3.6086
76,3,0,35,3.7185
76,3,0,36,3.6969
76,3,0,37,3.6061
76,3,0,38,3.8695
76,3,0,39,3.9118
76,3,0,40,3.9243
76,3,0,41,3.6541
76,3,0,42,3.8009
76,3,0,43,3.8988
76,3,0,44,4.1023
76,3,0,45,3.6328
76,3,0,46,3.669
76,3,0,47,3.8561
76,3,0,48,3.6977
76,3,0,49,3.6808
76,3,0,50,3.6358
76,3,0,51,3.7557
76,3,0,52,3.7386
76,3,0,53,3.6835
76,3,0,54,3.6001
76,3,0,55,3.9303
76,3,0,56,3.8186
76,3,0,57,3.6401
76,3,0,58,3.704
76,3,0,59,3.6154
76,3,0,60,3.8799
76,3,0,61,3.6395
76,3,0,62,3.6774
76,3,0,63,3.5988
76,3,0,64,3.8143
76,3,0,65,3.6858
76,3,0,66,3.6273
76,3,0,67,3.6472
76,3,0,68,3.7191
76,3,0,69,3.7306
76,3,0,70,3.6094
76,3,0,71,3.6734
76,3,0,72,3.6023
76,3,0,73,3.9909
76,3,0,74,3.8123
76,3,0,75,3.679
76,3,0,76,3.7336
76,3,0,77,3.6932
76,3,0,78,3.6799
76,3,0,79,3.6068
76,3,0,80,3.6678
76,3,0,81,3.7026
76,3,0,82,3.6814
76,3,0,83,3.639
76,3,0,84,3.6308
76,3,0,85,3.8501
76,3,0,86,3.6129
76,3,0,87,3.6916
76,3,0,88,3.6197
76,3,0,89,3.7494
76,3,0,90,3.6867
76,3,0,91,3.6662
76,3,0,92,3.6642
76,3,0,93,3.6122
76,3,0,94,3.7599
76,3,0,95,3.6342
76,3,0,96,3.6728
76,3,0,97,3.6128
76,3,0,98,3.7443
76,3,0,99,3.6576
76,3,0,100,3.6619
76,3,0,101,3.6992
76,3,0,102,3.7069
76,3,0,103,4.1499
76,3,0,104,3.6632
76,3,0,105,3.7408
76,3,0,106,3.757
76,3,0,107,3.8281
76,3,0,108,3.6791
76,3,0,109,3.6985
76,3,0,110,3.655
76,3,0,111,3.9555
76,3,0,112,3.9004
76,3,0,113,3.8667
76,3,0,114,3.7335
76,3,0,115,3.9196
76,3,0,116,3.8184
76,3,0,117,3.6121
76,3,0,118,3.7549
76,3,0,119,3.8465
76,3,0,120,3.7519
76,3,0,121,3.6219
76,3,0,122,3.6136
76,3,0,123,3.6948
76,3,0,124,3.6294
76,3,0,125,3.6872
76,3,0,126,3.6694
76,3,0,127,3.8291
76,3,0,128,3.6695
76,3,0,129,3.6632
76,3,0,130,3.6098
76,3,0,131,3.8818
76,3,0,132,3.8163
76,3,0,133,3.6102
76,3,0,134,3.9789
76,3,0,135,3.743
76,3,0,136,3.8794
76,3,0,137,3.7087
76,3,0,138,3.6903
76,3,0,139,3.7365
76,3,0,140,3.7178
76,3,0,141,3.6431
76,3,0,142,3.6065
76,3,0,143,3.7613
76,3,0,144,3.6723
76,3,0,145,3.6805
76,3,0,146,3.6208
76,3,0,147,3.8707
76,3,0,148,3.8665
76,3,0,149,3.7439
76,3,0,150,3.7256
76,3,0,151,3.6153
76,3,0,152,3.8692
76,3,0,153,3.6298
76,3,0,154,3.7728
76,3,0,155,3.683
76,3,0,156,3.9456
76,3,0,157,3.7466
76,3,0,158,3.7227
76,3,0,159,3.6704
76,3,0,160,3.7361
76,3,0,161,3.7528
76,3,0,162,3.6448
76,3,0,163,3.7426
76,3,0,164,3.5969
76,3,0,165,3.8824
76,3,0,166,3.6507
76,3,0,167,3.7122
76,3,0,168,3.6592
76,3,0,169,3.7537
76,3,0,170,3.6941
76,3,0,171,3.6148
76,3,0,172,3.6929
76,3,0,173,3.9564
76,3,0,174,3.7483
76,3,0,175,3.6119
76,3,0,176,3.6611
76,3,0,177,3.8312
76,3,0,178,3.7599
76,3,0,179,3.6596
76,3,0,180,3.5949
76,3,0,181,3.9901
76,3,0,182,4.5743
76,3,0,183,4.0227
76,3,0,184,3.6464
76,3,0,185,3.8216
76,3,0,186,3.6778
76,3,0,187,3.6964
76,3,0,188,3.6534
76,3,0,189,4.0518
76,3,0,190,4.0431
76,3,0,191,3.9447
76,3,0,192,3.766
76,3,0,193,3.6295
76,3,0,194,3.8898
76,3,0,195,3.6833
76,3,0,196,3.739
76,3,0,197,3.624
76,3,0,198,4.0296
76,3,0,199,3.7208
76,3,0,200,4.0042
76,3,0,201,3.6069
76,3,0,202,3.7757
76,3,0,203,3.705
76,3,0,204,3.6318
76,3,0,205,3.8732
76,3,0,206,3.7461
76,3,0,207,3.7851
76,3,0,208,3.6282
76,3,0,209,3.706
76,3,0,210,3.6428
76,3,0,211,3.9181
76,3,0,212,3.8201
76,3,0,213,3.6285
76,3,0,214,3.6827
76,3,0,215,3.7787
76,3,0,216,3.7603
76,3,0,217,3.6306
76,3,0,218,3.7067
76,3,0,219,3.7975
76,3,0,220,3.7328
76,3,0,221,3.6322
76,3,0,222,3.6295
76,3,0,223,4.0867
76,3,0,224,3.6407
76,3,0,225,3.7661
76,3,0,226,3.6405
76,3,0,227,3.871
76,3,0,228,3.7016
76,3,0,229,3.6986
76,3,0,230,3.6102
76,3,0,231,3.8551
76,3,0,232,3.8094
76,3,0,233,3.6469
76,3,0,234,3.8882
76,3,0,235,3.7157
76,3,0,236,4.0844
76,3,0,237,3.6217
76,3,0,238,3.8978
76,3,0,239,3.7138
76,3,0,240,3.8663
76,3,0,241,3.678
76,3,0,242,3.7217
76,3,0,243,3.7276
76,3,0,244,3.8302
76,3,0,245,3.8934
76,3,0,246,3.6092
76,3,0,247,4.0892
76,3,0,248,3.9099
76,3,0,249,4.1331
76,3,0,250,3.6343
76,3,0,251,3.7094
76,3,0,252,3.7779
76,3,0,253,3.6968
76,3,0,254,3.616
76,3,0,255,3.5962
76,3,0,256,3.9285
76,3,0,257,3.6379
76,3,0,258,3.8829
76,3,0,259,3.6102
76,3,0,260,3.8568
76,3,0,261,3.6365
76,3,0,262,3.6884
76,3,0,263,3.6122
76,3,0,264,3.7249
76,3,0,265,3.716
76,3,0,266,3.5979
76,3,0,267,3.6862
76,3,0,268,3.6793
76,3,0,269,3.8705
76,3,0,270,3.7092
76,3,0,271,3.6744
76,3,0,272,3.6306
76,3,0,273,3.7133
76,3,0,274,3.6806
76,3,0,275,3.6401
76,3,0,276,3.7258
76,3,0,277,3.6886
76,3,0,278,3.7521
76,3,0,279,3.6067
76,3,0,280,3.648
76,3,0,281,3.7311
76,3,0,282,3.717
76,3,0,283,3.7066
76,3,0,284,3.6429
76,3,0,285,3.679
76,3,0,286,3.7005
76,3,0,287,3.6979
76,3,0,288,3.6146
76,3,0,289,3.677
76,3,0,290,3.7995
76,3,0,291,3.6408
76,3,0,292,3.7254
76,3,0,293,3.6355
76,3,0,294,4.0033
76,3,0,295,3.702
76,3,0,296,3.6928
76,3,0,297,3.5916
76,3,0,298,3.7822
76,3,0,299,3.7038
76,3,0,300,3.6306
76,3,0,301,3.6833
76,3,0,302,3.667
76,3,0,303,3.697
76,3,0,304,3.613
76,3,0,305,3.6706
76,3,0,306,3.6315
76,3,0,307,3.6985
76,3,0,308,3.6446
76,3,0,309,3.6563
76,3,0,310,3.6649
76,3,0,311,3.7667
76,3,0,312,3.7098
76,3,0,313,3.5976
76,3,0,314,3.7051
76,3,0,315,3.6977
76,3,0,316,3.6337
76,3,0,317,3.6858
76,3,0,318,3.5966
76,3,0,319,3.9139
76,3,0,320,3.6432
76,3,0,321,4.0739
76,3,0,322,3.6336
76,3,0,323,4.0662
76,3,0,324,3.6964
76,3,0,325,3.8755
76,3,0,326,3.7179
76,3,0,327,4.2254
76,3,0,328,3.9344
76,3,0,329,3.6559
76,3,0,330,3.8082
76,3,0,331,3.7249
76,3,0,332,3.8783
76,3,0,333,3.6544
76,3,0,334,4.1918
76,3,0,335,3.7888
76,3,0,336,3.9727
76,3,0,337,3.6296
76,3,0,338,3.7983
76,3,0,339,3.9539
76,3,0,340,3.9119
76,3,0,341,3.7207
76,3,0,342,3.5908
76,3,0,343,3.9285
76,3,0,344,3.6839
76,3,0,345,4.1972
76,3,0,346,3.6484
76,3,0,347,3.981
76,3,0,348,3.8234
76,3,0,349,3.8558
76,3,0,350,3.6358
76,3,0,351,3.9187
76,3,0,352,3.9241
76,3,0,353,3.693
76,3,0,354,3.8877
76,3,0,355,3.6017
76,3,0,356,4.0293
76,3,0,357,3.6627
76,3,0,358,3.8049
76,3,0,359,3.6075
76,3,0,360,4.2983
76,3,0,361,3.7438
76,3,0,362,3.9092
76,3,0,363,3.7315
76,3,0,364,3.8947
76,3,0,365,3.9151
76,3,0,366,3.9226
76,3,0,367,3.933
76,3,0,368,3.9758
76,3,0,369,4.0161
76,3,0,370,3.8932
76,3,0,371,3.993
76,3,0,372,4.0061
76,3,0,373,4.1057
76,3,0,374,3.9673
76,3,0,375,4.0793
76,3,0,376,3.9345
76,3,0,377,4.0369
76,3,0,378,3.9368
76,3,0,379,4.4803
76,3,0,380,4.0706
76,3,0,381,4.5667
76,3,0,382,4.0987
76,3,0,383,4.2031
76,3,0,384,4.0028
76,3,0,385,3.971
76,3,0,386,3.9522
76,3,0,387,4.1534
76,3,0,388,4.0091
76,3,0,389,3.8873
76,3,0,390,3.9014
76,3,0,391,4.0106
76,3,0,392,4.0181
76,3,0,393,3.8829
76,3,0,394,3.8697
76,3,0,395,4.2673
76,3,0,396,4.2213
76,3,0,397,4.0604
76,3,0,398,4.119
76,3,0,399,4.3126
76,3,0,400,4.16
76,3,0,401,4.1012
76,3,0,402,4.1139
76,3,0,403,3.9865
76,3,0,404,4.1736
76,3,0,405,3.9476
76,3,0,406,4.1731
76,3,0,407,3.9478
76,3,0,408,4.1841
76,3,0,409,3.9446
76,3,0,410,4.2419
76,3,0,411,3.9897
76,3,0,412,4.5291
76,3,0,413,4.0397
76,3,0,414,4.2746
76,3,0,415,3.9472
76,3,0,416,4.3349
76,3,0,417,3.9529
76,3,0,418,4.4005
76,3,0,419,3.9262
76,3,0,420,4.5207
76,3,0,421,4.1153
76,3,0,422,4.1103
76,3,0,423,3.9301
76,3,0,424,4.0067
76,3,0,425,3.9797
76,3,0,426,4.0077
76,3,0,427,3.9009
76,3,0,428,3.9217
76,3,0,429,3.9106
76,3,0,430,3.9098
76,3,0,431,3.8796
76,3,0,432,3.8944
76,3,0,433,3.9956
76,3,0,434,3.9764
76,3,0,435,3.9133
76,3,0,436,3.8698
76,3,0,437,3.9187
76,3,0,438,3.9235
76,3,0,439,3.8815
76,3,0,440,3.8875
76,3,0,441,3.9109
76,3,0,442,3.8698
76,3,0,443,4.1518
76,3,0,444,3.9235
76,3,0,445,4.153
76,3,0,446,4.0216
76,3,0,447,4.1331
76,3,0,448,3.9762
76,3,0,449,4.7302
76,3,0,450,4.0222
76,3,0,451,4.0029
76,3,0,452,3.9125
76,3,0,453,4.284
76,3,0,454,3.9636
76,3,0,455,3.9698
76,3,0,456,3.9358
76,3,0,457,3.8961
76,3,0,458,3.8725
76,3,0,459,4.0187
76,3,0,460,4.1051
76,3,0,461,3.8988
76,3,0,462,3.8696
76,3,0,463,4.1125
76,3,0,464,4.0812
76,3,0,465,4
76,3,0,466,3.918
76,3,0,467,3.8893
76,3,0,468,4.6935
76,3,0,469,3.9893
76,3,0,470,3.9647
76,3,0,471,3.8976
76,3,0,472,3.9877
76,3,0,473,3.919
76,3,0,474,4.232
76,3,0,475,3.9732
76,3,0,476,4.3916
76,3,0,477,4.0578
76,3,0,478,4.283
76,3,0,479,4.0954
76,3,0,480,5.0233
76,3,0,481,4.1886
76,3,0,482,4.2211
76,3,0,483,4.6052
76,3,0,484,4.149
76,3,0,485,4.1865
76,3,0,486,3.9734
76,3,0,487,4.2311
76,3,0,488,4.2704
76,3,0,489,4.2103
76,3,0,490,4.0944
76,3,0,491,4.2826
76,3,0,492,4.05
76,3,0,493,4.1012
76,3,0,494,4.1689
76,3,0,495,3.9473
76,3,0,496,3.9399
76,3,0,497,4.0383
76,3,0,498,4.4808
76,3,0,499,4.0793
76,3,0,500,4.0708
76,3,0,501,4.0309
76,3,0,502,4.0339
76,3,0,503,3.9234
76,3,0,504,4.0578
76,3,0,505,3.9957
76,3,0,506,4.148
76,3,0,507,3.9104
76,3,0,508,3.9134
76,3,0,509,3.9684
76,3,0,510,4.0436
76,3,0,511,3.9355
76,3,0,512,4.0974
76,3,0,513,3.9967
76,3,0,514,3.9371
76,3,0,515,3.9062
76,3,0,516,4.1575
76,3,0,517,4.3694
76,3,0,518,4.1746
76,3,0,519,3.9989
76,3,0,520,3.9757
76,3,0,521,3.9681
76,3,0,522,3.9103
76,3,0,523,3.871
76,3,0,524,3.8666
76,3,0,525,3.9148
76,3,0,526,3.8796
76,3,0,527,3.875
76,3,0,528,3.8507
76,3,0,529,4.6484
76,3,0,530,4.0738
76,3,0,531,4.3321
76,3,0,532,3.9961
76,3,0,533,4.3571
76,3,0,534,3.9876
76,3,0,535,4.3574
76,3,0,536,4.4689
76,3,0,537,4.0684
76,3,0,538,3.9041
76,3,0,539,3.9076
76,3,0,540,3.9025
76,3,0,541,3.9012
76,3,0,542,3.8568
76,3,0,543,3.8784
76,3,0,544,3.9761
76,3,0,545,4.4679
76,3,0,546,4.0064
76,3,0,547,4.2604
76,3,0,548,4.1516
76,3,0,549,4.3052
76,3,0,550,3.9341
76,3,0,551,4.2656
76,3,0,552,4.0209
76,3,0,553,3.9362
76,3,0,554,3.899
76,3,0,555,3.9441
76,3,0,556,4.0518
76,3,0,557,4.2269
76,3,0,558,4.0413
76,3,0,559,4.4342
76,3,0,560,4.1128
76,3,0,561,3.8756
76,3,0,562,3.8755
76,3,0,563,3.984
76,3,0,564,4.0493
76,3,0,565,3.9694
76,3,0,566,3.9122
76,3,0,567,3.8664
76,3,0,568,3.8709
76,3,0,569,3.8624
76,3,0,570,3.8624
76,3,0,571,3.88
76,3,0,572,3.8708
76,3,0,573,3.8582
76,3,0,574,3.9326
76,3,0,575,3.9035
76,3,0,576,4.2786
76,3,0,577,3.9545
76,3,0,578,3.8969
76,3,0,579,3.9082
76,3,0,580,4.011
76,3,0,581,4.0101
76,3,0,582,3.9299
76,3,0,583,3.9319
76,3,0,584,3.8861
76,3,0,585,3.8957
76,3,0,586,3.9324
76,3,0,587,3.984
76,3,0,588,3.9408
76,3,0,589,3.8873
76,3,0,590,3.8756
76,3,0,591,3.9216
76,3,0,592,3.9157
76,3,0,593,3.9132
76,3,0,594,3.9447
76,3,0,595,4.0752
76,3,0,596,3.9545
76,3,0,597,4.3354
76,3,0,598,3.6986
76,3,0,599,4.5638
76,3,0,600,3.7695
76,3,0,601,3.9176
76,3,0,602,3.6424
76,3,0,603,4.2497
76,3,0,604,3.9495
76,3,0,605,4.1
76,3,0,606,3.9986
76,3,0,607,4.0127
76,3,0,608,4.0787
76,3,0,609,3.9237
76,3,0,610,4.0385
76,3,0,611,3.9667
76,3,0,612,4.1693
76,3,0,613,3.916
76,3,0,614,4.2077
76,3,0,615,4.0054
76,3,0,616,3.9939
76,3,0,617,3.9097
76,3,0,618,3.9944
76,3,0,619,3.9465
76,3,0,620,3.8709
76,3,0,621,3.884
76,3,0,622,4.0066
76,3,0,623,3.7166
76,3,0,624,4.0972
76,3,0,625,3.6831
76,3,0,626,3.8874
76,3,0,627,3.7557
76,3,0,628,3.6613
76,3,0,629,3.6847
76,3,0,630,3.7325
76,3,0,631,5.2859
76,3,0,632,4.088
76,3,0,633,3.6513
76,3,0,634,3.6016
76,3,0,635,4.0553
76,3,0,636,3.7042
76,3,0,637,3.9468
76,3,0,638,3.6576
76,3,0,639,4.0116
76,3,0,640,3.7244
76,3,0,641,3.684
76,3,0,642,3.6368
76,3,0,643,3.7447
76,3,0,644,3.8947
76,3,0,645,3.6821
76,3,0,646,3.9627
76,3,0,647,4.0534
76,3,0,648,3.8161
76,3,0,649,3.6013
76,3,0,650,3.6795
76,3,0,651,3.7912
76,3,0,652,3.6929
76,3,0,653,3.628
76,3,0,654,3.6325
76,3,0,655,3.7194
76,3,0,656,3.7064
76,3,0,657,3.8947
76,3,0,658,3.8624
76,3,0,659,3.888
76,3,0,660,3.8773
76,3,0,661,3.8829
76,3,0,662,3.8733
76,3,0,663,3.879
76,3,0,664,3.9416
76,3,0,665,3.8718
76,3,0,666,3.8726
76,3,0,667,3.8577
76,3,0,668,4.2331
76,3,0,669,3.9869
76,3,0,670,4.2066
76,3,0,671,3.9849
76,3,0,672,3.9624
76,3,0,673,3.9563
76,3,0,674,3.9417
76,3,0,675,4.1704
76,3,0,676,4.0265
76,3,0,677,3.8961
76,3,0,678,3.9112
76,3,0,679,3.9666
76,3,0,680,3.9726
76,3,0,681,3.9032
76,3,0,682,3.8658
76,3,0,683,4.0376
76,3,0,684,3.7388
76,3,0,685,3.6218
76,3,0,686,3.6752
76,3,0,687,3.8323
76,3,0,688,3.6463
76,3,0,689,3.7303
76,3,0,690,3.6196
76,3,0,691,3.8225
76,3,0,692,3.6504
76,3,0,693,3.7794
76,3,0,694,3.6639
76,3,0,695,3.7397
76,3,0,696,3.7684
76,3,0,697,3.6029
76,3,0,698,4.3096
76,3,0,699,3.6711
76,3,0,700,4.9858
76,3,0,701,3.7534
76,3,0,702,3.8233
76,3,0,703,3.7635
76,3,0,704,3.9166
76,3,0,705,3.657
76,3,0,706,3.7215
76,3,0,707,3.8375
76,3,0,708,3.8312
76,3,0,709,3.8446
76,3,0,710,3.6776
76,3,0,711,3.9747
76,3,0,712,3.6418
76,3,0,713,3.923
76,3,0,714,3.6144
76,3,0,715,3.928
76,3,0,716,3.7635
76,3,0,717,3.7765
76,3,0,718,3.7125
76,3,0,719,3.9341
76,3,0,720,3.8634
76,3,0,721,3.676
76,3,0,722,3.7157
76,3,0,723,3.6826
76,3,0,724,3.7881
76,3,0,725,3.6565
76,3,0,726,3.7218
76,3,0,727,3.656
76,3,0,728,3.8181
76,3,0,729,3.6372
76,3,0,730,3.6443
76,3,0,731,3.7375
76,3,0,732,3.7271
76,3,0,733,3.7769
76,3,0,734,3.627
76,3,0,735,3.7215
76,3,0,736,3.8536
76,3,0,737,3.7921
76,3,0,738,3.6685
76,3,0,739,3.6605
76,3,0,740,3.7664
76,3,0,741,3.6777
76,3,0,742,3.7561
76,3,0,743,3.6511
76,3,0,744,3.7339
76,3,0,745,3.6559
76,3,0,746,3.6776
76,3,0,747,3.6549
76,3,0,748,3.6545
76,3,0,749,4.2716
76,3,0,750,3.7805
76,3,0,751,3.8783
76,3,0,752,3.6219
76,3,0,753,4.324
76,3,0,754,3.6997
76,3,0,755,3.9447
76,3,0,756,3.6409
76,3,0,757,4.0532
76,3,0,758,3.688
76,3,0,759,3.9907
76,3,0,760,3.9115
76,3,0,761,3.9646
76,3,0,762,3.7918
76,3,0,763,3.8627
76,3,0,764,4.0776
76,3,0,765,4.032
76,3,0,766,4.0398
76,3,0,767,3.8932
76,3,0,768,3.9911
76,3,0,769,3.9754
76,3,0,770,3.9966
76,3,0,771,3.7942
76,3,0,772,3.8457
76,3,0,773,3.8341
76,3,0,774,3.896
76,3,0,775,3.7251
76,3,0,776,3.7875
76,3,0,777,3.8771
76,3,0,778,3.929
76,3,0,779,3.8858
76,3,0,780,3.8406
76,3,0,781,3.9542
76,3,0,782,3.6894
76,3,0,783,3.8232
76,3,0,784,3.6207
76,3,0,785,3.9478
76,3,0,786,3.8036
76,3,0,787,3.8991
76,3,0,788,3.77
76,3,0,789,3.8108
76,3,0,790,3.7143
76,3,0,791,3.6784
76,3,0,792,4.0403
76,3,0,793,3.6829
76,3,0,794,3.9146
76,3,0,795,3.6244
76,3,0,796,3.8982
76,3,0,797,3.6984
76,3,0,798,3.888
76,3,0,799,3.6888
76,3,0,800,4.5222
76,3,0,801,3.8169
76,3,0,802,3.7434
76,3,0,803,3.7829
76,3,0,804,3.8524
76,3,0,805,3.8146
76,3,0,806,3.6113
76,3,0,807,3.7816
76,3,0,808,3.8307
76,3,0,809,3.906
76,3,0,810,3.6403
76,3,0,811,3.8187
76,3,0,812,3.8127
76,3,0,813,3.8482
76,3,0,814,3.7558
76,3,0,815,3.6488
76,3,0,816,3.6362
76,3,0,817,3.6704
76,3,0,818,3.7534
76,3,0,819,3.6256
76,3,0,820,3.7226
76,3,0,821,3.9046
76,3,0,822,3.7692
76,3,0,823,3.6721
76,3,0,824,3.6475
76,3,0,825,3.7729
76,3,0,826,3.7008
76,3,0,827,3.8994
76,3,0,828,4.1698
76,3,0,829,4.0469
76,3,0,830,3.8608
76,3,0,831,3.8382
76,3,0,832,3.8401
76,3,0,833,4.2869
76,3,0,834,3.9853
76,3,0,835,3.8986
76,3,0,836,3.5847
76,3,0,837,3.9559
76,3,0,838,3.8489
76,3,0,839,3.6655
76,3,0,840,3.6318
76,3,0,841,3.8881
76,3,0,842,3.8478
76,3,0,843,3.6228
76,3,0,844,3.6354
76,3,0,845,3.6456
76,3,0,846,3.7332
76,3,0,847,3.6054
76,3,0,848,3.5893
76,3,0,849,3.6232
76,3,0,850,4.19
76,3,0,851,3.7383
76,3,0,852,3.5521
76,3,0,853,3.6362
76,3,0,854,3.7339
76,3,0,855,3.6681
76,3,0,856,3.6183
76,3,0,857,3.5843
76,3,0,858,4.3423
76,3,0,859,3.7398
76,3,0,860,3.9701
76,3,0,861,3.5936
76,3,0,862,9.983
76,3,0,863,8.1128
76,3,0,864,7.5253
76,3,0,865,7.6098
76,3,0,866,8.0415
76,3,0,867,7.4704
76,3,0,868,7.5618
76,3,0,869,5.7305
76,3,0,870,4.0472
76,3,0,871,3.9196
76,3,0,872,3.6751
76,3,0,873,3.893
76,3,0,874,4.2313
76,3,0,875,4.3321
76,3,0,876,4.97
76,3,0,877,5.3876
76,3,0,878,4.8146
76,3,0,879,4.6485
76,3,0,880,4.7307
76,3,0,881,4.7449
76,3,0,882,4.5413
76,3,0,883,4.7572
76,3,0,884,4.8621
76,3,0,885,4.6651
76,3,0,886,4.5464
76,3,0,887,4.6534
76,3,0,888,4.5535
76,3,0,889,4.5741
76,3,0,890,5.2382
76,3,0,891,4.7058
76,3,0,892,4.6336
76,3,0,893,4.8559
76,3,0,894,4.8853
76,3,0,895,4.6143
76,3,0,896,4.7424
76,3,0,897,4.8106
76,3,0,898,4.7309
76,3,0,899,4.7321
76,3,0,900,4.8044
76,3,1,1,4.0857
76,3,1,2,4.0636
76,3,1,3,3.8771
76,3,1,4,3.8111
76,3,1,5,3.7205
76,3,1,6,3.681
76,3,1,7,3.6825
76,3,1,8,3.6203
76,3,1,9,3.6836
76,3,1,10,3.7323
76,3,1,11,3.7593
76,3,1,12,3.636
76,3,1,13,3.6779
76,3,1,14,5.1749
76,3,1,15,4.0582
76,3,1,16,3.6716
76,3,1,17,3.7246
76,3,1,18,3.7846
76,3,1,19,3.6541
76,3,1,20,3.872
76,3,1,21,3.6859
76,3,1,22,4.1737
76,3,1,23,3.7368
76,3,1,24,3.7483
76,3,1,25,3.6759
76,3,1,26,3.8115
76,3,1,27,3.6966
76,3,1,28,3.6427
76,3,1,29,3.7224
76,3,1,30,3.71
76,3,1,31,4.219
76,3,1,32,3.6931
76,3,1,33,3.9836
76,3,1,34,3.7869
76,3,1,35,3.942
76,3,1,36,3.6674
76,3,1,37,3.9172
76,3,1,38,3.8724
76,3,1,39,4.0079
76,3,1,40,3.6861
76,3,1,41,3.6964
76,3,1,42,3.986
76,3,1,43,3.6695
76,3,1,44,3.747
76,3,1,45,3.6752
76,3,1,46,3.9333
76,3,1,47,3.7212
76,3,1,48,3.6897
76,3,1,49,3.6439
76,3,1,50,4.2547
76,3,1,51,4.1218
76,3,1,52,4.2178
76,3,1,53,3.9927
76,3,1,54,3.9829
76,3,1,55,4.4011
76,3,1,56,4.6095
76,3,1,57,4.0346
76,3,1,58,3.947
76,3,1,59,3.917
76,3,1,60,3.8943
76,3,1,61,3.8989
76,3,1,62,3.9175
76,3,1,63,3.9141
76,3,1,64,3.9118
76,3,1,65,3.882
76,3,1,66,3.9023
76,3,1,67,4.0081
76,3,1,68,4.015
76,3,1,69,3.9492
76,3,1,70,3.9464
76,3,1,71,3.9416
76,3,1,72,3.8838
76,3,1,73,4.1467
76,3,1,74,4.1691
76,3,1,75,4.5231
76,3,1,76,4.1425
76,3,1,77,4.288
76,3,1,78,4.019
76,3,1,79,4.5264
76,3,1,80,4.0632
76,3,1,81,4.16
76,3,1,82,4.0348
76,3,1,83,3.9123
76,3,1,84,3.9233
76,3,1,85,3.901
76,3,1,86,3.9159
76,3,1,87,3.8933
76,3,1,88,4.078
76,3,1,89,4.0724
76,3,1,90,4.0172
76,3,1,91,3.8843
76,3,1,92,3.8801
76,3,1,93,4.3533
76,3,1,94,4.4341
76,3,1,95,4.0343
76,3,1,96,4.4873
76,3,1,97,4.1661
76,3,1,98,4.035
76,3,1,99,3.894
76,3,1,100,3.9296
76,3,1,101,3.9012
76,3,1,102,3.9004
76,3,1,103,3.8763
76,3,1,104,4.102
76,3,1,105,4.0032
76,3,1,106,3.9031
76,3,1,107,3.8931
76,3,1,108,3.9015
76,3,1,109,3.9721
76,3,1,110,3.9575
76,3,1,111,3.8877
76,3,1,112,4.3703
76,3,1,113,4.0975
76,3,1,114,4.1364
76,3,1,115,4.0145
76,3,1,116,4.0229
76,3,1,117,3.9609
76,3,1,118,3.8821
76,3,1,119,3.9229
76,3,1,120,3.9533
76,3,1,121,3.9764
76,3,1,122,4.1533
76,3,1,123,4.0335
76,3,1,124,3.9702
76,3,1,125,3.9234
76,3,1,126,3.8989
76,3,1,127,3.902
76,3,1,128,3.986
76,3,1,129,3.9912
76,3,1,130,3.8983
76,3,1,131,3.8699
76,3,1,132,3.8825
76,3,1,133,3.9407
76,3,1,134,3.8674
76,3,1,135,3.9023
76,3,1,136,3.8916
76,3,1,137,3.8896
76,3,1,138,3.9075
76,3,1,139,4.1267
76,3,1,140,4.0293
76,3,1,141,3.9059
76,3,1,142,4.1221
76,3,1,143,3.8965
76,3,1,144,4.0193
76,3,1,145,3.8899
76,3,1,146,3.8829
76,3,1,147,3.8535
76,3,1,148,3.8935
76,3,1,149,3.864
76,3,1,150,3.8827
76,3,1,151,3.8567
76,3,1,152,4.4831
76,3,1,153,4.0751
76,3,1,154,4.1989
76,3,1,155,4.0663
76,3,1,156,4.079
76,3,1,157,3.9737
76,3,1,158,3.8816
76,3,1,159,3.9018
76,3,1,160,3.8658
76,3,1,161,3.8803
76,3,1,162,3.8576
76,3,1,163,3.9337
76,3,1,164,3.9063
76,3,1,165,3.9071
76,3,1,166,3.87
76,3,1,167,4.0343
76,3,1,168,3.908
76,3,1,169,3.8629
76,3,1,170,3.8487
76,3,1,171,4.1755
76,3,1,172,4.0363
76,3,1,173,3.9464
76,3,1,174,3.9259
76,3,1,175,4.2137
76,3,1,176,4.082
76,3,1,177,3.9124
76,3,1,178,3.8991
76,3,1,179,3.9175
76,3,1,180,3.9089
76,3,1,181,3.8515
76,3,1,182,3.8698
76,3,1,183,3.9365
76,3,1,184,4.087
76,3,1,185,3.9031
76,3,1,186,3.9284
76,3,1,187,3.862
76,3,1,188,3.8878
76,3,1,189,3.8538
76,3,1,190,4.1549
76,3,1,191,4.0485
76,3,1,192,4.3175
76,3,1,193,3.9998
76,3,1,194,3.9231
76,3,1,195,4.0164
76,3,1,196,4.5345
76,3,1,197,4.09
76,3,1,198,4.164
76,3,1,199,4.1612
76,3,1,200,4.3816
76,3,1,201,3.9997
76,3,1,202,3.9595
76,3,1,203,3.9043
76,3,1,204,3.8939
76,3,1,205,3.895
76,3,1,206,3.897
76,3,1,207,4.2022
76,3,1,208,4.2705
76,3,1,209,4.0041
76,3,1,210,4.3784
76,3,1,211,4.0752
76,3,1,212,4.1581
76,3,1,213,3.9226
76,3,1,214,4.1826
76,3,1,215,3.9793
76,3,1,216,4.0521
76,3,1,217,4.0793
76,3,1,218,4.1369
76,3,1,219,4.0939
76,3,1,220,4.3262
76,3,1,221,4.1927
76,3,1,222,4.1804
76,3,1,223,3.954
76,3,1,224,3.8835
76,3,1,225,3.9094
76,3,1,226,3.91
76,3,1,227,3.8935
76,3,1,228,3.8678
76,3,1,229,3.8765
76,3,1,230,3.9461
76,3,1,231,3.8754
76,3,1,232,3.9227
76,3,1,233,3.8933
76,3,1,234,4.0253
76,3,1,235,3.9087
76,3,1,236,3.9028
76,3,1,237,3.9403
76,3,1,238,3.9771
76,3,1,239,4.0502
76,3,1,240,3.9769
76,3,1,241,4.0403
76,3,1,242,4.0131
76,3,1,243,3.9096
76,3,1,244,3.9185
76,3,1,245,3.9375
76,3,1,246,3.9721
76,3,1,247,3.9291
76,3,1,248,4.4629
76,3,1,249,4.1072
76,3,1,250,4.0676
76,3,1,251,3.9214
76,3,1,252,3.9279
76,3,1,253,3.9499
76,3,1,254,3.9372
76,3,1,255,3.951
76,3,1,256,3.9732
76,3,1,257,3.9267
76,3,1,258,4.4914
76,3,1,259,4.0983
76,3,1,260,4.3223
76,3,1,261,4.0577
76,3,1,262,4.12
76,3,1,263,3.9959
76,3,1,264,4.3603
76,3,1,265,4.1164
76,3,1,266,3.9328
76,3,1,267,3.9166
76,3,1,268,4.3435
76,3,1,269,4.1144
76,3,1,270,4.0871
76,3,1,271,3.9542
76,3,1,272,3.9415
76,3,1,273,3.936
76,3,1,274,3.8871
76,3,1,275,3.9011
76,3,1,276,4.3806
76,3,1,277,4.1923
76,3,1,278,4.1228
76,3,1,279,4.0342
76,3,1,280,3.9643
76,3,1,281,4.1574
76,3,1,282,3.9036
76,3,1,283,3.7968
76,3,1,284,3.9254
76,3,1,285,3.8908
76,3,1,286,3.8944
76,3,1,287,4.1785
76,3,1,288,3.9393
76,3,1,289,3.9131
76,3,1,290,3.892
76,3,1,291,4.0294
76,3,1,292,3.9955
76,3,1,293,4.3898
76,3,1,294,3.9938
76,3,1,295,4.6637
76,3,1,296,3.767
76,3,1,297,3.7343
76,3,1,298,3.6326
76,3,1,299,3.8619
76,3,1,300,3.7292
76,3,1,301,3.6676
76,3,1,302,3.6792
76,3,1,303,3.7989
76,3,1,304,4.2712
76,3,1,305,3.8673
76,3,1,306,3.9335
76,3,1,307,3.9904
76,3,1,308,4.0139
76,3,1,309,3.8689
76,3,1,310,4.4211
76,3,1,311,4.1001
76,3,1,312,4.27
76,3,1,313,3.9707
76,3,1,314,4.2161
76,3,1,315,4.1335
76,3,1,316,4.0219
76,3,1,317,3.9062
76,3,1,318,4.4201
76,3,1,319,4.0782
76,3,1,320,4.3014
76,3,1,321,3.9882
76,3,1,322,4.285
76,3,1,323,3.9615
76,3,1,324,4.2168
76,3,1,325,3.9095
76,3,1,326,4.1623
76,3,1,327,3.7733
76,3,1,328,4.0012
76,3,1,329,3.7926
76,3,1,330,4.0863
76,3,1,331,4.013
76,3,1,332,3.9084
76,3,1,333,3.6866
76,3,1,334,3.7948
76,3,1,335,3.8188
76,3,1,336,3.6564
76,3,1,337,3.7892
76,3,1,338,3.6971
76,3,1,339,3.7011
76,3,1,340,3.5994
76,3,1,341,3.6633
76,3,1,342,3.7431
76,3,1,343,3.6788
76,3,1,344,3.678
76,3,1,345,3.6477
76,3,1,346,3.8405
76,3,1,347,3.9789
76,3,1,348,3.7121
76,3,1,349,3.6676
76,3,1,350,4.04
76,3,1,351,3.9572
76,3,1,352,3.8906
76,3,1,353,3.8944
76,3,1,354,3.8406
76,3,1,355,3.9146
76,3,1,356,3.803
76,3,1,357,3.711
76,3,1,358,3.7055
76,3,1,359,3.7653
76,3,1,360,3.6674
76,3,1,361,3.6721
76,3,1,362,3.6307
76,3,1,363,3.8795
76,3,1,364,3.6678
76,3,1,365,3.6188
76,3,1,366,3.6802
76,3,1,367,3.7155
76,3,1,368,3.7077
76,3,1,369,3.658
76,3,1,370,3.686
76,3,1,371,3.7552
76,3,1,372,3.7504
76,3,1,373,3.6195
76,3,1,374,3.6298
76,3,1,375,3.7804
76,3,1,376,3.7184
76,3,1,377,3.7205
76,3,1,378,3.6258
76,3,1,379,3.6886
76,3,1,380,3.7506
76,3,1,381,3.746
76,3,1,382,3.635
76,3,1,383,3.6791
76,3,1,384,4.0387
76,3,1,385,3.684
76,3,1,386,3.8011
76,3,1,387,3.7297
76,3,1,388,3.8913
76,3,1,389,3.9415
76,3,1,390,3.8742
76,3,1,391,3.8798
76,3,1,392,3.8737
76,3,1,393,3.9443
76,3,1,394,3.8697
76,3,1,395,3.8888
76,3,1,396,3.971
76,3,1,397,3.9695
76,3,1,398,3.8742
76,3,1,399,3.788
76,3,1,400,3.8607
76,3,1,401,3.7703
76,3,1,402,3.6647
76,3,1,403,3.7442
76,3,1,404,3.7318
76,3,1,405,3.86
76,3,1,406,3.7342
76,3,1,407,3.7058
76,3,1,408,3.8131
76,3,1,409,3.7351
76,3,1,410,3.8774
76,3,1,411,3.8776
76,3,1,412,3.8063
76,3,1,413,3.7399
76,3,1,414,3.7202
76,3,1,415,3.7334
76,3,1,416,3.7524
76,3,1,417,3.8277
76,3,1,418,3.6638
76,3,1,419,3.7312
76,3,1,420,3.6924
76,3,1,421,4.0102
76,3,1,422,4.1452
76,3,1,423,3.9276
76,3,1,424,3.9256
76,3,1,425,4.1268
76,3,1,426,4.0348
76,3,1,427,3.9542
76,3,1,428,3.8736
76,3,1,429,4.1901
76,3,1,430,4.0839
76,3,1,431,3.9017
76,3,1,432,3.6711
76,3,1,433,4.0864
76,3,1,434,3.963
76,3,1,435,3.9667
76,3,1,436,3.8307
76,3,1,437,3.7469
76,3,1,438,3.9174
76,3,1,439,3.9149
76,3,1,440,3.8945
76,3,1,441,3.9533
76,3,1,442,3.8493
76,3,1,443,3.8688
76,3,1,444,3.8751
76,3,1,445,3.9109
76,3,1,446,3.8577
76,3,1,447,3.9376
76,3,1,448,3.9972
76,3,1,449,4.0388
76,3,1,450,3.9404
76,3,1,451,3.882
76,3,1,452,3.9263
76,3,1,453,4.7831
76,3,1,454,3.9469
76,3,1,455,3.9204
76,3,1,456,3.8856
76,3,1,457,3.9149
76,3,1,458,3.8675
76,3,1,459,3.8822
76,3,1,460,3.9211
76,3,1,461,3.8168
76,3,1,462,3.9148
76,3,1,463,3.8825
76,3,1,464,3.8731
76,3,1,465,3.9763
76,3,1,466,3.9162
76,3,1,467,3.874
76,3,1,468,3.881
76,3,1,469,3.8997
76,3,1,470,3.9143
76,3,1,471,3.8909
76,3,1,472,3.8918
76,3,1,473,4.1399
76,3,1,474,4.3698
76,3,1,475,4.01
76,3,1,476,4.3197
76,3,1,477,4.0874
76,3,1,478,3.9431
76,3,1,479,3.8789
76,3,1,480,4.0727
76,3,1,481,3.7341
76,3,1,482,3.9685
76,3,1,483,3.661
76,3,1,484,3.9081
76,3,1,485,4.0393
76,3,1,486,4.2442
76,3,1,487,4.0337
76,3,1,488,4.422
76,3,1,489,3.9823
76,3,1,490,4.1471
76,3,1,491,3.9332
76,3,1,492,4.8033
76,3,1,493,4.0083
76,3,1,494,4.0588
76,3,1,495,3.9639
76,3,1,496,4.1671
76,3,1,497,3.9531
76,3,1,498,4.2578
76,3,1,499,4.0808
76,3,1,500,3.9461
76,3,1,501,3.9221
76,3,1,502,3.8735
76,3,1,503,3.9985
76,3,1,504,3.9633
76,3,1,505,3.9116
76,3,1,506,3.9148
76,3,1,507,4.3065
76,3,1,508,3.7357
76,3,1,509,4.364
76,3,1,510,3.7124
76,3,1,511,4.1175
76,3,1,512,3.7759
76,3,1,513,4.449
76,3,1,514,3.7905
76,3,1,515,4.0893
76,3,1,516,3.7588
76,3,1,517,4.1444
76,3,1,518,3.8761
76,3,1,519,4.346
76,3,1,520,3.9719
76,3,1,521,4.0443
76,3,1,522,3.9531
76,3,1,523,4.3459
76,3,1,524,4.024
76,3,1,525,4.6727
76,3,1,526,4.3906
76,3,1,527,3.9426
76,3,1,528,3.9301
76,3,1,529,3.909
76,3,1,530,4.2235
76,3,1,531,4.2941
76,3,1,532,3.979
76,3,1,533,4.216
76,3,1,534,4.3605
76,3,1,535,4.0794
76,3,1,536,3.9288
76,3,1,537,3.9377
76,3,1,538,3.9231
76,3,1,539,4.2143
76,3,1,540,3.7301
76,3,1,541,4.1349
76,3,1,542,3.9322
76,3,1,543,3.7416
76,3,1,544,3.6966
76,3,1,545,3.6341
76,3,1,546,4.2783
76,3,1,547,3.9296
76,3,1,548,4.1587
76,3,1,549,3.9121
76,3,1,550,4.3851
76,3,1,551,3.7648
76,3,1,552,4.3501
76,3,1,553,4.0595
76,3,1,554,4.1741
76,3,1,555,3.9803
76,3,1,556,4.1626
76,3,1,557,3.9885
76,3,1,558,4.0609
76,3,1,559,3.9846
76,3,1,560,4.0297
76,3,1,561,4.1689
76,3,1,562,4.0365
76,3,1,563,4.0582
76,3,1,564,4.0868
76,3,1,565,4.1763
76,3,1,566,4.0971
76,3,1,567,3.9971
76,3,1,568,4.053
76,3,1,569,4.2053
76,3,1,570,4.5354
76,3,1,571,4.0697
76,3,1,572,4.2555
76,3,1,573,4.0095
76,3,1,574,4.3615
76,3,1,575,3.9411
76,3,1,576,4.1279
76,3,1,577,4.2194
76,3,1,578,4.4529
76,3,1,579,4.0873
76,3,1,580,4.213
76,3,1,581,3.9513
76,3,1,582,3.8766
76,3,1,583,4.0337
76,3,1,584,3.9289
76,3,1,585,3.8633
76,3,1,586,3.8644
76,3,1,587,3.9232
76,3,1,588,4.1105
76,3,1,589,4.262
76,3,1,590,4.1938
76,3,1,591,4.0625
76,3,1,592,3.8963
76,3,1,593,3.9008
76,3,1,594,3.892
76,3,1,595,4.0447
76,3,1,596,3.9794
76,3,1,597,3.9239
76,3,1,598,4.0178
76,3,1,599,3.9571
76,3,1,600,3.8884
76,3,1,601,3.8784
76,3,1,602,4.0644
76,3,1,603,4.3853
76,3,1,604,4.0114
76,3,1,605,4.192
76,3,1,606,4.1198
76,3,1,607,3.9567
76,3,1,608,3.9163
76,3,1,609,4.2185
76,3,1,610,4.1217
76,3,1,611,4.0324
76,3,1,612,4.0576
76,3,1,613,4.2072
76,3,1,614,3.8186
76,3,1,615,3.7562
76,3,1,616,3.6615
76,3,1,617,3.7159
76,3,1,618,3.7802
76,3,1,619,3.6046
76,3,1,620,3.6692
76,3,1,621,3.6865
76,3,1,622,3.7583
76,3,1,623,3.7353
76,3,1,624,3.684
76,3,1,625,3.6232
76,3,1,626,3.7384
76,3,1,627,3.6772
76,3,1,628,3.6008
76,3,1,629,3.6724
76,3,1,630,3.764
76,3,1,631,3.718
76,3,1,632,3.6243
76,3,1,633,3.7234
76,3,1,634,3.742
76,3,1,635,3.6463
76,3,1,636,3.6924
76,3,1,637,3.5914
76,3,1,638,3.7318
76,3,1,639,3.7247
76,3,1,640,3.7033
76,3,1,641,3.62
76,3,1,642,3.7025
76,3,1,643,3.8405
76,3,1,644,3.6516
76,3,1,645,3.6941
76,3,1,646,3.6432
76,3,1,647,3.7803
76,3,1,648,3.7051
76,3,1,649,3.7435
76,3,1,650,3.658
76,3,1,651,3.7078
76,3,1,652,3.7117
76,3,1,653,3.695
76,3,1,654,3.6754
76,3,1,655,3.6129
76,3,1,656,3.9898
76,3,1,657,3.6602
76,3,1,658,3.914
76,3,1,659,3.6464
76,3,1,660,4.0213
76,3,1,661,3.8382
76,3,1,662,3.8799
76,3,1,663,3.9516
76,3,1,664,3.8569
76,3,1,665,4.0213
76,3,1,666,3.6899
76,3,1,667,3.9915
76,3,1,668,3.7422
76,3,1,669,3.8
76,3,1,670,3.6452
76,3,1,671,3.6793
76,3,1,672,3.7267
76,3,1,673,3.7363
76,3,1,674,3.6465
76,3,1,675,3.5897
76,3,1,676,3.6999
76,3,1,677,3.6739
76,3,1,678,4.0012
76,3,1,679,3.6662
76,3,1,680,3.9183
76,3,1,681,3.8148
76,3,1,682,3.8669
76,3,1,683,3.6124
76,3,1,684,3.654
76,3,1,685,3.9204
76,3,1,686,3.7231
76,3,1,687,3.7164
76,3,1,688,3.6123
76,3,1,689,4.1969
76,3,1,690,3.782
76,3,1,691,3.7535
76,3,1,692,3.6423
76,3,1,693,4.1974
76,3,1,694,3.9449
76,3,1,695,4.2546
76,3,1,696,3.737
76,3,1,697,3.8535
76,3,1,698,3.8516
76,3,1,699,3.6498
76,3,1,700,3.7764
76,3,1,701,3.7103
76,3,1,702,3.7986
76,3,1,703,3.6317
76,3,1,704,4.1804
76,3,1,705,3.71
76,3,1,706,4.2814
76,3,1,707,3.6712
76,3,1,708,3.9038
76,3,1,709,3.715
76,3,1,710,3.8178
76,3,1,711,3.8275
76,3,1,712,3.6272
76,3,1,713,4.242
76,3,1,714,3.7848
76,3,1,715,3.9429
76,3,1,716,3.6318
76,3,1,717,3.817
76,3,1,718,3.8573
76,3,1,719,3.8702
76,3,1,720,3.7479
76,3,1,721,3.807
76,3,1,722,3.8014
76,3,1,723,3.7259
76,3,1,724,3.8904
76,3,1,725,3.629
76,3,1,726,4.0084
76,3,1,727,3.7365
76,3,1,728,3.7306
76,3,1,729,3.6983
76,3,1,730,3.7585
76,3,1,731,3.6776
76,3,1,732,3.729
76,3,1,733,3.6786
76,3,1,734,3.6188
76,3,1,735,4.1689
76,3,1,736,3.6691
76,3,1,737,3.8332
76,3,1,738,3.6199
76,3,1,739,4.2191
76,3,1,740,3.7388
76,3,1,741,4.1846
76,3,1,742,3.6234
76,3,1,743,4.1325
76,3,1,744,3.69
76,3,1,745,3.8992
76,3,1,746,3.7411
76,3,1,747,4.0835
76,3,1,748,4.0202
76,3,1,749,3.624
76,3,1,750,3.756
76,3,1,751,3.7614
76,3,1,752,3.7386
76,3,1,753,3.6601
76,3,1,754,3.67
76,3,1,755,3.7386
76,3,1,756,3.7071
76,3,1,757,3.6757
76,3,1,758,3.6046
76,3,1,759,3.7854
76,3,1,760,3.6409
76,3,1,761,3.7249
76,3,1,762,3.6197
76,3,1,763,3.8288
76,3,1,764,3.7379
76,3,1,765,3.7297
76,3,1,766,3.6927
76,3,1,767,3.6757
76,3,1,768,4.0902
76,3,1,769,3.6871
76,3,1,770,3.9346
76,3,1,771,3.6411
76,3,1,772,3.9951
76,3,1,773,3.6352
76,3,1,774,3.8481
76,3,1,775,3.796
76,3,1,776,3.8188
76,3,1,777,3.7881
76,3,1,778,3.6467
76,3,1,779,3.7627
76,3,1,780,3.9135
76,3,1,781,3.8653
76,3,1,782,3.878
76,3,1,783,3.8875
76,3,1,784,3.8119
76,3,1,785,3.7616
76,3,1,786,3.7166
76,3,1,787,3.7095
76,3,1,788,3.8061
76,3,1,789,3.6713
76,3,1,790,4.0198
76,3,1,791,3.695
76,3,1,792,4.1127
76,3,1,793,3.7876
76,3,1,794,3.7301
76,3,1,795,3.6155
76,3,1,796,3.7509
76,3,1,797,3.6873
76,3,1,798,3.6659
76,3,1,799,3.63
76,3,1,800,3.5779
76,3,1,801,3.8172
76,3,1,802,3.6099
76,3,1,803,3.7027
76,3,1,804,3.6015
76,3,1,805,3.8461
76,3,1,806,3.6914
76,3,1,807,3.6583
76,3,1,808,3.6741
76,3,1,809,3.8063
76,3,1,810,3.8366
76,3,1,811,3.6562
76,3,1,812,3.7035
76,3,1,813,3.751
76,3,1,814,3.7654
76,3,1,815,3.6302
76,3,1,816,3.6656
76,3,1,817,3.748
76,3,1,818,3.6156
76,3,1,819,3.7641
76,3,1,820,3.6078
76,3,1,821,3.8243
76,3,1,822,3.7439
76,3,1,823,3.7285
76,3,1,824,3.642
76,3,1,825,3.6878
76,3,1,826,3.7821
76,3,1,827,3.5975
76,3,1,828,3.7272
76,3,1,829,3.5921
76,3,1,830,3.8058
76,3,1,831,3.687
76,3,1,832,4.001
76,3,1,833,3.7229
76,3,1,834,3.8888
76,3,1,835,3.9315
76,3,1,836,3.7159
76,3,1,837,3.8387
76,3,1,838,4.1909
76,3,1,839,3.9406
76,3,1,840,3.6785
76,3,1,841,3.9802
76,3,1,842,3.7665
76,3,1,843,3.985
76,3,1,844,3.6909
76,3,1,845,3.987
76,3,1,846,3.8423
76,3,1,847,3.6845
76,3,1,848,3.6006
76,3,1,849,3.6321
76,3,1,850,3.6893
76,3,1,851,3.6279
76,3,1,852,3.667
76,3,1,853,3.5762
76,3,1,854,3.773
76,3,1,855,3.6517
76,3,1,856,3.6967
76,3,1,857,3.6451
76,3,1,858,3.573
76,3,1,859,3.6999
76,3,1,860,3.5823
76,3,1,861,3.9261
76,3,1,862,3.6845
76,3,1,863,4.1105
76,3,1,864,3.751
76,3,1,865,3.8961
76,3,1,866,3.6903
76,3,1,867,3.8879
76,3,1,868,3.8517
76,3,1,869,3.642
76,3,1,870,3.6821
76,3,1,871,3.7522
76,3,1,872,3.9956
76,3,1,873,3.7607
76,3,1,874,3.8194
76,3,1,875,3.8187
76,3,1,876,4.8987
76,3,1,877,4.7517
76,3,1,878,5.0703
76,3,1,879,5.2089
76,3,1,880,4.9972
76,3,1,881,5.1335
76,3,1,882,4.7575
76,3,1,883,5.4756
76,3,1,884,5.2895
76,3,1,885,5.2758
76,3,1,886,5.0536
76,3,1,887,5.8322
76,3,1,888,8.675
76,3,1,889,5.3035
76,3,1,890,5.0615
76,3,1,891,5.0636
76,3,1,892,5.0639
76,3,1,893,8.157
76,3,1,894,9.083
76,3,1,895,5.1932
76,3,1,896,4.9287
76,3,1,897,4.7854
76,3,1,898,4.9591
76,3,1,899,4.9343
76,3,1,900,5.2004
76,3,2,1,4.0346
76,3,2,2,4.0161
76,3,2,3,3.9681
76,3,2,4,3.8777
76,3,2,5,3.881
76,3,2,6,3.9756
76,3,2,7,3.9683
76,3,2,8,3.8763
76,3,2,9,3.8881
76,3,2,10,3.8818
76,3,2,11,3.8386
76,3,2,12,3.625
76,3,2,13,3.7512
76,3,2,14,3.6626
76,3,2,15,4.0555
76,3,2,16,3.7995
76,3,2,17,3.6832
76,3,2,18,3.7208
76,3,2,19,3.7771
76,3,2,20,3.8055
76,3,2,21,3.636
76,3,2,22,3.749
76,3,2,23,4.1797
76,3,2,24,4.3342
76,3,2,25,3.9374
76,3,2,26,3.8354
76,3,2,27,4.192
76,3,2,28,3.8612
76,3,2,29,3.7308
76,3,2,30,3.7488
76,3,2,31,3.9184
76,3,2,32,3.7584
76,3,2,33,3.8323
76,3,2,34,3.618
76,3,2,35,4.1611
76,3,2,36,3.9397
76,3,2,37,3.8785
76,3,2,38,3.7186
76,3,2,39,4.0611
76,3,2,40,3.693
76,3,2,41,3.904
76,3,2,42,3.7659
76,3,2,43,3.8645
76,3,2,44,3.9502
76,3,2,45,3.7776
76,3,2,46,3.8729
76,3,2,47,3.7422
76,3,2,48,3.8671
76,3,2,49,3.6194
76,3,2,50,4.1595
76,3,2,51,3.8309
76,3,2,52,3.8602
76,3,2,53,3.8095
76,3,2,54,3.7417
76,3,2,55,3.8204
76,3,2,56,3.8723
76,3,2,57,3.765
76,3,2,58,3.6423
76,3,2,59,3.7422
76,3,2,60,3.7873
76,3,2,61,4.3462
76,3,2,62,3.6936
76,3,2,63,4.2781
76,3,2,64,3.9025
76,3,2,65,4.004
76,3,2,66,3.6712
76,3,2,67,4.2348
76,3,2,68,3.8558
76,3,2,69,4.0216
76,3,2,70,3.9594
76,3,2,71,3.9108
76,3,2,72,3.9015
76,3,2,73,3.8857
76,3,2,74,3.8515
76,3,2,75,3.7928
76,3,2,76,3.9826
76,3,2,77,3.6329
76,3,2,78,3.6994
76,3,2,79,3.7065
76,3,2,80,3.8024
76,3,2,81,3.6151
76,3,2,82,3.9246
76,3,2,83,3.6771
76,3,2,84,4.0405
76,3,2,85,3.7548
76,3,2,86,3.6726
76,3,2,87,3.7119
76,3,2,88,3.7502
76,3,2,89,3.966
76,3,2,90,3.6641
76,3,2,91,3.9632
76,3,2,92,3.8626
76,3,2,93,3.8189
76,3,2,94,3.6489
76,3,2,95,3.6853
76,3,2,96,3.6393
76,3,2,97,3.632
76,3,2,98,4.7303
76,3,2,99,3.7983
76,3,2,100,4.3546
76,3,2,101,3.9311
76,3,2,102,3.8975
76,3,2,103,3.6355
76,3,2,104,3.7488
76,3,2,105,3.6629
76,3,2,106,3.8913
76,3,2,107,3.6818
76,3,2,108,3.9466
76,3,2,109,3.7482
76,3,2,110,3.9107
76,3,2,111,3.8459
76,3,2,112,3.6304
76,3,2,113,3.7123
76,3,2,114,3.7814
76,3,2,115,3.7599
76,3,2,116,3.6213
76,3,2,117,3.7361
76,3,2,118,3.7177
76,3,2,119,3.7805
76,3,2,120,3.6711
76,3,2,121,3.6402
76,3,2,122,3.8216
76,3,2,123,3.6497
76,3,2,124,3.7583
76,3,2,125,3.6215
76,3,2,126,3.7415
76,3,2,127,3.8803
76,3,2,128,3.9384
76,3,2,129,3.7944
76,3,2,130,3.7648
76,3,2,131,4.1804
76,3,2,132,3.7101
76,3,2,133,4.1044
76,3,2,134,3.9126
76,3,2,135,3.8731
76,3,2,136,3.6224
76,3,2,137,3.9125
76,3,2,138,3.8292
76,3,2,139,4.0475
76,3,2,140,3.6287
76,3,2,141,3.9804
76,3,2,142,3.7125
76,3,2,143,4.4381
76,3,2,144,3.6792
76,3,2,145,3.9304
76,3,2,146,3.7976
76,3,2,147,3.7156
76,3,2,148,3.7369
76,3,2,149,3.6018
76,3,2,150,3.8571
76,3,2,151,3.807
76,3,2,152,3.7148
76,3,2,153,3.6267
76,3,2,154,3.6686
76,3,2,155,3.7357
76,3,2,156,3.7089
76,3,2,157,3.6693
76,3,2,158,3.6111
76,3,2,159,4.3394
76,3,2,160,3.6846
76,3,2,161,3.6915
76,3,2,162,3.6069
76,3,2,163,4.0105
76,3,2,164,3.7283
76,3,2,165,3.7852
76,3,2,166,3.8017
76,3,2,167,3.8137
76,3,2,168,3.8438
76,3,2,169,3.6496
76,3,2,170,4.0766
76,3,2,171,3.7743
76,3,2,172,3.851
76,3,2,173,3.624
76,3,2,174,3.6921
76,3,2,175,3.5953
76,3,2,176,4.0092
76,3,2,177,3.7453
76,3,2,178,3.635
76,3,2,179,3.9865
76,3,2,180,3.7288
76,3,2,181,3.758
76,3,2,182,3.6057
76,3,2,183,3.7092
76,3,2,184,3.7235
76,3,2,185,3.7339
76,3,2,186,3.6266
76,3,2,187,3.6561
76,3,2,188,3.8071
76,3,2,189,3.657
76,3,2,190,3.7158
76,3,2,191,3.6192
76,3,2,192,3.9545
76,3,2,193,3.6873
76,3,2,194,3.7366
76,3,2,195,3.6344
76,3,2,196,3.8543
76,3,2,197,3.9458
76,3,2,198,3.6763
76,3,2,199,3.7598
76,3,2,200,3.629
76,3,2,201,4.2393
76,3,2,202,3.7024
76,3,2,203,3.7664
76,3,2,204,3.6684
76,3,2,205,3.8583
76,3,2,206,3.7148
76,3,2,207,4.5038
76,3,2,208,3.796
76,3,2,209,3.8107
76,3,2,210,3.665
76,3,2,211,3.6188
76,3,2,212,3.702
76,3,2,213,3.6493
76,3,2,214,3.7143
76,3,2,215,3.6321
76,3,2,216,4.0072
76,3,2,217,4.0018
76,3,2,218,4.1237
76,3,2,219,3.792
76,3,2,220,4.1769
76,3,2,221,4.1277
76,3,2,222,4.939
76,3,2,223,4.5532
76,3,2,224,4.3431
76,3,2,225,4.6483
76,3,2,226,4.4278
76,3,2,227,3.8531
76,3,2,228,4.1566
76,3,2,229,3.9174
76,3,2,230,5.2541
76,3,2,231,4.0688
76,3,2,232,4.1246
76,3,2,233,3.7078
76,3,2,234,4.1089
76,3,2,235,3.8139
76,3,2,236,4.1167
76,3,2,237,4.3037
76,3,2,238,4.01
76,3,2,239,3.9945
76,3,2,240,5.3326
76,3,2,241,6.3857
76,3,2,242,5.3117
76,3,2,243,4.146
76,3,2,244,3.7567
76,3,2,245,4.1081
76,3,2,246,6.4087
76,3,2,247,5.2937
76,3,2,248,5.0396
76,3,2,249,6.8837
76,3,2,250,6.0266
76,3,2,251,4.6155
76,3,2,252,4.7681
76,3,2,253,6.8358
76,3,2,254,4.7654
76,3,2,255,3.8559
76,3,2,256,4.5307
76,3,2,257,4.0403
76,3,2,258,3.8152
76,3,2,259,3.6082
76,3,2,260,3.7824
76,3,2,261,3.8651
76,3,2,262,3.7192
76,3,2,263,3.673
76,3,2,264,3.7087
76,3,2,265,4.0703
76,3,2,266,3.7308
76,3,2,267,4.2012
76,3,2,268,3.6689
76,3,2,269,4.0885
76,3,2,270,4.0092
76,3,2,271,4.1342
76,3,2,272,3.7377
76,3,2,273,3.8546
76,3,2,274,3.6696
76,3,2,275,3.6803
76,3,2,276,3.6356
76,3,2,277,3.7916
76,3,2,278,3.7603
76,3,2,279,3.667
76,3,2,280,3.6941
76,3,2,281,3.803
76,3,2,282,3.8778
76,3,2,283,3.7306
76,3,2,284,3.759
76,3,2,285,3.7444
76,3,2,286,3.7781
76,3,2,287,3.7502
76,3,2,288,3.7659
76,3,2,289,3.8556
76,3,2,290,3.7942
76,3,2,291,3.8498
76,3,2,292,3.8619
76,3,2,293,3.9535
76,3,2,294,3.979
76,3,2,295,3.9142
76,3,2,296,3.8908
76,3,2,297,4.2489
76,3,2,298,4.0592
76,3,2,299,3.8786
76,3,2,300,3.7817
76,3,2,301,3.8234
76,3,2,302,3.9302
76,3,2,303,3.6884
76,3,2,304,3.8526
76,3,2,305,3.7321
76,3,2,306,3.9141
76,3,2,307,3.6434
76,3,2,308,3.8202
76,3,2,309,3.6328
76,3,2,310,4.4808
76,3,2,311,3.9948
76,3,2,312,4.1819
76,3,2,313,3.7844
76,3,2,314,4.1725
76,3,2,315,4.014
76,3,2,316,3.9155
76,3,2,317,3.7409
76,3,2,318,3.7698
76,3,2,319,3.6468
76,3,2,320,3.6439
76,3,2,321,3.6888
76,3,2,322,3.7246
76,3,2,323,3.8426
76,3,2,324,3.6235
76,3,2,325,3.7049
76,3,2,326,4.4979
76,3,2,327,4.7026
76,3,2,328,3.6587
76,3,2,329,3.6826
76,3,2,330,3.7177
76,3,2,331,3.7092
76,3,2,332,3.8011
76,3,2,333,3.6999
76,3,2,334,3.8596
76,3,2,335,3.8014
76,3,2,336,3.7282
76,3,2,337,3.6196
76,3,2,338,3.8514
76,3,2,339,3.8754
76,3,2,340,4.0092
76,3,2,341,4.0225
76,3,2,342,3.8
76,3,2,343,3.8178
76,3,2,344,3.67
76,3,2,345,3.7765
76,3,2,346,3.6068
76,3,2,347,3.7983
76,3,2,348,3.6126
76,3,2,349,3.6814
76,3,2,350,3.6346
76,3,2,351,4.0893
76,3,2,352,3.7387
76,3,2,353,3.6231
76,3,2,354,4.0675
76,3,2,355,3.8484
76,3,2,356,3.8887
76,3,2,357,3.6411
76,3,2,358,3.6981
76,3,2,359,3.9184
76,3,2,360,3.8837
76,3,2,361,3.6314
76,3,2,362,3.7054
76,3,2,363,3.7062
76,3,2,364,3.6887
76,3,2,365,3.6695
76,3,2,366,3.6083
76,3,2,367,3.6997
76,3,2,368,3.7341
76,3,2,369,3.7812
76,3,2,370,3.7375
76,3,2,371,3.8662
76,3,2,372,3.8779
76,3,2,373,3.8927
76,3,2,374,3.6411
76,3,2,375,3.6346
76,3,2,376,3.7574
76,3,2,377,3.6215
76,3,2,378,3.7215
76,3,2,379,3.6468
76,3,2,380,5.3277
76,3,2,381,4.0179
76,3,2,382,3.8824
76,3,2,383,3.7027
76,3,2,384,3.8455
76,3,2,385,3.6708
76,3,2,386,3.6993
76,3,2,387,3.6533
76,3,2,388,3.8241
76,3,2,389,3.779
76,3,2,390,3.7417
76,3,2,391,4.0934
76,3,2,392,3.8244
76,3,2,393,3.8034
76,3,2,394,3.6618
76,3,2,395,3.9095
76,3,2,396,4.8603
76,3,2,397,4.3489
76,3,2,398,3.662
76,3,2,399,4.0475
76,3,2,400,3.9966
76,3,2,401,3.8005
76,3,2,402,3.6407
76,3,2,403,3.6437
76,3,2,404,4.004
76,3,2,405,3.7779
76,3,2,406,3.915
76,3,2,407,3.6484
76,3,2,408,4.0904
76,3,2,409,3.7082
76,3,2,410,4.0314
76,3,2,411,3.6746
76,3,2,412,4.125
76,3,2,413,3.7272
76,3,2,414,3.9742
76,3,2,415,3.6483
76,3,2,416,3.7987
76,3,2,417,3.6945
76,3,2,418,3.6133
76,3,2,419,3.7226
76,3,2,420,3.6853
76,3,2,421,3.9745
76,3,2,422,3.6606
76,3,2,423,4.0088
76,3,2,424,3.7877
76,3,2,425,3.7042
76,3,2,426,3.6095
76,3,2,427,3.6221
76,3,2,428,3.6714
76,3,2,429,3.808
76,3,2,430,3.7157
76,3,2,431,3.6144
76,3,2,432,3.703
76,3,2,433,3.8513
76,3,2,434,3.9401
76,3,2,435,3.7848
76,3,2,436,3.7852
76,3,2,437,3.8329
76,3,2,438,3.6137
76,3,2,439,3.7732
76,3,2,440,3.634
76,3,2,441,4.0373
76,3,2,442,3.9393
76,3,2,443,3.8458
76,3,2,444,3.6421
76,3,2,445,4.0763
76,3,2,446,3.7831
76,3,2,447,3.6713
76,3,2,448,3.6479
76,3,2,449,3.73
76,3,2,450,3.7888
76,3,2,451,3.7343
76,3,2,452,3.7421
76,3,2,453,3.7696
76,3,2,454,4.0328
76,3,2,455,3.7073
76,3,2,456,3.9756
76,3,2,457,3.7563
76,3,2,458,3.7319
76,3,2,459,3.7855
76,3,2,460,3.6767
76,3,2,461,3.8318
76,3,2,462,3.6239
76,3,2,463,3.9144
76,3,2,464,3.6519
76,3,2,465,3.9052
76,3,2,466,3.7139
76,3,2,467,3.6921
76,3,2,468,3.6421
76,3,2,469,3.6389
76,3,2,470,4.227
76,3,2,471,3.6982
76,3,2,472,3.9571
76,3,2,473,3.5944
76,3,2,474,4.1172
76,3,2,475,3.6762
76,3,2,476,3.9774
76,3,2,477,3.7929
76,3,2,478,4.2661
76,3,2,479,3.8231
76,3,2,480,3.9077
76,3,2,481,3.7393
76,3,2,482,3.8163
76,3,2,483,3.7278
76,3,2,484,3.6069
76,3,2,485,3.7218
76,3,2,486,3.7374
76,3,2,487,3.8063
76,3,2,488,3.6175
76,3,2,489,3.6729
76,3,2,490,3.6955
76,3,2,491,3.7335
76,3,2,492,3.6282
76,3,2,493,3.6493
76,3,2,494,3.8127
76,3,2,495,3.6081
76,3,2,496,4.0088
76,3,2,497,3.6759
76,3,2,498,3.9207
76,3,2,499,3.7662
76,3,2,500,3.6936
76,3,2,501,3.6586
76,3,2,502,3.7712
76,3,2,503,3.7393
76,3,2,504,3.6061
76,3,2,505,3.7964
76,3,2,506,3.6694
76,3,2,507,3.8099
76,3,2,508,3.6204
76,3,2,509,3.7031
76,3,2,510,3.6029
76,3,2,511,3.8025
76,3,2,512,3.6854
76,3,2,513,3.6109
76,3,2,514,3.6932
76,3,2,515,3.7886
76,3,2,516,3.7275
76,3,2,517,3.6191
76,3,2,518,3.9028
76,3,2,519,3.8355
76,3,2,520,3.6987
76,3,2,521,3.6701
76,3,2,522,3.6051
76,3,2,523,3.773
76,3,2,524,3.6333
76,3,2,525,3.7224
76,3,2,526,3.603
76,3,2,527,3.7066
76,3,2,528,3.672
76,3,2,529,3.6701
76,3,2,530,3.6767
76,3,2,531,3.6262
76,3,2,532,3.8185
76,3,2,533,3.6501
76,3,2,534,3.7001
76,3,2,535,3.628
76,3,2,536,3.8772
76,3,2,537,3.7725
76,3,2,538,3.6448
76,3,2,539,3.7024
76,3,2,540,3.7044
76,3,2,541,4.2504
76,3,2,542,3.7736
76,3,2,543,3.9018
76,3,2,544,3.8131
76,3,2,545,3.941
76,3,2,546,3.6272
76,3,2,547,3.9211
76,3,2,548,3.8597
76,3,2,549,3.9262
76,3,2,550,3.644
76,3,2,551,3.6263
76,3,2,552,3.7315
76,3,2,553,3.6136
76,3,2,554,3.6899
76,3,2,555,3.5941
76,3,2,556,3.6958
76,3,2,557,3.7772
76,3,2,558,3.7875
76,3,2,559,3.6187
76,3,2,560,3.6063
76,3,2,561,4.1027
76,3,2,562,3.7365
76,3,2,563,3.7899
76,3,2,564,3.6719
76,3,2,565,3.8782
76,3,2,566,3.6971
76,3,2,567,3.6808
76,3,2,568,3.6144
76,3,2,569,3.9641
76,3,2,570,3.9503
76,3,2,571,3.665
76,3,2,572,3.8276
76,3,2,573,3.7099
76,3,2,574,4.1503
76,3,2,575,3.6786
76,3,2,576,4.1456
76,3,2,577,3.8565
76,3,2,578,4.2565
76,3,2,579,3.6912
76,3,2,580,4.2722
76,3,2,581,3.9148
76,3,2,582,4.3224
76,3,2,583,3.6795
76,3,2,584,3.7992
76,3,2,585,3.8863
76,3,2,586,3.8168
76,3,2,587,4.0123
76,3,2,588,3.7072
76,3,2,589,4.0239
76,3,2,590,3.6582
76,3,2,591,3.9915
76,3,2,592,3.658
76,3,2,593,3.8717
76,3,2,594,3.8302
76,3,2,595,3.8797
76,3,2,596,3.6474
76,3,2,597,3.7694
76,3,2,598,3.8446
76,3,2,599,3.7101
76,3,2,600,3.7489
76,3,2,601,3.742
76,3,2,602,3.9938
76,3,2,603,3.6401
76,3,2,604,3.8132
76,3,2,605,3.7489
76,3,2,606,4.2047
76,3,2,607,3.6754
76,3,2,608,3.8628
76,3,2,609,3.8746
76,3,2,610,3.8378
76,3,2,611,3.8515
76,3,2,612,3.7245
76,3,2,613,3.7842
76,3,2,614,3.7605
76,3,2,615,3.8196
76,3,2,616,3.6494
76,3,2,617,3.7676
76,3,2,618,3.8335
76,3,2,619,3.793
76,3,2,620,3.7056
76,3,2,621,3.6803
76,3,2,622,3.825
76,3,2,623,3.6485
76,3,2,624,3.9534
76,3,2,625,3.6606
76,3,2,626,3.9278
76,3,2,627,3.6938
76,3,2,628,4.0612
76,3,2,629,3.7196
76,3,2,630,4.3962
76,3,2,631,4.3151
76,3,2,632,4.4967
76,3,2,633,4.4471
76,3,2,634,6.4001
76,3,2,635,6.6895
76,3,2,636,5.5325
76,3,2,637,5.0297
76,3,2,638,5.4752
76,3,2,639,5.3676
76,3,2,640,5.6649
76,3,2,641,7.5888
76,3,2,642,8.0557
76,3,2,643,4.0664
76,3,2,644,4.0758
76,3,2,645,3.7353
76,3,2,646,4.0869
76,3,2,647,3.6976
76,3,2,648,4.4326
76,3,2,649,3.7875
76,3,2,650,4.1278
76,3,2,651,4.9697
76,3,2,652,5.0377
76,3,2,653,4.9569
76,3,2,654,3.8838
76,3,2,655,4.3141
76,3,2,656,5.161
76,3,2,657,4.4533
76,3,2,658,4.1911
76,3,2,659,4.3735
76,3,2,660,4.7338
76,3,2,661,4.3444
76,3,2,662,3.959
76,3,2,663,4.2967
76,3,2,664,3.9578
76,3,2,665,4.8557
76,3,2,666,3.9849
76,3,2,667,4.5471
76,3,2,668,4.7781
76,3,2,669,4.1423
76,3,2,670,3.745
76,3,2,671,3.9148
76,3,2,672,3.7289
76,3,2,673,3.9494
76,3,2,674,3.6549
76,3,2,675,4.0962
76,3,2,676,3.7148
76,3,2,677,4.0579
76,3,2,678,3.6826
76,3,2,679,4.3382
76,3,2,680,4.0493
76,3,2,681,3.8436
76,3,2,682,4.1751
76,3,2,683,3.7758
76,3,2,684,3.6954
76,3,2,685,3.6455
76,3,2,686,3.7742
76,3,2,687,3.6686
76,3,2,688,4.0028
76,3,2,689,3.6688
76,3,2,690,3.9586
76,3,2,691,3.7324
76,3,2,692,4.611
76,3,2,693,3.6855
76,3,2,694,3.6975
76,3,2,695,3.605
76,3,2,696,3.872
76,3,2,697,3.7002
76,3,2,698,3.6162
76,3,2,699,3.7238
76,3,2,700,3.8424
76,3,2,701,3.7827
76,3,2,702,3.6155
76,3,2,703,3.7081
76,3,2,704,3.9
76,3,2,705,3.8076
76,3,2,706,3.6676
76,3,2,707,3.6427
76,3,2,708,3.7551
76,3,2,709,3.6438
76,3,2,710,3.8902
76,3,2,711,3.7806
76,3,2,712,3.7265
76,3,2,713,3.7819
76,3,2,714,4.2046
76,3,2,715,3.8023
76,3,2,716,4.1339
76,3,2,717,3.9898
76,3,2,718,3.8329
76,3,2,719,3.6538
76,3,2,720,3.6883
76,3,2,721,3.7846
76,3,2,722,3.6085
76,3,2,723,3.673
76,3,2,724,3.5959
76,3,2,725,4.0412
76,3,2,726,3.81
76,3,2,727,3.9453
76,3,2,728,3.8359
76,3,2,729,3.7918
76,3,2,730,3.7438
76,3,2,731,3.6385
76,3,2,732,3.7317
76,3,2,733,3.7161
76,3,2,734,3.8744
76,3,2,735,3.6944
76,3,2,736,3.7276
76,3,2,737,3.7463
76,3,2,738,3.7279
76,3,2,739,3.6848
76,3,2,740,3.6333
76,3,2,741,3.8284
76,3,2,742,3.7104
76,3,2,743,3.863
76,3,2,744,3.7047
76,3,2,745,3.7923
76,3,2,746,3.6711
76,3,2,747,3.7358
76,3,2,748,3.6395
76,3,2,749,3.6735
76,3,2,750,3.8446
76,3,2,751,3.6526
76,3,2,752,4.0483
76,3,2,753,3.6295
76,3,2,754,3.8964
76,3,2,755,3.639
76,3,2,756,3.7734
76,3,2,757,3.6793
76,3,2,758,4.0292
76,3,2,759,3.7168
76,3,2,760,3.7038
76,3,2,761,3.7347
76,3,2,762,3.7182
76,3,2,763,3.9825
76,3,2,764,3.6419
76,3,2,765,3.7262
76,3,2,766,3.8157
76,3,2,767,3.7484
76,3,2,768,3.6643
76,3,2,769,3.6715
76,3,2,770,3.7608
76,3,2,771,3.7393
76,3,2,772,3.8164
76,3,2,773,3.6419
76,3,2,774,3.8207
76,3,2,775,3.7182
76,3,2,776,3.7969
76,3,2,777,3.6328
76,3,2,778,3.6743
76,3,2,779,3.7092
76,3,2,780,3.7268
76,3,2,781,3.6616
76,3,2,782,3.6041
76,3,2,783,3.8061
76,3,2,784,3.6696
76,3,2,785,3.6732
76,3,2,786,3.5971
76,3,2,787,3.8164
76,3,2,788,3.6253
76,3,2,789,3.6008
76,3,2,790,3.6681
76,3,2,791,3.7685
76,3,2,792,3.7586
76,3,2,793,3.6407
76,3,2,794,3.6849
76,3,2,795,3.7173
76,3,2,796,3.661
76,3,2,797,3.6193
76,3,2,798,3.6219
76,3,2,799,3.83
76,3,2,800,3.653
76,3,2,801,3.6673
76,3,2,802,3.5976
76,3,2,803,3.7137
76,3,2,804,3.7557
76,3,2,805,3.6583
76,3,2,806,3.6409
76,3,2,807,3.6463
76,3,2,808,3.8248
76,3,2,809,3.6141
76,3,2,810,3.6701
76,3,2,811,3.5948
76,3,2,812,4.0911
76,3,2,813,3.973
76,3,2,814,3.9019
76,3,2,815,4.0234
76,3,2,816,3.9917
76,3,2,817,3.8638
76,3,2,818,3.8496
76,3,2,819,3.9018
76,3,2,820,3.8568
76,3,2,821,4.1917
76,3,2,822,3.8841
76,3,2,823,3.9804
76,3,2,824,4.0644
76,3,2,825,4.2498
76,3,2,826,3.9588
76,3,2,827,4.4274
76,3,2,828,4.1528
76,3,2,829,4.0997
76,3,2,830,3.8892
76,3,2,831,3.903
76,3,2,832,3.8551
76,3,2,833,3.8507
76,3,2,834,3.8487
76,3,2,835,3.8498
76,3,2,836,3.8783
76,3,2,837,3.8299
76,3,2,838,3.8497
76,3,2,839,3.8983
76,3,2,840,3.8654
76,3,2,841,3.8882
76,3,2,842,3.9218
76,3,2,843,3.8627
76,3,2,844,3.977
76,3,2,845,3.8654
76,3,2,846,3.8284
76,3,2,847,4.0699
76,3,2,848,4.1746
76,3,2,849,3.955
76,3,2,850,3.8852
76,3,2,851,3.8687
76,3,2,852,3.9317
76,3,2,853,4.0177
76,3,2,854,4.1057
76,3,2,855,3.9864
76,3,2,856,3.9116
76,3,2,857,4.0282
76,3,2,858,3.9491
76,3,2,859,4.0512
76,3,2,860,3.906
76,3,2,861,3.9607
76,3,2,862,3.9265
76,3,2,863,4.045
76,3,2,864,3.8485
76,3,2,865,4.3561
76,3,2,866,3.9333
76,3,2,867,4.035
76,3,2,868,3.856
76,3,2,869,3.967
76,3,2,870,3.6682
76,3,2,871,3.9293
76,3,2,872,3.6687
76,3,2,873,3.6698
76,3,2,874,4.0137
76,3,2,875,4.5582
76,3,2,876,4.9266
76,3,2,877,5.0162
76,3,2,878,4.681
76,3,2,879,4.6042
76,3,2,880,4.4816
76,3,2,881,4.752
76,3,2,882,4.6025
76,3,2,883,4.5382
76,3,2,884,4.9801
76,3,2,885,4.7382
76,3,2,886,4.5689
76,3,2,887,4.7041
76,3,2,888,4.7853
76,3,2,889,4.7817
76,3,2,890,4.8135
76,3,2,891,4.9496
76,3,2,892,4.9461
76,3,2,893,4.7181
76,3,2,894,4.9261
76,3,2,895,4.9148
76,3,2,896,4.8905
76,3,2,897,5.0822
76,3,2,898,4.666
76,3,2,899,4.6568
76,3,2,900,4.6494
