k1,sp1,penetration,mode,seed,comp,fuelL,perveh_mL,perkm_L100,co2_gkm,sigma_v,a_rms,stop_veh_s,min_gap,n_hard,n_abort,final_gap_violation,pre_gap_violation,n_gap_correction,n_safety,v_mean,n_merged
25,40,0,1,0,100,4.1917725,349.31437,7.307335,168.56633,6.7974844,0.44769786,352.7,2,0,0,0,0,0,4964,16.796472,12
25,40,0,1,1,100,4.1903799,349.19833,7.301855,168.43992,6.792784,0.44648066,351.4,2,0,0,0,0,0,4967,16.803497,12
25,40,0,1,2,100,4.1932189,349.43491,7.3103721,168.6364,6.7878656,0.4437324,350.9,2,0,0,0,0,0,4960,16.795245,12
25,40,0,1,3,100,4.1913683,349.28069,7.304144,168.49272,6.7934059,0.44582275,352,2,0,0,0,0,0,4974,16.802176,12
25,40,0,1,4,100,4.1917796,349.31496,7.3087171,168.59822,6.7948135,0.4467922,352.6,2,0,0,0,0,0,4983,16.793324,12
25,40,0,1,5,100,4.1893032,349.1086,7.3020058,168.4434,6.7935519,0.44492995,352,2,0,0,0,0,0,4971,16.79883,12
25,40,0,1,6,100,4.1867089,348.89241,7.2960959,168.30707,6.7971487,0.44681367,352.1,2,0,0,0,0,0,4982,16.802071,12
25,40,0,1,7,100,4.1916406,349.30338,7.3052963,168.51931,6.7929483,0.44630815,351.3,2,0,0,0,0,0,4959,16.800639,12
25,40,0,1,8,100,4.1882702,349.02252,7.3001794,168.40127,6.7971776,0.44577922,353,2,0,0,0,0,0,4970,16.798906,12
25,40,0,1,9,100,4.1933354,349.44461,7.3097106,168.62114,6.7983819,0.44425771,352,2,0,0,0,0,0,4975,16.797245,12
25,40,0,1,10,100,4.1908944,349.2412,7.3034402,168.47649,6.7937997,0.44651972,351.3,2,0,0,0,0,0,4956,16.801916,12
25,40,0,1,11,100,4.1910949,349.25791,7.3054033,168.52177,6.7877774,0.44746565,350.2,2,0,0,0,0,0,4966,16.798225,12
25,40,0,1,12,100,4.1874103,348.95086,7.2963681,168.31335,6.7950759,0.44570193,351.4,2,0,0,0,0,0,4971,16.804234,12
25,40,0,1,13,100,4.1939287,349.49406,7.3114186,168.66054,6.7927663,0.44597559,352.1,2,0,0,0,0,0,4978,16.79572,12
25,40,0,1,14,100,4.1915298,349.29415,7.309413,168.61427,6.802856,0.44356056,353.5,2,0,0,0,0,0,4985,16.790691,12
25,40,0,1,15,100,4.1955843,349.63202,7.3128924,168.69453,6.7915105,0.44550109,351.4,2,0,0,0,0,0,4960,16.798917,12
25,40,0,1,16,100,4.1909416,349.24513,7.3048992,168.51015,6.7905209,0.44436441,351.2,2,0,0,0,0,0,4975,16.798726,12
25,40,0,1,17,100,4.1955479,349.62899,7.3147127,168.73652,6.7888597,0.44713518,351.2,2,0,0,0,0,0,4964,16.794633,12
25,40,0,1,18,100,4.1881688,349.01407,7.3000351,168.39794,6.7961214,0.44684567,352.1,2,0,0,0,0,0,4973,16.798822,12
25,40,0,1,19,100,4.1873705,348.94754,7.297434,168.33794,6.7929854,0.4462112,351.2,2,0,0,0,0,0,4996,16.801623,12
25,40,0,2,0,100,4.1917725,349.31437,7.307335,168.56633,6.7974844,0.44769786,352.7,2,0,0,0,0,0,4964,16.796472,12
25,40,0,2,1,100,4.1903799,349.19833,7.301855,168.43992,6.792784,0.44648066,351.4,2,0,0,0,0,0,4967,16.803497,12
25,40,0,2,2,100,4.1932189,349.43491,7.3103721,168.6364,6.7878656,0.4437324,350.9,2,0,0,0,0,0,4960,16.795245,12
25,40,0,2,3,100,4.1913683,349.28069,7.304144,168.49272,6.7934059,0.44582275,352,2,0,0,0,0,0,4974,16.802176,12
25,40,0,2,4,100,4.1917796,349.31496,7.3087171,168.59822,6.7948135,0.4467922,352.6,2,0,0,0,0,0,4983,16.793324,12
25,40,0,2,5,100,4.1893032,349.1086,7.3020058,168.4434,6.7935519,0.44492995,352,2,0,0,0,0,0,4971,16.79883,12
25,40,0,2,6,100,4.1867089,348.89241,7.2960959,168.30707,6.7971487,0.44681367,352.1,2,0,0,0,0,0,4982,16.802071,12
25,40,0,2,7,100,4.1916406,349.30338,7.3052963,168.51931,6.7929483,0.44630815,351.3,2,0,0,0,0,0,4959,16.800639,12
25,40,0,2,8,100,4.1882702,349.02252,7.3001794,168.40127,6.7971776,0.44577922,353,2,0,0,0,0,0,4970,16.798906,12
25,40,0,2,9,100,4.1933354,349.44461,7.3097106,168.62114,6.7983819,0.44425771,352,2,0,0,0,0,0,4975,16.797245,12
25,40,0,2,10,100,4.1908944,349.2412,7.3034402,168.47649,6.7937997,0.44651972,351.3,2,0,0,0,0,0,4956,16.801916,12
25,40,0,2,11,100,4.1910949,349.25791,7.3054033,168.52177,6.7877774,0.44746565,350.2,2,0,0,0,0,0,4966,16.798225,12
25,40,0,2,12,100,4.1874103,348.95086,7.2963681,168.31335,6.7950759,0.44570193,351.4,2,0,0,0,0,0,4971,16.804234,12
25,40,0,2,13,100,4.1939287,349.49406,7.3114186,168.66054,6.7927663,0.44597559,352.1,2,0,0,0,0,0,4978,16.79572,12
25,40,0,2,14,100,4.1915298,349.29415,7.309413,168.61427,6.802856,0.44356056,353.5,2,0,0,0,0,0,4985,16.790691,12
25,40,0,2,15,100,4.1955843,349.63202,7.3128924,168.69453,6.7915105,0.44550109,351.4,2,0,0,0,0,0,4960,16.798917,12
25,40,0,2,16,100,4.1909416,349.24513,7.3048992,168.51015,6.7905209,0.44436441,351.2,2,0,0,0,0,0,4975,16.798726,12
25,40,0,2,17,100,4.1955479,349.62899,7.3147127,168.73652,6.7888597,0.44713518,351.2,2,0,0,0,0,0,4964,16.794633,12
25,40,0,2,18,100,4.1881688,349.01407,7.3000351,168.39794,6.7961214,0.44684567,352.1,2,0,0,0,0,0,4973,16.798822,12
25,40,0,2,19,100,4.1873705,348.94754,7.297434,168.33794,6.7929854,0.4462112,351.2,2,0,0,0,0,0,4996,16.801623,12
25,40,0.25,1,0,100,4.3542899,362.85749,7.5182085,173.43079,6.8549571,0.49271722,346.7,2,0,0,0,0,0,8525,16.958167,12
25,40,0.25,1,1,100,4.3305744,360.8812,7.4838885,172.63909,6.904766,0.53145213,365.8,2,0,0,0,0,0,9511,16.943315,12
25,40,0.25,1,2,100,4.3056872,358.80727,7.4081939,170.89296,6.9066793,0.49565476,357.5,2,0,0,0,0,0,10062,17.017567,12
25,40,0.25,1,3,100,4.3043422,358.69518,7.4124264,170.99059,6.9595672,0.49391401,363.8,2,0,0,0,0,0,9672,17.002566,12
25,40,0.25,1,4,100,4.2919281,357.66067,7.4073135,170.87265,6.9069827,0.49799877,361.6,2,0,0,0,0,0,10025,16.965497,12
25,40,0.25,1,5,100,4.3810269,365.08558,7.5661934,174.53771,7.0209641,0.55183253,384.2,2,0,0,0,0,0,10476,16.954247,12
25,40,0.25,1,6,100,4.3249258,360.41048,7.4616316,172.12566,7.0174205,0.52530744,379.3,2,0,0,0,0,0,9926,16.971381,12
25,40,0.25,1,7,100,4.3388807,361.57339,7.4766797,172.47279,6.8541615,0.48191542,345.3,2,0,0,0,0,0,9499,16.991996,12
25,40,0.25,1,8,100,4.3334488,361.12073,7.4776845,172.49597,6.9481317,0.52497633,371.1,2,0,0,0,0,0,10361,16.968283,12
25,40,0.25,1,9,100,4.4280818,369.00682,7.6633676,176.77933,6.8654034,0.51265161,347.2,2,0,0,0,0,0,9983,16.918956,12
25,40,0.25,1,10,100,4.4160581,368.00484,7.6830438,177.23322,6.9957526,0.57234218,379.4,2,0,0,0,0,0,9447,16.830236,12
25,40,0.25,1,11,100,4.3548019,362.90016,7.4757807,172.45206,6.8445984,0.47978108,340.7,2,0,0,0,0,0,8741,17.056344,12
25,40,0.25,1,12,100,4.3624529,363.53774,7.5227718,173.53605,6.8611045,0.48875009,346.9,2,0,0,0,0,0,9276,16.97968,12
25,40,0.25,1,13,100,4.3205504,360.04587,7.4885525,172.74668,6.9302534,0.51654511,370.5,2,0,0,0,0,0,9694,16.893591,12
25,40,0.25,1,14,100,4.3790571,364.92142,7.5379507,173.8862,7.0243866,0.53681527,378.2,2,0,0,0,0,0,10483,17.009959,12
25,40,0.25,1,15,100,4.3538718,362.82265,7.5182069,173.43075,6.8378706,0.48743567,345.4,2,0,0,0,0,0,9360,16.956505,12
25,40,0.25,1,16,100,4.3129888,359.41573,7.4772957,172.48701,6.920208,0.52905501,371.1,2,0,0,0,0,0,9572,16.889327,12
25,40,0.25,1,17,100,4.3812607,365.10505,7.5443902,174.03475,7.0077715,0.53411716,375,2,0,0,0,0,0,10444,17.003988,12
25,40,0.25,1,18,100,4.3114212,359.2851,7.4393082,171.61071,6.910211,0.51060986,361.6,2,0,0,0,0,0,10636,16.96947,12
25,40,0.25,1,19,100,4.345372,362.11433,7.5204552,173.48261,6.8982256,0.52680439,361.2,2,0,0,0,0,0,9429,16.918487,12
25,40,0.25,2,0,100,4.2533499,354.44582,7.3081162,168.58436,6.7829993,0.44706434,337.1,2,0,0,0,0,0,9170,17.041111,12
25,40,0.25,2,1,100,4.2724604,356.03836,7.3187685,168.83008,6.8171304,0.4454791,338.2,2,0,0,0,0,0,10066,17.092752,12
25,40,0.25,2,2,100,4.2760861,356.34051,7.3259107,168.99484,6.805394,0.4428744,336.5,2,0,0,0,0,0,10092,17.090518,12
25,40,0.25,2,3,100,4.2831206,356.92672,7.3350569,169.20583,6.8712006,0.44442876,343.6,2,0,0,0,0,0,9963,17.097355,12
25,40,0.25,2,4,100,4.2624842,355.20701,7.3249797,168.97336,6.8061768,0.44632861,340.6,2,0,0,0,0,0,10025,17.038414,12
25,40,0.25,2,5,100,4.2759948,356.3329,7.3297402,169.08318,6.8708347,0.44366515,346,2,0,0,0,0,0,10902,17.081314,12
25,40,0.25,2,6,100,4.2689868,355.7489,7.3229469,168.92647,6.8818108,0.44536206,347.3,2,0,0,0,0,0,10077,17.069203,12
25,40,0.25,2,7,100,4.257341,354.77842,7.310183,168.63203,6.7992334,0.44520798,338.1,2,0,0,0,0,0,10017,17.0523,12
25,40,0.25,2,8,100,4.2770515,356.42096,7.329493,169.07748,6.8268491,0.44545968,341,2,0,0,0,0,0,10812,17.086103,12
25,40,0.25,2,9,100,4.2589068,354.9089,7.3081151,168.58433,6.7750966,0.44354613,335.2,2,0,0,0,0,0,10926,17.063322,12
25,40,0.25,2,10,100,4.2840593,357.00494,7.3494002,169.5367,6.8960578,0.44590165,348.9,2,0,0,0,0,0,10655,17.067786,12
25,40,0.25,2,11,100,4.2763643,356.36369,7.3173025,168.79627,6.809652,0.44610874,334.6,2,0,0,0,0,0,9201,17.111791,12
25,40,0.25,2,12,100,4.2611136,355.0928,7.3199315,168.85691,6.8361183,0.4452106,343,2,0,0,0,0,0,9990,17.044718,12
25,40,0.25,2,13,100,4.2588659,354.90549,7.3272213,169.02507,6.8318042,0.44509695,344.9,2,0,0,0,0,0,10110,17.018766,12
25,40,0.25,2,14,100,4.2947074,357.89228,7.3392688,169.30299,6.8858337,0.44170512,343.9,2,0,0,0,0,0,10906,17.133705,12
25,40,0.25,2,15,100,4.258453,354.87109,7.3249814,168.9734,6.8018291,0.44507457,340.6,2,0,0,0,0,0,10011,17.022262,12
25,40,0.25,2,16,100,4.2526572,354.3881,7.3161011,168.76855,6.8388417,0.44317293,345.2,2,0,0,0,0,0,10099,17.019783,12
25,40,0.25,2,17,100,4.305568,358.79734,7.3633594,169.85871,6.8721462,0.44640287,342.8,2,0,0,0,0,0,10842,17.120879,12
25,40,0.25,2,18,100,4.2681787,355.68156,7.3152914,168.74987,6.8461031,0.44540019,342.5,2,0,0,0,0,0,10910,17.08375,12
25,40,0.25,2,19,100,4.2714543,355.95452,7.3161411,168.76947,6.8197709,0.44551918,338,2,0,0,0,0,0,10000,17.094871,12
25,40,0.5,1,0,100,4.5483513,379.02927,7.8226557,180.4538,7.1099882,0.54842316,362.7,2,0,0,0,0,0,12005,17.024663,12
25,40,0.5,1,1,100,4.4352917,369.60764,7.5847626,174.96606,6.8759028,0.54790592,350.1,2,0,0,0,0,0,13836,17.122172,12
25,40,0.5,1,2,100,4.5085216,375.71013,7.6625404,176.76025,7.077515,0.56692288,375.6,2,0,0,0,0,0,13364,17.227984,12
25,40,0.5,1,3,100,4.4575583,371.46319,7.5727122,174.68808,7.0143531,0.52327821,357.9,2,0,0,0,0,0,10646,17.234919,12
25,40,0.5,1,4,100,4.3588948,363.24123,7.3858911,170.37847,6.8311209,0.49448225,335.3,2,0,0,0,0,0,14603,17.279846,12
25,40,0.5,1,5,100,4.5446482,378.72069,7.7170483,178.01764,7.0980617,0.57912219,377.2,2,0,0,0,0,0,13684,17.243048,12
25,40,0.5,1,6,100,4.4468629,370.57191,7.5500441,174.16517,7.0184746,0.55247232,368.5,2,0,0,0,0,0,14455,17.245576,12
25,40,0.5,1,7,100,4.4161273,368.01061,7.4883406,172.74179,7.0090446,0.50146964,353.3,2,0,0,0,0,0,9817,17.267532,12
25,40,0.5,1,8,100,4.5030372,375.2531,7.6980929,177.58038,7.0348217,0.57877428,373.5,2,0,0,0,0,0,12523,17.127645,12
25,40,0.5,1,9,100,4.4455691,370.46409,7.5856067,174.98553,6.9472548,0.54253284,360.6,2,0,0,0,0,0,14067,17.159841,12
25,40,0.5,1,10,100,4.4961442,374.67868,7.699572,177.6145,7.0170735,0.57226898,366.9,2,0,0,0,0,0,14054,17.098441,12
25,40,0.5,1,11,100,4.4293228,369.11023,7.5687127,174.59582,6.9623802,0.5499527,360.4,2,0,0,0,0,0,11524,17.135033,12
25,40,0.5,1,12,100,4.4496484,370.80404,7.5629508,174.46291,6.9559849,0.53144704,352.8,2,0,0,0,0,0,12517,17.22697,12
25,40,0.5,1,13,100,4.4932664,374.43886,7.6820788,177.21096,7.0359277,0.56263288,370.7,2,0,0,0,0,0,12538,17.1258,12
25,40,0.5,1,14,100,4.454172,371.181,7.555787,174.29765,7.0435005,0.53565236,366.3,2,0,0,0,0,0,12985,17.260703,12
25,40,0.5,1,15,100,4.4216769,368.47308,7.5355956,173.83187,6.9272157,0.51881768,353.9,2,0,0,0,0,0,14293,17.180406,12
25,40,0.5,1,16,100,4.4409284,370.07737,7.590729,175.1037,7.0246943,0.55114414,370.4,2,0,0,0,0,0,12209,17.130021,12
25,40,0.5,1,17,100,4.5623837,380.19864,7.7535238,178.85906,7.1233637,0.58274456,381.2,2,0,0,0,0,0,14166,17.229185,12
25,40,0.5,1,18,100,4.4903193,374.19327,7.6524837,176.52826,7.0322386,0.53641088,360.6,2,0,0,0,0,0,12159,17.18115,12
25,40,0.5,1,19,100,4.4644841,372.04034,7.5779742,174.80947,7.0044834,0.5409011,360.4,2,0,0,0,0,0,13944,17.250163,12
25,40,0.5,2,0,100,4.3546581,362.88818,7.3422174,169.37101,6.8273754,0.44647796,325.1,2,0,0,0,0,0,13906,17.365658,12
25,40,0.5,2,1,100,4.3387283,361.56069,7.3015822,168.43363,6.7444095,0.44477591,314.2,2,0,0,0,0,0,14751,17.398351,12
25,40,0.5,2,2,100,4.3716151,364.30126,7.3677936,169.961,6.9237168,0.44153466,335.3,2,0,0,0,0,0,14157,17.372768,12
25,40,0.5,2,3,100,4.3807449,365.06207,7.3672,169.94731,6.9158923,0.44374349,331.6,2,0,0,0,0,0,11611,17.410445,12
25,40,0.5,2,4,100,4.3292514,360.77095,7.3044965,168.50086,6.724861,0.44522717,314.2,2,0,0,0,0,0,14593,17.353457,12
25,40,0.5,2,5,100,4.3724796,364.3733,7.348753,169.52177,6.9268023,0.44204562,334,2,0,0,0,0,0,14867,17.42121,12
25,40,0.5,2,6,100,4.3498789,362.48991,7.3317742,169.1301,6.8639327,0.44470968,329.3,2,0,0,0,0,0,14848,17.371374,12
25,40,0.5,2,7,100,4.3824276,365.2023,7.364603,169.8874,6.9283012,0.44366788,330.9,2,0,0,0,0,0,10005,17.423285,12
25,40,0.5,2,8,100,4.378818,364.9015,7.3550567,169.66718,6.9044739,0.44359315,331.4,2,0,0,0,0,0,14808,17.431518,12
25,40,0.5,2,9,100,4.3429979,361.91649,7.3319263,169.13361,6.8185579,0.44250539,325.6,2,0,0,0,0,0,15017,17.34346,12
25,40,0.5,2,10,100,4.3566887,363.05739,7.3364059,169.23695,6.8967898,0.44390767,332.1,2,0,0,0,0,0,15555,17.387525,12
25,40,0.5,2,11,100,4.3645537,363.7128,7.3496762,169.54307,6.8615249,0.44546855,326.2,2,0,0,0,0,0,13176,17.387493,12
25,40,0.5,2,12,100,4.3476321,362.30267,7.3364797,169.23865,6.8568416,0.44405673,328.6,2,0,0,0,0,0,13177,17.351261,12
25,40,0.5,2,13,100,4.3586263,363.21886,7.359044,169.75916,6.9131329,0.44401355,336.5,2,0,0,0,0,0,13945,17.341787,12
25,40,0.5,2,14,100,4.3675533,363.96277,7.3534719,169.63062,6.9030813,0.44074905,331.9,2,0,0,0,0,0,13445,17.390403,12
25,40,0.5,2,15,100,4.3520242,362.66868,7.3497313,169.54434,6.8194238,0.44446279,326.2,2,0,0,0,0,0,14830,17.337392,12
25,40,0.5,2,16,100,4.3589848,363.24873,7.3447604,169.42967,6.9071785,0.44148454,333.2,2,0,0,0,0,0,13411,17.376909,12
25,40,0.5,2,17,100,4.3952772,366.2731,7.3814407,170.27581,6.9613603,0.44450269,336.8,2,0,0,0,0,0,15643,17.434489,12
25,40,0.5,2,18,100,4.3579812,363.1651,7.3626824,169.84309,6.928395,0.44575459,337.7,2,0,0,0,0,0,12586,17.330685,12
25,40,0.5,2,19,100,4.3663382,363.86152,7.3376242,169.26505,6.8852585,0.44387133,328.4,2,0,0,0,0,0,14756,17.423125,12
25,40,0.75,1,0,100,4.6418879,386.82399,7.6898711,177.39072,7.0950336,0.55229821,352.2,2,0,0,0,0,0,14886,17.674275,12
25,40,0.75,1,1,100,4.6310913,385.92428,7.6896395,177.38537,7.0200445,0.57013231,346.4,2,0,0,0,0,0,16494,17.633465,12
25,40,0.75,1,2,100,4.7247349,393.72791,7.8325211,180.68138,7.1550491,0.58722465,361.5,2,0,0,0,0,0,16936,17.662042,12
25,40,0.75,1,3,100,4.6145936,384.54946,7.7107818,177.87308,7.0389731,0.56147329,349.4,2,0,0,0,0,0,12841,17.522459,12
25,40,0.75,1,4,100,4.6165675,384.71396,7.6401612,176.244,6.9950024,0.56712164,342.7,2,0,0,0,0,0,16980,17.692034,12
25,40,0.75,1,5,100,4.6586087,388.21739,7.7987975,179.90344,7.0627499,0.58655341,356.6,2,0,0,0,0,0,15597,17.490355,12
25,40,0.75,1,6,100,4.6726079,389.38399,7.7561388,178.91938,7.1131707,0.58341662,358.4,2,0,0,0,0,0,17787,17.639382,12
25,40,0.75,1,7,100,4.6273525,385.61271,7.7021528,177.67403,7.0620866,0.56721658,351.8,2,0,0,0,0,0,13344,17.590407,12
25,40,0.75,1,8,100,4.6484048,387.36707,7.7852519,179.59097,7.0576562,0.58274718,357.4,2,0,0,0,0,0,16119,17.482477,12
25,40,0.75,1,9,100,4.6536253,387.80211,7.7107293,177.87188,7.0979461,0.54778068,349.9,2,0,0,0,0,0,15762,17.670972,12
25,40,0.75,1,10,100,4.7471743,395.59786,7.88958,181.99762,7.1413975,0.59635998,358.4,2,0,0,0,0,0,17559,17.617769,12
25,40,0.75,1,11,100,4.6405856,386.71546,7.7227456,178.14907,7.0035639,0.5839477,347.4,2,0,0,0,0,0,15858,17.594114,12
25,40,0.75,1,12,100,4.6521111,387.67593,7.682269,177.21535,7.1341805,0.57123076,356.1,2,0,0,0,0,0,15163,17.730625,12
25,40,0.75,1,13,100,4.632983,386.08191,7.7272574,178.25315,7.0709558,0.56286143,351.9,2,0,0,0,0,0,14868,17.554995,12
25,40,0.75,1,14,100,4.672355,389.36292,7.7118824,177.89847,7.1304439,0.56580835,354.5,2,0,0,0,0,0,15021,17.738984,12
25,40,0.75,1,15,100,4.708903,392.40858,7.8698257,181.54193,7.123828,0.58944904,362.1,2,0,0,0,0,0,16418,17.519259,12
25,40,0.75,1,16,100,4.6950552,391.2546,7.8435621,180.93607,7.1681382,0.59007415,365.2,2,0,0,0,0,0,13788,17.52615,12
25,40,0.75,1,17,100,4.6892022,390.76685,7.8336292,180.70694,7.1381631,0.5897389,362,2,0,0,0,0,0,13890,17.526533,12
25,40,0.75,1,18,100,4.6733858,389.44881,7.7472677,178.71475,7.0560978,0.56113814,341.6,2,0,0,0,0,0,16914,17.662396,12
25,40,0.75,1,19,100,4.7069209,392.24341,7.7956393,179.83059,7.1377577,0.56807407,352.6,2,0,0,0,0,0,16651,17.678713,12
25,40,0.75,2,0,100,4.5201333,376.67777,7.397451,170.64514,6.947097,0.44454796,311.9,2,0,0,0,0,0,16399,17.890466,12
25,40,0.75,2,1,100,4.5285424,377.37853,7.3583913,169.74411,6.8601313,0.44198284,296.2,2,0,0,0,0,0,17859,18.018737,12
25,40,0.75,2,2,100,4.5178258,376.48549,7.3913597,170.50462,6.9810591,0.43945639,314.9,2,0,0,0,0,0,18508,17.896025,12
25,40,0.75,2,3,100,4.5243911,377.03259,7.396342,170.61956,6.9228538,0.44244468,307.6,2,0,0,0,0,0,14941,17.909984,12
25,40,0.75,2,4,100,4.4935096,374.45913,7.3382732,169.28002,6.7718803,0.44299464,291.4,2,0,0,0,0,0,17462,17.928392,12
25,40,0.75,2,5,100,4.4996329,374.9694,7.3636599,169.86564,6.8940627,0.4409165,306.4,2,0,0,0,0,0,17882,17.891028,12
25,40,0.75,2,6,100,4.5002037,375.01697,7.3536419,169.63455,6.9390937,0.44171974,310.1,2,0,0,0,0,0,19673,17.917707,12
25,40,0.75,2,7,100,4.518355,376.52958,7.3843952,170.34397,6.9258554,0.4419416,306.9,2,0,0,0,0,0,14418,17.915042,12
25,40,0.75,2,8,100,4.4982704,374.85587,7.3593351,169.76588,6.910538,0.44180409,308.6,2,0,0,0,0,0,18227,17.896125,12
25,40,0.75,2,9,100,4.5204696,376.7058,7.395699,170.60472,6.9723418,0.44056508,313.6,2,0,0,0,0,0,17041,17.896006,12
25,40,0.75,2,10,100,4.5366923,378.05769,7.3880714,170.42877,6.9917527,0.44225582,311.7,2,0,0,0,0,0,17313,17.978719,12
25,40,0.75,2,11,100,4.490671,374.22258,7.3376582,169.26583,6.7693609,0.44367297,290.2,2,0,0,0,0,0,17468,17.918618,12
25,40,0.75,2,12,100,4.5135301,376.1275,7.3737368,170.0981,6.945352,0.44109172,309.4,2,0,0,0,0,0,15969,17.921789,12
25,40,0.75,2,13,100,4.5117973,375.98311,7.3792725,170.2258,6.9351696,0.44153086,310.1,2,0,0,0,0,0,17215,17.901436,12
25,40,0.75,2,14,100,4.5234731,376.95609,7.3953731,170.59721,6.9433247,0.43980047,310.3,2,0,0,0,0,0,15964,17.908662,12
25,40,0.75,2,15,100,4.5247291,377.06076,7.4074004,170.87465,6.9895205,0.44228501,316.6,2,0,0,0,0,0,18010,17.884562,12
25,40,0.75,2,16,100,4.5425145,378.54288,7.4144178,171.03653,7.0524857,0.43965089,320,2,0,0,0,0,0,15574,17.937897,12
25,40,0.75,2,17,100,4.573107,381.09225,7.4324811,171.45322,7.0501503,0.4418685,315.2,2,0,0,0,0,0,11508,18.01475,12
25,40,0.75,2,18,100,4.4900134,374.16778,7.3613084,169.8114,6.8742437,0.44383393,305.3,2,0,0,0,0,0,17127,17.858501,12
25,40,0.75,2,19,100,4.5394347,378.28622,7.3824811,170.29981,7.0113767,0.44116068,312.8,2,0,0,0,0,0,18326,18.003216,12
25,40,1,1,0,100,4.920295,410.02458,7.9669064,183.78139,7.1424918,0.59481383,335,2,0,0,0,0,0,15634,18.082077,12
25,40,1,1,1,100,4.9257298,410.47749,7.979397,184.06953,7.1456528,0.59824946,335.6,2,0,0,0,0,0,15609,18.074036,12
25,40,1,1,2,100,4.9340478,411.17065,8.0066086,184.69725,7.1445745,0.59924164,335.7,2,0,0,0,0,0,15697,18.043207,12
25,40,1,1,3,100,4.9181381,409.84484,7.9678354,183.80282,7.1445562,0.59484822,335.5,2,0,0,0,0,0,15679,18.072207,12
25,40,1,1,4,100,4.9244669,410.37224,7.9797834,184.07844,7.1462665,0.5967728,335.8,2,0,0,0,0,0,15672,18.068481,12
25,40,1,1,5,100,4.9236688,410.30573,7.9793547,184.06855,7.1443166,0.59651151,335.2,2,0,0,0,0,0,15651,18.066344,12
25,40,1,1,6,100,4.9154856,409.6238,7.9672688,183.78975,7.1451657,0.5971393,335.5,2,0,0,0,0,0,15679,18.063682,12
25,40,1,1,7,100,4.9205163,410.04303,7.9736829,183.93771,7.1447274,0.59731717,335.4,2,0,0,0,0,0,15639,18.067607,12
25,40,1,1,8,100,4.9128213,409.40177,7.9527363,183.45452,7.1418113,0.59291106,334.8,2,0,0,0,0,0,15569,18.086826,12
25,40,1,1,9,100,4.934539,411.21158,7.9966883,184.46841,7.1428769,0.59850354,334.9,2,0,0,0,0,0,15644,18.06733,12
25,40,1,1,10,100,4.9271145,410.59288,7.9946744,184.42195,7.1465858,0.59958634,335.7,2,0,0,0,0,0,15661,18.04435,12
25,40,1,1,11,100,4.9226099,410.21749,7.9873745,184.25355,7.1448509,0.60100132,335.7,2,0,0,0,0,0,15734,18.044743,12
25,40,1,1,12,100,4.9187901,409.89918,7.9619154,183.66626,7.1417538,0.59718639,334.6,2,0,0,0,0,0,15600,18.088216,12
25,40,1,1,13,100,4.9285253,410.71044,7.9955613,184.44241,7.1484146,0.59863057,336.7,2,0,0,0,0,0,15678,18.047781,12
25,40,1,1,14,100,4.9266229,410.55191,7.9762063,183.99593,7.1432333,0.59381969,334.9,2,0,0,0,0,0,15610,18.084116,12
25,40,1,1,15,100,4.9249874,410.41561,7.9830736,184.15434,7.1399692,0.59492232,334.8,2,0,0,0,0,0,15669,18.062948,12
25,40,1,1,16,100,4.9247459,410.39549,7.980416,184.09303,7.1430435,0.59719409,335,2,0,0,0,0,0,15614,18.068287,12
25,40,1,1,17,100,4.9273345,410.61121,7.9939004,184.40409,7.1463925,0.59833633,335.9,2,0,0,0,0,0,15679,18.047056,12
25,40,1,1,18,100,4.9195628,409.96357,7.9736101,183.93603,7.1451749,0.59700486,335.6,2,0,0,0,0,0,15631,18.064265,12
25,40,1,1,19,100,4.9138526,409.48772,7.9650024,183.73747,7.1416948,0.59603921,335.1,2,0,0,0,0,0,15721,18.06313,12
25,40,1,2,0,100,4.7243681,393.69734,7.4608285,172.10714,7.0067207,0.44180165,286.7,2,0,0,0,0,0,4741,18.539367,12
25,40,1,2,1,100,4.7172257,393.10214,7.4508498,171.87695,7.0083102,0.44010903,286.6,2,0,0,0,0,0,4748,18.536145,12
25,40,1,2,2,100,4.7232459,393.60382,7.4581119,172.04447,6.9986433,0.43723998,284.9,2,0,0,0,0,0,4736,18.541669,12
25,40,1,2,3,100,4.7192708,393.27257,7.4544286,171.9595,7.0095524,0.43951895,287.2,2,0,0,0,0,0,4755,18.535261,12
25,40,1,2,4,100,4.7205223,393.37686,7.4574969,172.03029,7.0144373,0.44032858,287.8,2,0,0,0,0,0,4765,18.532556,12
25,40,1,2,5,100,4.7141012,392.84177,7.4464451,171.77534,7.0111333,0.43807424,287.2,2,0,0,0,0,0,4752,18.534819,12
25,40,1,2,6,100,4.7101239,392.51032,7.4372621,171.56351,7.0047062,0.43980094,286.1,2,0,0,0,0,0,4758,18.542085,12
25,40,1,2,7,100,4.7165233,393.04361,7.4503846,171.86622,7.0095655,0.43958725,286.5,2,0,0,0,0,0,4739,18.534545,12
25,40,1,2,8,100,4.7147796,392.8983,7.4445531,171.7317,7.0064372,0.43899541,287,2,0,0,0,0,0,4747,18.542204,12
25,40,1,2,9,100,4.7231971,393.59976,7.4612857,172.11769,7.0065266,0.43823753,286,2,0,0,0,0,0,4752,18.533613,12
25,40,1,2,10,100,4.7150881,392.924,7.4482323,171.81657,7.0099176,0.43978468,286.5,2,0,0,0,0,0,4736,18.534261,12
25,40,1,2,11,100,4.7123038,392.69198,7.4431955,171.70038,7.0060835,0.44019294,285.4,2,0,0,0,0,0,4747,18.535864,12
25,40,1,2,12,100,4.7076589,392.30491,7.4359606,171.53348,7.0105305,0.43862091,286.6,2,0,0,0,0,0,4751,18.535611,12
25,40,1,2,13,100,4.7226624,393.5552,7.4605271,172.10018,7.0116795,0.43952552,287.3,2,0,0,0,0,0,4759,18.533423,12
25,40,1,2,14,100,4.7216478,393.47065,7.4595589,172.07785,7.0133257,0.43729057,287.5,2,0,0,0,0,0,4762,18.531812,12
25,40,1,2,15,100,4.7268234,393.90195,7.4639861,172.17998,7.0002576,0.43940846,285.4,2,0,0,0,0,0,4736,18.541102,12
25,40,1,2,16,100,4.7162939,393.02449,7.4498286,171.85339,7.0082947,0.43763768,286.4,2,0,0,0,0,0,4755,18.535,12
25,40,1,2,17,100,4.7225617,393.54681,7.4601284,172.09099,7.0081458,0.44047313,286.4,2,0,0,0,0,0,4744,18.534012,12
25,40,1,2,18,100,4.7159829,392.99857,7.4500905,171.85943,7.0131036,0.44044438,287.3,2,0,0,0,0,0,4754,18.533153,12
25,40,1,2,19,100,4.7126219,392.71849,7.4406569,171.64182,7.0009012,0.43939267,285.2,2,0,0,0,0,0,4772,18.543432,12
29.411765,34,0,1,0,100,4.156704,346.392,7.2474048,167.18386,6.2690768,0.46075097,289.1,2,0,0,0,0,0,5073,16.793273,12
29.411765,34,0,1,1,100,4.1585522,346.54602,7.2494446,167.23091,6.2619945,0.46153764,287.8,2,0,0,0,0,0,5075,16.796015,12
29.411765,34,0,1,2,100,4.15927,346.60584,7.2538871,167.33339,6.2575326,0.45833879,287.3,2,0,0,0,0,0,5056,16.788584,12
29.411765,34,0,1,3,100,4.157165,346.43042,7.2468765,167.17167,6.2634551,0.45904646,288.4,2,0,0,0,0,0,5087,16.796347,12
29.411765,34,0,1,4,100,4.1574774,346.45645,7.2526214,167.3042,6.2644464,0.45969922,289,2,0,0,0,0,0,5096,16.784321,12
29.411765,34,0,1,5,100,4.1601794,346.68162,7.2568557,167.40187,6.2602711,0.46234037,288.4,2,0,0,0,0,0,5080,16.785419,12
29.411765,34,0,1,6,100,4.1552971,346.27476,7.2437185,167.09882,6.267171,0.46156403,288.5,2,0,0,0,0,0,5094,16.796179,12
29.411765,34,0,1,7,100,4.1581465,346.51221,7.248433,167.20758,6.2634784,0.4596262,287.7,2,0,0,0,0,0,5086,16.796726,12
29.411765,34,0,1,8,100,4.156265,346.35542,7.2497081,167.23699,6.2645027,0.46116684,289.4,2,0,0,0,0,0,5093,16.786179,12
29.411765,34,0,1,9,100,4.1589022,346.57518,7.2470155,167.17488,6.2627829,0.45653448,287.2,2,0,0,0,0,0,5072,16.803022,12
29.411765,34,0,1,10,100,4.1566919,346.39099,7.246346,167.15943,6.2633857,0.45959785,287.7,2,0,0,0,0,0,5060,16.795686,12
29.411765,34,0,1,11,100,4.1618917,346.82431,7.2602433,167.48002,6.2542108,0.46341026,286.6,2,0,0,0,0,0,5091,16.784527,12
29.411765,34,0,1,12,100,4.1545577,346.21314,7.2417282,167.05291,6.2643757,0.4590479,287.8,2,0,0,0,0,0,5087,16.797781,12
29.411765,34,0,1,13,100,4.1633231,346.94359,7.2642469,167.57237,6.2591494,0.46211577,288.5,2,0,0,0,0,0,5088,16.781009,12
29.411765,34,0,1,14,100,4.1593843,346.61535,7.252772,167.30767,6.2658993,0.45750876,288.7,2,0,0,0,0,0,5077,16.79162,12
29.411765,34,0,1,15,100,4.1594061,346.61718,7.2511984,167.27137,6.2622369,0.45876157,287.8,2,0,0,0,0,0,5080,16.795339,12
29.411765,34,0,1,16,100,4.1604626,346.70522,7.2566808,167.39784,6.2576397,0.46004616,287.6,2,0,0,0,0,0,5095,16.786952,12
29.411765,34,0,1,17,100,4.1617044,346.8087,7.2588084,167.44692,6.2585095,0.4604887,287.6,2,0,0,0,0,0,5071,16.787053,12
29.411765,34,0,1,18,100,4.1556877,346.30731,7.2458784,167.14865,6.2659777,0.46064433,288.5,2,0,0,0,0,0,5084,16.792709,12
29.411765,34,0,1,19,100,4.1551058,346.25882,7.2436927,167.09823,6.2625385,0.46106219,287.6,2,0,0,0,0,0,5123,16.795438,12
29.411765,34,0,2,0,100,4.156704,346.392,7.2474048,167.18386,6.2690768,0.46075097,289.1,2,0,0,0,0,0,5073,16.793273,12
29.411765,34,0,2,1,100,4.1585522,346.54602,7.2494446,167.23091,6.2619945,0.46153764,287.8,2,0,0,0,0,0,5075,16.796015,12
29.411765,34,0,2,2,100,4.15927,346.60584,7.2538871,167.33339,6.2575326,0.45833879,287.3,2,0,0,0,0,0,5056,16.788584,12
29.411765,34,0,2,3,100,4.157165,346.43042,7.2468765,167.17167,6.2634551,0.45904646,288.4,2,0,0,0,0,0,5087,16.796347,12
29.411765,34,0,2,4,100,4.1574774,346.45645,7.2526214,167.3042,6.2644464,0.45969922,289,2,0,0,0,0,0,5096,16.784321,12
29.411765,34,0,2,5,100,4.1601794,346.68162,7.2568557,167.40187,6.2602711,0.46234037,288.4,2,0,0,0,0,0,5080,16.785419,12
29.411765,34,0,2,6,100,4.1552971,346.27476,7.2437185,167.09882,6.267171,0.46156403,288.5,2,0,0,0,0,0,5094,16.796179,12
29.411765,34,0,2,7,100,4.1581465,346.51221,7.248433,167.20758,6.2634784,0.4596262,287.7,2,0,0,0,0,0,5086,16.796726,12
29.411765,34,0,2,8,100,4.156265,346.35542,7.2497081,167.23699,6.2645027,0.46116684,289.4,2,0,0,0,0,0,5093,16.786179,12
29.411765,34,0,2,9,100,4.1589022,346.57518,7.2470155,167.17488,6.2627829,0.45653448,287.2,2,0,0,0,0,0,5072,16.803022,12
29.411765,34,0,2,10,100,4.1566919,346.39099,7.246346,167.15943,6.2633857,0.45959785,287.7,2,0,0,0,0,0,5060,16.795686,12
29.411765,34,0,2,11,100,4.1618917,346.82431,7.2602433,167.48002,6.2542108,0.46341026,286.6,2,0,0,0,0,0,5091,16.784527,12
29.411765,34,0,2,12,100,4.1545577,346.21314,7.2417282,167.05291,6.2643757,0.4590479,287.8,2,0,0,0,0,0,5087,16.797781,12
29.411765,34,0,2,13,100,4.1633231,346.94359,7.2642469,167.57237,6.2591494,0.46211577,288.5,2,0,0,0,0,0,5088,16.781009,12
29.411765,34,0,2,14,100,4.1593843,346.61535,7.252772,167.30767,6.2658993,0.45750876,288.7,2,0,0,0,0,0,5077,16.79162,12
29.411765,34,0,2,15,100,4.1594061,346.61718,7.2511984,167.27137,6.2622369,0.45876157,287.8,2,0,0,0,0,0,5080,16.795339,12
29.411765,34,0,2,16,100,4.1604626,346.70522,7.2566808,167.39784,6.2576397,0.46004616,287.6,2,0,0,0,0,0,5095,16.786952,12
29.411765,34,0,2,17,100,4.1617044,346.8087,7.2588084,167.44692,6.2585095,0.4604887,287.6,2,0,0,0,0,0,5071,16.787053,12
29.411765,34,0,2,18,100,4.1556877,346.30731,7.2458784,167.14865,6.2659777,0.46064433,288.5,2,0,0,0,0,0,5084,16.792709,12
29.411765,34,0,2,19,100,4.1551058,346.25882,7.2436927,167.09823,6.2625385,0.46106219,287.6,2,0,0,0,0,0,5123,16.795438,12
29.411765,34,0.25,1,0,100,4.3523157,362.69298,7.5608854,174.41526,6.4715273,0.51486804,302.3,2,0,0,0,0,0,8995,16.85479,12
29.411765,34,0.25,1,1,100,4.3413845,361.78204,7.5152557,173.36267,6.4875058,0.5336558,314.8,2,0,0,0,0,0,9839,16.914573,12
29.411765,34,0.25,1,2,100,4.3982546,366.52122,7.6400962,176.2425,6.530601,0.5191445,305.3,2,0,0,0,0,0,10039,16.856116,12
29.411765,34,0.25,1,3,100,4.2989639,358.24699,7.3871994,170.40865,6.4836607,0.49605068,304.8,2,0,0,0,0,0,10182,17.039245,12
29.411765,34,0.25,1,4,100,4.3167991,359.73326,7.471542,172.35428,6.3816953,0.49698848,292.6,2,0,0,0,0,0,10135,16.91699,12
29.411765,34,0.25,1,5,100,4.3568723,363.07269,7.5428831,173.99998,6.4910641,0.53859922,316.6,2,0,0,0,0,0,10660,16.912479,12
29.411765,34,0.25,1,6,100,4.2928839,357.74033,7.4074979,170.8769,6.4551323,0.50123669,305.6,2,0,0,0,0,0,10088,16.968813,12
29.411765,34,0.25,1,7,100,4.3232385,360.26988,7.4771421,172.48346,6.4060153,0.49834171,293.7,2,0,0,0,0,0,9988,16.929555,12
29.411765,34,0.25,1,8,100,4.2768993,356.40828,7.3852458,170.36359,6.4136583,0.49894459,302.9,2,0,0,0,0,0,10913,16.956274,12
29.411765,34,0.25,1,9,100,4.3021751,358.51459,7.4634773,172.16824,6.3852863,0.51980088,302.6,2,0,0,0,0,0,10790,16.877796,12
29.411765,34,0.25,1,10,100,4.4471707,370.59755,7.8052065,180.05128,6.6293223,0.59312129,336.3,2,0,0,0,0,0,10949,16.683198,12
29.411765,34,0.25,1,11,100,4.3101052,359.17543,7.4326562,171.45726,6.4299581,0.51252286,300.8,2,0,0,0,0,0,9856,16.979011,12
29.411765,34,0.25,1,12,100,4.3683867,364.03222,7.5741745,174.72182,6.4165053,0.51584487,295.9,2,0,0,0,0,0,9995,16.887245,12
29.411765,34,0.25,1,13,100,4.3014091,358.45076,7.4561835,171.99999,6.4269214,0.53063704,313,2,0,0,0,0,0,10000,16.891507,12
29.411765,34,0.25,1,14,100,4.3541163,362.84302,7.5146115,173.34781,6.5095082,0.51860551,312.1,2,0,0,0,0,0,10686,16.965458,12
29.411765,34,0.25,1,15,100,4.3746797,364.55664,7.6314729,176.04358,6.4839869,0.5234228,304.6,2,0,0,0,0,0,10032,16.784721,12
29.411765,34,0.25,1,16,100,4.3338925,361.15771,7.5338153,173.79081,6.4671529,0.53659507,317,2,0,0,0,0,0,9763,16.843742,12
29.411765,34,0.25,1,17,100,4.3472213,362.26844,7.4932833,172.85581,6.4856499,0.51047976,306.9,2,0,0,0,0,0,10825,16.986715,12
29.411765,34,0.25,1,18,100,4.3153017,359.60847,7.4603099,172.09517,6.4384505,0.5215668,306.2,2,0,0,0,0,0,10766,16.936435,12
29.411765,34,0.25,1,19,100,4.3329306,361.07755,7.516833,173.39905,6.4607181,0.52794762,310,2,0,0,0,0,0,10006,16.878121,12
29.411765,34,0.25,2,0,100,4.2144477,351.20397,7.2623802,167.52931,6.286002,0.45854531,280.7,2,0,0,0,0,0,9521,16.991326,12
29.411765,34,0.25,2,1,100,4.2493465,354.11221,7.2933418,168.24354,6.3148004,0.45875119,280.6,2,0,0,0,0,0,10328,17.059307,12
29.411765,34,0.25,2,2,100,4.2439745,353.66454,7.2872925,168.10399,6.3010187,0.45562525,278.9,2,0,0,0,0,0,10369,17.051818,12
29.411765,34,0.25,2,3,100,4.2639659,355.33049,7.3009172,168.41829,6.3645556,0.45689129,283.6,2,0,0,0,0,0,10390,17.100153,12
29.411765,34,0.25,2,4,100,4.2174526,351.45438,7.2679535,167.65788,6.2866617,0.45693747,281.8,2,0,0,0,0,0,10417,16.990427,12
29.411765,34,0.25,2,5,100,4.2551714,354.59762,7.3070833,168.56053,6.3229736,0.45856361,283.6,2,0,0,0,0,0,11216,17.050608,12
29.411765,34,0.25,2,6,100,4.2459393,353.82828,7.2867255,168.09091,6.3375887,0.45861867,283.7,2,0,0,0,0,0,10376,17.06115,12
29.411765,34,0.25,2,7,100,4.2220437,351.83697,7.2679178,167.65706,6.2918871,0.45699473,280.5,2,0,0,0,0,0,10394,17.008998,12
29.411765,34,0.25,2,8,100,4.2391314,353.26095,7.2860869,168.07618,6.3024527,0.45807774,282.2,2,0,0,0,0,0,11250,17.035277,12
29.411765,34,0.25,2,9,100,4.2129576,351.0798,7.2584099,167.43772,6.2523182,0.45347318,277.6,2,0,0,0,0,0,11227,16.994626,12
29.411765,34,0.25,2,10,100,4.2534066,354.45055,7.2990723,168.37573,6.3353803,0.45575554,284.1,2,0,0,0,0,0,11170,17.062263,12
29.411765,34,0.25,2,11,100,4.2557084,354.64236,7.2958219,168.30075,6.3202765,0.46097985,278.2,2,0,0,0,0,0,10222,17.079,12
29.411765,34,0.25,2,12,100,4.2230642,351.92201,7.2680409,167.65989,6.3020459,0.4561148,281.8,2,0,0,0,0,0,10374,17.012865,12
29.411765,34,0.25,2,13,100,4.2286539,352.38783,7.2940555,168.26,6.2820361,0.45945408,282.5,2,0,0,0,0,0,10346,16.974623,12
29.411765,34,0.25,2,14,100,4.2757454,356.31212,7.310509,168.63955,6.3703991,0.45401403,283.9,2,0,0,0,0,0,11238,17.124895,12
29.411765,34,0.25,2,15,100,4.2175431,351.46192,7.2725648,167.76425,6.2732728,0.4562919,280.6,2,0,0,0,0,0,10356,16.979982,12
29.411765,34,0.25,2,16,100,4.2314607,352.62172,7.2955521,168.29453,6.2911797,0.45721254,282.8,2,0,0,0,0,0,10326,16.982415,12
29.411765,34,0.25,2,17,100,4.2749235,356.24363,7.3161211,168.76901,6.3550611,0.45689836,282.8,2,0,0,0,0,0,11251,17.108522,12
29.411765,34,0.25,2,18,100,4.237345,353.11208,7.2770408,167.86751,6.3089692,0.45699713,281.3,2,0,0,0,0,0,11230,17.049254,12
29.411765,34,0.25,2,19,100,4.243179,353.59825,7.2826106,167.99599,6.3044667,0.45856785,279.2,2,0,0,0,0,0,10398,17.059648,12
29.411765,34,0.5,1,0,100,4.3972941,366.44118,7.5110308,173.26521,6.4967422,0.52248527,300.8,2,0,0,0,0,0,14265,17.14188,12
29.411765,34,0.5,1,1,100,4.4371636,369.76364,7.6369284,176.16943,6.5597107,0.55436139,319.6,2,0,0,0,0,0,14978,17.01232,12
29.411765,34,0.5,1,2,100,4.484704,373.72533,7.6781451,177.12022,6.6152296,0.5495243,317.6,2,0,0,0,0,0,13736,17.102252,12
29.411765,34,0.5,1,3,100,4.4595673,371.63061,7.5656193,174.52446,6.6302411,0.53608361,312.9,2,0,0,0,0,0,12894,17.258923,12
29.411765,34,0.5,1,4,100,4.4398891,369.99076,7.8022815,179.98381,6.913602,0.56296794,349,2,0,0,0,0,0,13333,16.662423,12
29.411765,34,0.5,1,5,100,4.5520995,379.34162,7.8809238,181.79794,6.7297909,0.59411665,335.1,2,0,0,0,0,0,15075,16.912717,12
29.411765,34,0.5,1,6,100,4.3955982,366.29985,7.5174152,173.41249,6.5241486,0.53052699,309.5,2,0,0,0,0,0,15153,17.120906,12
29.411765,34,0.5,1,7,100,4.4611942,371.76618,7.5537963,174.25173,6.6408102,0.52874432,309,2,0,0,0,0,0,14326,17.29245,12
29.411765,34,0.5,1,8,100,4.4692337,372.43614,7.6813828,177.19491,6.6446167,0.5672638,326.3,2,0,0,0,0,0,14701,17.035974,12
29.411765,34,0.5,1,9,100,4.4250058,368.75048,7.5984587,175.28201,6.5587685,0.55619379,320.7,2,0,0,0,0,0,15088,17.05155,12
29.411765,34,0.5,1,10,100,4.5376616,378.13846,7.8674549,181.48724,6.7067991,0.59388177,334.2,2,0,0,0,0,0,14985,16.88818,12
29.411765,34,0.5,1,11,100,4.4603659,371.69716,7.6916462,177.43166,6.6328419,0.56611265,324,2,0,0,0,0,0,13699,16.979488,12
29.411765,34,0.5,1,12,100,4.472218,372.68483,7.6585032,176.66712,6.5750299,0.54436853,309.9,2,0,0,0,0,0,13524,17.098397,12
29.411765,34,0.5,1,13,100,4.512014,376.00117,7.7751185,179.35721,6.6751499,0.58925872,333.5,2,0,0,0,0,0,13701,16.991928,12
29.411765,34,0.5,1,14,100,4.4528402,371.07002,7.6056221,175.44725,6.6081696,0.52737398,311,2,0,0,0,0,0,13886,17.142263,12
29.411765,34,0.5,1,15,100,4.3655894,363.79912,7.4572723,172.0251,6.4671975,0.52345942,305.2,2,0,0,0,0,0,15282,17.140748,12
29.411765,34,0.5,1,16,100,4.4444812,370.37344,7.5758856,174.76129,6.5796395,0.53600486,311.8,2,0,0,0,0,0,13766,17.177328,12
29.411765,34,0.5,1,17,100,4.5210376,376.75313,7.7578881,178.95974,6.6750186,0.57460848,327.1,2,0,0,0,0,0,15443,17.063419,12
29.411765,34,0.5,1,18,100,4.4643818,372.03182,7.6244392,175.88133,6.5883549,0.5446071,309.9,2,0,0,0,0,0,13923,17.144327,12
29.411765,34,0.5,1,19,100,4.4722458,372.68715,7.6284625,175.97414,6.6136253,0.56408999,320.8,2,0,0,0,0,0,14967,17.165385,12
29.411765,34,0.5,2,0,100,4.3185564,359.8797,7.3109174,168.64897,6.3486364,0.45595027,273.5,2.0000001,0,0,0,0,0,14734,17.295315,12
29.411765,34,0.5,2,1,100,4.3037961,358.64967,7.3022465,168.44895,6.2825818,0.45651147,268.6,2.0000001,0,0,0,0,0,15554,17.25671,12
29.411765,34,0.5,2,2,100,4.3532753,362.77294,7.3463496,169.46633,6.4003391,0.45230203,276.5,2,0,0,0,0,0,14694,17.350246,12
29.411765,34,0.5,2,3,100,4.3787734,364.89779,7.3596075,169.77216,6.4569002,0.45460827,277.6,2,0,0,0,0,0,13448,17.420375,12
29.411765,34,0.5,2,4,100,4.2792235,356.60196,7.2837768,168.02289,6.2828025,0.45453581,271,2.0000001,0,0,0,0,0,15645,17.201706,12
29.411765,34,0.5,2,5,100,4.3636108,363.63423,7.3551507,169.66935,6.3838559,0.45632417,275.2,2,0,0,0,0,0,16200,17.370659,12
29.411765,34,0.5,2,6,100,4.3202648,360.02207,7.3107395,168.64487,6.349766,0.45609675,274.1,2.0000001,0,0,0,0,0,15604,17.30264,12
29.411765,34,0.5,2,7,100,4.3942092,366.1841,7.3640934,169.87564,6.4875158,0.45436918,276.9,2,0,0,0,0,0,14822,17.471098,12
29.411765,34,0.5,2,8,100,4.3595194,363.29328,7.3485228,169.51646,6.3910945,0.45538653,276.2,2,0,0,0,0,0,15539,17.370043,12
29.411765,34,0.5,2,9,100,4.2994048,358.28374,7.2965946,168.31857,6.3035754,0.45132859,271.6,2.0000001,0,0,0,0,0,15573,17.25244,12
29.411765,34,0.5,2,10,100,4.3260155,360.50129,7.3145303,168.73232,6.3298963,0.45315502,272.1,2.0000001,0,0,0,0,0,16406,17.316682,12
29.411765,34,0.5,2,11,100,4.3499231,362.49359,7.3439834,169.41174,6.3844275,0.4583789,273.4,2.0000001,0,0,0,0,0,14554,17.342498,12
29.411765,34,0.5,2,12,100,4.318847,359.90392,7.3051089,168.51498,6.3580868,0.45356164,273.4,2.0000001,0,0,0,0,0,14542,17.310259,12
29.411765,34,0.5,2,13,100,4.3362604,361.35503,7.3460913,169.46037,6.3598283,0.45678892,276.5,2,0,0,0,0,0,14661,17.283122,12
29.411765,34,0.5,2,14,100,4.3615956,363.4663,7.3480467,169.50548,6.4215039,0.452329,276.7,2,0,0,0,0,0,14544,17.37933,12
29.411765,34,0.5,2,15,100,4.3037952,358.6496,7.3080482,168.58279,6.3140164,0.45322328,273.4,2.0000001,0,0,0,0,0,15570,17.242986,12
29.411765,34,0.5,2,16,100,4.3554152,362.95126,7.3524398,169.60682,6.391653,0.45527182,275.6,2,0,0,0,0,0,14460,17.3444,12
29.411765,34,0.5,2,17,100,4.3727107,364.39256,7.3561045,169.69136,6.4032971,0.45377509,275.6,2,0,0,0,0,0,16442,17.4046,12
29.411765,34,0.5,2,18,100,4.333433,361.11941,7.3224292,168.91453,6.3774131,0.45499848,275.3,2,0,0,0,0,0,14515,17.327626,12
29.411765,34,0.5,2,19,100,4.3455618,362.13015,7.3270956,169.02217,6.3627923,0.45515026,272,2.0000001,0,0,0,0,0,15609,17.365055,12
29.411765,34,0.75,1,0,100,4.6109795,384.24829,7.6751233,177.05051,6.7544184,0.5486144,308.9,2,0,0,0,0,0,19288,17.5904,12
29.411765,34,0.75,1,1,100,4.6222321,385.18601,7.6976958,177.57122,6.7276652,0.55537552,310.9,2,0,0,0,0,0,19182,17.581472,12
29.411765,34,0.75,1,2,100,4.6848761,390.40634,7.9656226,183.75178,6.833946,0.59673161,331.2,2,0,0,0,0,0,18563,17.220534,12
29.411765,34,0.75,1,3,100,4.6519622,387.66352,7.8039498,180.02229,6.8148189,0.58396313,325.3,2,0,0,0,0,0,16733,17.453709,12
29.411765,34,0.75,1,4,100,4.5775283,381.46069,7.7004471,177.63468,6.6902063,0.55449598,313.8,2,0,0,0,0,0,20410,17.405054,12
29.411765,34,0.75,1,5,100,4.6339198,386.15998,7.9042453,182.33592,6.7952078,0.59364804,331.4,2,0,0,0,0,0,18638,17.16588,12
29.411765,34,0.75,1,6,100,4.6488018,387.40015,7.9219388,182.74408,6.8014462,0.59594383,330.8,2,0,0,0,0,0,19038,17.182673,12
29.411765,34,0.75,1,7,100,4.6029493,383.57911,7.7563426,178.92409,6.7716428,0.56709177,318.7,2,0,0,0,0,0,16965,17.375699,12
29.411765,34,0.75,1,8,100,4.589058,382.4215,7.7545399,178.8825,6.7237822,0.57037871,321.2,2,0,0,0,0,0,19398,17.32766,12
29.411765,34,0.75,1,9,100,4.6454341,387.11951,7.7215693,178.12193,6.7767761,0.57282687,316.5,2,0,0,0,0,0,19795,17.61495,12
29.411765,34,0.75,1,10,100,4.7106395,392.55329,7.9391531,183.14118,6.8397882,0.59908211,327.2,2,0,0,0,0,0,19289,17.373238,12
29.411765,34,0.75,1,11,100,4.5785038,381.54198,7.7645204,179.11273,6.6916606,0.56765844,317.2,2,0,0,0,0,0,19346,17.265791,12
29.411765,34,0.75,1,12,100,4.6563796,388.03163,7.7837348,179.55597,6.8107976,0.57117876,319.4,2,0,0,0,0,0,17801,17.51575,12
29.411765,34,0.75,1,13,100,4.6699629,389.16358,7.851155,181.11123,6.80118,0.5888594,325.7,2,0,0,0,0,0,18313,17.415836,12
29.411765,34,0.75,1,14,100,4.6472375,387.26979,7.8177989,180.34177,6.8095273,0.567594,320.5,2,0,0,0,0,0,17684,17.40528,12
29.411765,34,0.75,1,15,100,4.6690065,389.08388,7.9153813,182.59281,6.8142724,0.59200229,329.2,2,0,0,0,0,0,17917,17.27104,12
29.411765,34,0.75,1,16,100,4.6947529,391.22941,7.9281652,182.88771,6.8706149,0.59637905,330.6,2,0,0,0,0,0,17017,17.338261,12
29.411765,34,0.75,1,17,100,4.6980675,391.50563,7.9184424,182.66342,6.8653852,0.59743218,329.1,2,0,0,0,0,0,17543,17.37185,12
29.411765,34,0.75,1,18,100,4.6393779,386.61483,7.7802088,179.47463,6.7632531,0.57274207,317.5,2,0,0,0,0,0,19351,17.459494,12
29.411765,34,0.75,1,19,100,4.7269363,393.91136,7.8674759,181.48772,6.8417841,0.59053328,322.7,2,0,0,0,0,0,19310,17.591949,12
29.411765,34,0.75,2,0,100,4.5087142,375.72618,7.3927788,170.53736,6.4681314,0.45331268,261.5,2.0000001,0,0,0,0,0,20337,17.856502,12
29.411765,34,0.75,2,1,100,4.5139717,376.16431,7.3867112,170.39739,6.4256252,0.45339239,255.4,2.0000002,0,0,0,0,0,20595,17.891974,12
29.411765,34,0.75,2,2,100,4.4964187,374.70156,7.387227,170.40929,6.4315375,0.45007763,259.7,2.0000001,0,0,0,0,0,20835,17.821179,12
29.411765,34,0.75,2,3,100,4.5277566,377.31305,7.4062815,170.84884,6.5033686,0.45219708,262,2.0000001,0,0,0,0,0,19310,17.899181,12
29.411765,34,0.75,2,4,100,4.4464956,370.5413,7.3487371,169.5214,6.3709413,0.4515565,257.8,2.0000001,0,0,0,0,0,21352,17.715736,12
29.411765,34,0.75,2,5,100,4.4838283,373.65236,7.3892853,170.45677,6.4049617,0.45507658,259.6,2.0000001,0,0,0,0,0,21310,17.766412,12
29.411765,34,0.75,2,6,100,4.4764831,373.04026,7.3646132,169.88763,6.413318,0.45302974,259.7,2.0000001,0,0,0,0,0,21720,17.796751,12
29.411765,34,0.75,2,7,100,4.5303876,377.5323,7.4023831,170.75891,6.5135735,0.45155969,261.3,2.0000001,0,0,0,0,0,20856,17.919013,12
29.411765,34,0.75,2,8,100,4.471347,372.61225,7.3741997,170.10878,6.3872617,0.45383501,259.4,2.0000001,0,0,0,0,0,20798,17.753226,12
29.411765,34,0.75,2,9,100,4.5001722,375.01435,7.3768681,170.17033,6.4547585,0.44802993,259.6,2.0000001,0,0,0,0,0,20506,17.861078,12
29.411765,34,0.75,2,10,100,4.5031073,375.25894,7.3735976,170.09489,6.4160048,0.45099891,256.5,2.0000001,0,0,0,0,0,22581,17.880669,12
29.411765,34,0.75,2,11,100,4.4586703,371.55586,7.3663124,169.92683,6.3633614,0.4554196,255.4,2.0000002,0,0,0,0,0,20666,17.72188,12
29.411765,34,0.75,2,12,100,4.5107595,375.89663,7.3828208,170.30765,6.490961,0.45062126,261.4,2.0000001,0,0,0,0,0,20243,17.888697,12
29.411765,34,0.75,2,13,100,4.5066942,375.55785,7.407709,170.88177,6.4423943,0.45476871,260.9,2.0000001,0,0,0,0,0,20488,17.812559,12
29.411765,34,0.75,2,14,100,4.5200619,376.67182,7.4034791,170.7842,6.4888692,0.44999454,262.3,2.0000001,0,0,0,0,0,20282,17.875512,12
29.411765,34,0.75,2,15,100,4.4904779,374.20649,7.3778332,170.19259,6.4291824,0.45008681,260.2,2.0000001,0,0,0,0,0,20835,17.820283,12
29.411765,34,0.75,2,16,100,4.5603535,380.02946,7.4319159,171.44018,6.540814,0.45234145,263.6,2.0000001,0,0,0,0,0,20356,17.965803,12
29.411765,34,0.75,2,17,100,4.6172326,384.76938,7.4550843,171.97463,6.6033457,0.45255463,261.2,2.0000001,0,0,0,0,0,21525,18.133202,12
29.411765,34,0.75,2,18,100,4.4541072,371.1756,7.3514573,169.58415,6.3729432,0.45272741,257.3,2.0000001,0,0,0,0,0,20642,17.739484,12
29.411765,34,0.75,2,19,100,4.5303965,377.53304,7.3945023,170.57712,6.4460611,0.45296251,256.4,2.0000001,0,0,0,0,0,21740,17.938133,12
29.411765,34,1,1,0,100,4.8762285,406.35237,8.0260259,185.14517,6.9686872,0.60156278,319.8,2,0,0,0,0,0,20856,17.788682,12
29.411765,34,1,1,1,100,4.8860942,407.17452,8.0496842,185.69092,6.9711638,0.60472993,320.2,2,0,0,0,0,0,20106,17.772392,12
29.411765,34,1,1,2,100,4.8909455,407.57879,8.060233,185.93426,6.9709404,0.6046193,319.9,2,0,0,0,0,0,20841,17.766544,12
29.411765,34,1,1,3,100,4.8758396,406.31997,8.0256452,185.13639,6.9632545,0.60004931,318.9,2,0,0,0,0,0,20077,17.787907,12
29.411765,34,1,1,4,100,4.8689904,405.7492,8.0266939,185.16058,6.968421,0.60093706,320.2,2,0,0,0,0,0,21610,17.760985,12
29.411765,34,1,1,5,100,4.8943021,407.85851,8.0646867,186.037,6.9713945,0.60669236,320.1,2,0,0,0,0,0,21589,17.769192,12
29.411765,34,1,1,6,100,4.8764987,406.37489,8.0285495,185.20338,6.9679784,0.60367962,319.2,2,0,0,0,0,0,20128,17.783902,12
29.411765,34,1,1,7,100,4.8846155,407.0513,8.0404685,185.47833,6.9656794,0.60331712,318.9,2,0,0,0,0,0,21601,17.787048,12
29.411765,34,1,1,8,100,4.8766568,406.38807,8.0378367,185.41762,6.968498,0.60075411,320.4,2,0,0,0,0,0,20861,17.764259,12
29.411765,34,1,1,9,100,4.8875946,407.29955,8.0414051,185.49994,6.9687521,0.60200977,318.9,2,0,0,0,0,0,20835,17.795952,12
29.411765,34,1,1,10,100,4.8824581,406.87151,8.0355363,185.36456,6.9658082,0.60455279,318.9,2,0,0,0,0,0,20886,17.790591,12
29.411765,34,1,1,11,100,4.8869227,407.24356,8.0547732,185.80831,6.9656431,0.60681841,319.3,2,0,0,0,0,0,20930,17.76436,12
29.411765,34,1,1,12,100,4.8779085,406.49237,8.0300805,185.2387,6.9648313,0.60253168,319,2,0,0,0,0,0,20834,17.786058,12
29.411765,34,1,1,13,100,4.895159,407.92991,8.0694225,186.14625,6.9682419,0.6054546,319.9,2,0,0,0,0,0,20900,17.761616,12
29.411765,34,1,1,14,100,4.8817213,406.81011,8.0352857,185.35877,6.9655339,0.59958615,319.2,2,0,0,0,0,0,20899,17.788466,12
29.411765,34,1,1,15,100,4.8804354,406.70295,8.0323615,185.29132,6.9625265,0.60079813,318.5,2,0,0,0,0,0,20067,17.790143,12
29.411765,34,1,1,16,100,4.8864216,407.2018,8.0516793,185.73694,6.9691495,0.60408279,319.9,2,0,0,0,0,0,20854,17.769119,12
29.411765,34,1,1,17,100,4.895167,407.93059,8.066198,186.07186,6.9718294,0.60534688,319.8,2,0,0,0,0,0,21624,17.768895,12
29.411765,34,1,1,18,100,4.8704177,405.86814,8.0184222,184.96977,6.9636347,0.60161148,319,2,0,0,0,0,0,20842,17.784553,12
29.411765,34,1,1,19,100,4.8781554,406.51295,8.028062,185.19214,6.9651655,0.60311703,318.9,2,0,0,0,0,0,20203,17.791491,12
29.411765,34,1,2,0,100,4.7911898,399.26582,7.4692872,172.30226,6.5085308,0.4515322,226.7,2.0000008,0,0,0,0,0,24992,18.779939,12
29.411765,34,1,2,1,100,4.7927479,399.39566,7.4766396,172.47187,6.5068686,0.45268135,226.6,2.0000009,0,0,0,0,0,24008,18.767598,12
29.411765,34,1,2,2,100,4.7904212,399.20176,7.4758061,172.45264,6.5035042,0.44929247,226.1,2.0000009,0,0,0,0,0,25010,18.760533,12
29.411765,34,1,2,3,100,4.7904201,399.20168,7.4679838,172.2722,6.500954,0.45008785,226,2.0000009,0,0,0,0,0,24027,18.780191,12
29.411765,34,1,2,4,100,4.7833257,398.61048,7.4681907,172.27697,6.5085028,0.4501162,227.8,2.0000008,0,0,0,0,0,25878,18.751899,12
29.411765,34,1,2,5,100,4.8005434,400.04529,7.492019,172.82664,6.507243,0.45446892,227.2,2.0000009,0,0,0,0,0,25794,18.75953,12
29.411765,34,1,2,6,100,4.786907,398.90892,7.4627066,172.15046,6.5049536,0.45227935,226.1,2.0000009,0,0,0,0,0,24089,18.779744,12
29.411765,34,1,2,7,100,4.7881116,399.0093,7.4647707,172.19808,6.500806,0.45003961,225.3,2.0000009,0,0,0,0,0,25905,18.779238,12
29.411765,34,1,2,8,100,4.7915132,399.29276,7.4833192,172.62596,6.517922,0.45279448,229.4,2.0000007,0,0,0,0,0,25108,18.746046,12
29.411765,34,1,2,9,100,4.7879032,398.99194,7.4608447,172.10751,6.5014236,0.44666878,224.8,2.000001,0,0,0,0,0,24958,18.788255,12
29.411765,34,1,2,10,100,4.7854445,398.78704,7.4654403,172.21352,6.5085847,0.45003202,226.5,2.0000009,0,0,0,0,0,25122,18.767112,12
29.411765,34,1,2,11,100,4.7903433,399.19528,7.4832094,172.62342,6.5062622,0.45440436,226.6,2.0000009,0,0,0,0,0,25246,18.741759,12
29.411765,34,1,2,12,100,4.7803515,398.36263,7.4577441,172.03599,6.5083252,0.44915308,226.6,2.0000009,0,0,0,0,0,25050,18.7665,12
29.411765,34,1,2,13,100,4.7983872,399.8656,7.4968074,172.9371,6.5124772,0.45382453,228.5,2.0000008,0,0,0,0,0,25197,18.739146,12
29.411765,34,1,2,14,100,4.7923683,399.36402,7.4759295,172.45549,6.5137795,0.44845829,227.5,2.0000008,0,0,0,0,0,25144,18.767839,12
29.411765,34,1,2,15,100,4.7953527,399.61273,7.4787851,172.52136,6.5102397,0.45007521,226.6,2.0000009,0,0,0,0,0,23990,18.772342,12
29.411765,34,1,2,16,100,4.7946856,399.55713,7.4842659,172.64779,6.5023501,0.45119151,226.4,2.0000009,0,0,0,0,0,25137,18.756039,12
29.411765,34,1,2,17,100,4.7917417,399.31181,7.4778169,172.49903,6.5047797,0.45142597,226.4,2.0000009,0,0,0,0,0,25887,18.76069,12
29.411765,34,1,2,18,100,4.7874802,398.95668,7.4690508,172.29681,6.5124988,0.4513884,227.3,2.0000008,0,0,0,0,0,25039,18.766017,12
29.411765,34,1,2,19,100,4.7941598,399.51332,7.4735236,172.39999,6.5010686,0.45249144,225.2,2.0000009,0,0,0,0,0,24146,18.780951,12
35.714286,28,0,1,0,100,4.242326,353.52717,7.5817569,174.89673,5.8580275,0.5728918,253.1,2.0000002,0,0,0,0,0,9551,16.38336,12
35.714286,28,0,1,1,100,4.2433007,353.60839,7.5804351,174.86623,5.8534732,0.57350255,251.8,2.0000002,0,0,0,0,0,9715,16.389992,12
35.714286,28,0,1,2,100,4.2467559,353.89632,7.5985401,175.28388,5.8550079,0.57347943,252.5,2.0000002,0,0,0,0,0,9792,16.364227,12
35.714286,28,0,1,3,100,4.2441129,353.67607,7.5867721,175.01242,5.8502858,0.57406882,252.4,2.0000002,0,0,0,0,0,9822,16.379419,12
35.714286,28,0,1,4,100,4.2416164,353.46804,7.5935081,175.1678,5.8478705,0.57555022,253,2.0000002,0,0,0,0,0,9900,16.355289,12
35.714286,28,0,1,5,100,4.2430306,353.58589,7.5908987,175.10761,5.8476677,0.57687139,252.4,2.0000002,0,0,0,0,0,9782,16.366373,12
35.714286,28,0,1,6,100,4.2424388,353.53657,7.5829757,174.92484,5.8548827,0.57813627,252.5,2.0000002,0,0,0,0,0,9749,16.381215,12
35.714286,28,0,1,7,100,4.2454684,353.78903,7.5865353,175.00696,5.8512112,0.57582835,251.7,2.0000002,0,0,0,0,0,9595,16.385174,12
35.714286,28,0,1,8,100,4.2407129,353.39275,7.5892837,175.07036,5.8491507,0.57796102,253.4,2.0000002,0,0,0,0,0,9819,16.360929,12
35.714286,28,0,1,9,100,4.2410927,353.42439,7.5739813,174.71736,5.8389518,0.56830089,250,2.0000002,0,0,0,0,0,9626,16.39536,12
35.714286,28,0,1,10,100,4.2432566,353.60472,7.5866717,175.0101,5.8477475,0.57622931,251.7,2.0000002,0,0,0,0,0,9728,16.376352,12
35.714286,28,0,1,11,100,4.2473901,353.94918,7.6026535,175.37877,5.8373147,0.58197721,250.6,2.0000002,0,0,0,0,0,9882,16.357881,12
35.714286,28,0,1,12,100,4.2413543,353.44619,7.5828317,174.92152,5.8486242,0.57781225,251.8,2.0000002,0,0,0,0,0,9760,16.377312,12
35.714286,28,0,1,13,100,4.2441576,353.6798,7.5972786,175.25478,5.8443259,0.57550494,252.5,2.0000002,0,0,0,0,0,9858,16.356967,12
35.714286,28,0,1,14,100,4.2431391,353.59493,7.585528,174.98372,5.8530173,0.5706969,252.7,2.0000002,0,0,0,0,0,9715,16.378316,12
35.714286,28,0,1,15,100,4.2470979,353.92483,7.5902101,175.09173,5.8511033,0.57294106,251.8,2.0000002,0,0,0,0,0,9687,16.38347,12
35.714286,28,0,1,16,100,4.2429708,353.5809,7.5912714,175.11621,5.8426262,0.57548183,251.6,2.0000002,0,0,0,0,0,9754,16.365316,12
35.714286,28,0,1,17,100,4.2456604,353.80503,7.5974604,175.25898,5.8437744,0.57612045,251.6,2.0000002,0,0,0,0,0,9867,16.362355,12
35.714286,28,0,1,18,100,4.2419165,353.49304,7.5844965,174.95992,5.8529331,0.57551126,252.5,2.0000002,0,0,0,0,0,9689,16.375878,12
35.714286,28,0,1,19,100,4.2419429,353.49524,7.5806559,174.87133,5.8514791,0.57707772,251.6,2.0000002,0,0,0,0,0,9640,16.384289,12
35.714286,28,0,2,0,100,4.242326,353.52717,7.5817569,174.89673,5.8580275,0.5728918,253.1,2.0000002,0,0,0,0,0,9551,16.38336,12
35.714286,28,0,2,1,100,4.2433007,353.60839,7.5804351,174.86623,5.8534732,0.57350255,251.8,2.0000002,0,0,0,0,0,9715,16.389992,12
35.714286,28,0,2,2,100,4.2467559,353.89632,7.5985401,175.28388,5.8550079,0.57347943,252.5,2.0000002,0,0,0,0,0,9792,16.364227,12
35.714286,28,0,2,3,100,4.2441129,353.67607,7.5867721,175.01242,5.8502858,0.57406882,252.4,2.0000002,0,0,0,0,0,9822,16.379419,12
35.714286,28,0,2,4,100,4.2416164,353.46804,7.5935081,175.1678,5.8478705,0.57555022,253,2.0000002,0,0,0,0,0,9900,16.355289,12
35.714286,28,0,2,5,100,4.2430306,353.58589,7.5908987,175.10761,5.8476677,0.57687139,252.4,2.0000002,0,0,0,0,0,9782,16.366373,12
35.714286,28,0,2,6,100,4.2424388,353.53657,7.5829757,174.92484,5.8548827,0.57813627,252.5,2.0000002,0,0,0,0,0,9749,16.381215,12
35.714286,28,0,2,7,100,4.2454684,353.78903,7.5865353,175.00696,5.8512112,0.57582835,251.7,2.0000002,0,0,0,0,0,9595,16.385174,12
35.714286,28,0,2,8,100,4.2407129,353.39275,7.5892837,175.07036,5.8491507,0.57796102,253.4,2.0000002,0,0,0,0,0,9819,16.360929,12
35.714286,28,0,2,9,100,4.2410927,353.42439,7.5739813,174.71736,5.8389518,0.56830089,250,2.0000002,0,0,0,0,0,9626,16.39536,12
35.714286,28,0,2,10,100,4.2432566,353.60472,7.5866717,175.0101,5.8477475,0.57622931,251.7,2.0000002,0,0,0,0,0,9728,16.376352,12
35.714286,28,0,2,11,100,4.2473901,353.94918,7.6026535,175.37877,5.8373147,0.58197721,250.6,2.0000002,0,0,0,0,0,9882,16.357881,12
35.714286,28,0,2,12,100,4.2413543,353.44619,7.5828317,174.92152,5.8486242,0.57781225,251.8,2.0000002,0,0,0,0,0,9760,16.377312,12
35.714286,28,0,2,13,100,4.2441576,353.6798,7.5972786,175.25478,5.8443259,0.57550494,252.5,2.0000002,0,0,0,0,0,9858,16.356967,12
35.714286,28,0,2,14,100,4.2431391,353.59493,7.585528,174.98372,5.8530173,0.5706969,252.7,2.0000002,0,0,0,0,0,9715,16.378316,12
35.714286,28,0,2,15,100,4.2470979,353.92483,7.5902101,175.09173,5.8511033,0.57294106,251.8,2.0000002,0,0,0,0,0,9687,16.38347,12
35.714286,28,0,2,16,100,4.2429708,353.5809,7.5912714,175.11621,5.8426262,0.57548183,251.6,2.0000002,0,0,0,0,0,9754,16.365316,12
35.714286,28,0,2,17,100,4.2456604,353.80503,7.5974604,175.25898,5.8437744,0.57612045,251.6,2.0000002,0,0,0,0,0,9867,16.362355,12
35.714286,28,0,2,18,100,4.2419165,353.49304,7.5844965,174.95992,5.8529331,0.57551126,252.5,2.0000002,0,0,0,0,0,9689,16.375878,12
35.714286,28,0,2,19,100,4.2419429,353.49524,7.5806559,174.87133,5.8514791,0.57707772,251.6,2.0000002,0,0,0,0,0,9640,16.384289,12
35.714286,28,0.25,1,0,100,4.5053364,375.4447,8.1225006,187.37066,6.479891,0.63082737,311.9,2,0,0,0,0,0,11947,16.24174,12
35.714286,28,0.25,1,1,100,4.3995704,366.63087,7.7617501,179.04883,6.1077321,0.60069583,268.8,2.0000001,0,0,0,0,0,13597,16.596657,12
35.714286,28,0.25,1,2,100,4.4926491,374.38742,7.9886134,184.28213,6.2660993,0.61280613,282.4,2,0,0,0,0,0,13285,16.466959,12
35.714286,28,0.25,1,3,100,4.4113758,367.61465,7.7343475,178.4167,6.0686699,0.58817927,257.2,2.0000001,0,0,0,0,0,13613,16.699995,12
35.714286,28,0.25,1,4,100,4.4632096,371.93413,7.9559201,183.52796,6.2207548,0.61409725,281.8,2,0,0,0,0,0,13598,16.426267,12
35.714286,28,0.25,1,5,100,4.479304,373.27533,7.9506552,183.40651,6.2448551,0.62615504,286.3,2,0,0,0,0,0,13743,16.496194,12
35.714286,28,0.25,1,6,100,4.3864046,365.53372,7.7266912,178.24009,6.1025301,0.60611545,271.3,2.0000001,0,0,0,0,0,13869,16.622197,12
35.714286,28,0.25,1,7,100,4.4803891,373.36576,7.9769287,184.01259,6.2695544,0.61522102,285.3,2,0,0,0,0,0,13070,16.446155,12
35.714286,28,0.25,1,8,100,4.3737445,364.47871,7.72759,178.26082,6.0767052,0.60349308,271.8,2.0000001,0,0,0,0,0,14213,16.572131,12
35.714286,28,0.25,1,9,100,4.4579828,371.49856,7.963959,183.7134,6.2247708,0.62785648,287.8,2,0,0,0,0,0,13528,16.390593,12
35.714286,28,0.25,1,10,100,4.5778781,381.48984,8.3004355,191.47528,6.5456053,0.68644069,325.7,2,0,0,0,0,0,14336,16.149747,12
35.714286,28,0.25,1,11,100,4.4230301,368.58584,7.8191307,180.37249,6.1787449,0.61869215,274.8,2,0,0,0,0,0,12966,16.563167,12
35.714286,28,0.25,1,12,100,4.5127994,376.06662,8.0381254,185.42428,6.2283323,0.6282508,279.7,2,0,0,0,0,0,13035,16.438921,12
35.714286,28,0.25,1,13,100,4.4065557,367.21298,7.8551027,181.2023,6.163395,0.61793341,281.6,2,0,0,0,0,0,13640,16.425973,12
35.714286,28,0.25,1,14,100,4.453758,371.1465,7.8368394,180.781,6.2253268,0.62001717,282.3,2,0,0,0,0,0,14319,16.640122,12
35.714286,28,0.25,1,15,100,4.4808348,373.4029,8.0044842,184.64824,6.2455896,0.61908921,285.3,2,0,0,0,0,0,13345,16.391149,12
35.714286,28,0.25,1,16,100,4.3926737,366.05614,7.79897,179.90742,6.0945689,0.60674456,272.4,2.0000001,0,0,0,0,0,12990,16.4919,12
35.714286,28,0.25,1,17,100,4.4506767,370.88973,7.8396234,180.84522,6.1389019,0.59753328,266.4,2.0000001,0,0,0,0,0,14458,16.622719,12
35.714286,28,0.25,1,18,100,4.4849567,373.74639,7.9659529,183.7594,6.2579676,0.62781748,286.8,2,0,0,0,0,0,13493,16.485787,12
35.714286,28,0.25,1,19,100,4.4570457,371.42047,7.9223172,182.75281,6.2611556,0.63082049,285,2,0,0,0,0,0,12866,16.473008,12
35.714286,28,0.25,2,0,100,4.3067853,358.89877,7.6194921,175.76721,5.9338729,0.57233698,251.9,2.0000002,0,0,0,0,0,12554,16.549877,12
35.714286,28,0.25,2,1,100,4.3397188,361.64323,7.6398909,176.23777,5.9756116,0.57244287,251.8,2.0000002,0,0,0,0,0,13472,16.631897,12
35.714286,28,0.25,2,2,100,4.3380056,361.50046,7.6518961,176.5147,5.963435,0.57280564,251.3,2.0000002,0,0,0,0,0,13493,16.599213,12
35.714286,28,0.25,2,3,100,4.3656488,363.80406,7.6503736,176.47958,6.0068261,0.57474572,251.2,2.0000002,0,0,0,0,0,13865,16.708209,12
35.714286,28,0.25,2,4,100,4.314301,359.52508,7.6374955,176.18251,5.9342307,0.57443617,253,2.0000002,0,0,0,0,0,13774,16.5397,12
35.714286,28,0.25,2,5,100,4.3413276,361.7773,7.6485329,176.43712,5.9478974,0.57557185,251.2,2.0000002,0,0,0,0,0,14610,16.619269,12
35.714286,28,0.25,2,6,100,4.3410404,361.75337,7.6383035,176.20115,5.9663784,0.57767377,251.3,2.0000002,0,0,0,0,0,13957,16.640415,12
35.714286,28,0.25,2,7,100,4.3199471,359.99559,7.6285281,175.97565,5.9347499,0.5749565,250.5,2.0000002,0,0,0,0,0,13538,16.580778,12
35.714286,28,0.25,2,8,100,4.3318706,360.98921,7.6454076,176.36503,5.9534125,0.57650255,253.4,2.0000002,0,0,0,0,0,14450,16.589888,12
35.714286,28,0.25,2,9,100,4.3039688,358.66407,7.6161132,175.68926,5.9043459,0.56646164,250,2.0000002,0,0,0,0,0,14065,16.546405,12
35.714286,28,0.25,2,10,100,4.3445594,362.04662,7.6470223,176.40227,5.9483159,0.57483992,250.5,2.0000002,0,0,0,0,0,14632,16.634917,12
35.714286,28,0.25,2,11,100,4.354401,362.86675,7.6649009,176.8147,5.9870717,0.58220271,250.6,2.0000002,0,0,0,0,0,13400,16.633709,12
35.714286,28,0.25,2,12,100,4.317106,359.75884,7.6268171,175.93618,5.92956,0.57697613,250.6,2.0000002,0,0,0,0,0,13791,16.573616,12
35.714286,28,0.25,2,13,100,4.3117899,359.31582,7.6402543,176.24615,5.9170253,0.57421067,252.5,2.0000002,0,0,0,0,0,13828,16.524129,12
35.714286,28,0.25,2,14,100,4.3720083,364.33403,7.6568753,176.62956,6.0077926,0.57011119,251.5,2.0000002,0,0,0,0,0,14595,16.718337,12
35.714286,28,0.25,2,15,100,4.3111908,359.2659,7.6306705,176.02507,5.9227402,0.57163674,251.8,2.0000002,0,0,0,0,0,13552,16.542517,12
35.714286,28,0.25,2,16,100,4.3133647,359.44706,7.6361047,176.15043,5.9177499,0.57416626,251.6,2.0000002,0,0,0,0,0,13800,16.539127,12
35.714286,28,0.25,2,17,100,4.3726638,364.38865,7.6700999,176.93463,6.0027735,0.57540381,251.6,2.0000002,0,0,0,0,0,14648,16.69208,12
35.714286,28,0.25,2,18,100,4.333094,361.09117,7.6381915,176.19857,5.9507175,0.57435568,251.3,2.0000002,0,0,0,0,0,14410,16.610209,12
35.714286,28,0.25,2,19,100,4.3319917,360.99931,7.6340291,176.10255,5.9550598,0.57621415,250.4,2.0000002,0,0,0,0,0,13456,16.615048,12
35.714286,28,0.5,1,0,100,4.5504656,379.20547,7.9813843,184.11537,6.3274947,0.62514035,282.9,2,0,0,0,0,0,15955,16.694134,12
35.714286,28,0.5,1,1,100,4.4976726,374.80605,7.8872785,181.94453,6.2180212,0.62221106,278.1,2,0,0,0,0,0,16689,16.696847,12
35.714286,28,0.5,1,2,100,4.5801338,381.67782,8.028389,185.19968,6.4037331,0.63370269,286.6,2,0,0,0,0,0,16550,16.704364,12
35.714286,28,0.5,1,3,100,4.5910265,382.58554,7.992228,184.36552,6.4245611,0.62591076,283.8,2,0,0,0,0,0,16104,16.819501,12
35.714286,28,0.5,1,4,100,4.5849246,382.07705,8.3109415,191.71763,6.7861392,0.6624214,343,2,0,0,0,0,0,14991,16.154148,12
35.714286,28,0.5,1,5,100,4.624122,385.3435,8.1318478,187.58628,6.4682149,0.64989541,295.6,2,0,0,0,0,0,16959,16.650285,12
35.714286,28,0.5,1,6,100,4.5329252,377.74377,7.9197648,182.69393,6.3101874,0.63000918,288.5,2,0,0,0,0,0,17233,16.758727,12
35.714286,28,0.5,1,7,100,4.5916284,382.6357,7.9191334,182.67936,6.3683491,0.61973041,273.6,2,0,0,0,0,0,15977,16.97712,12
35.714286,28,0.5,1,8,100,4.6139249,384.49374,8.1089823,187.05882,6.4581114,0.65048726,292.4,2,0,0,0,0,0,17074,16.660646,12
35.714286,28,0.5,1,9,100,4.5329529,377.74607,7.9845616,184.18866,6.3082783,0.62574245,287.6,2,0,0,0,0,0,17014,16.623012,12
35.714286,28,0.5,1,10,100,4.6694848,389.12373,8.3667539,193.00512,6.6405522,0.68597332,324.6,2,0,0,0,0,0,17471,16.342048,12
35.714286,28,0.5,1,11,100,4.524275,377.02292,7.8797295,181.77039,6.2678064,0.61886988,275.3,2,0,0,0,0,0,16533,16.811629,12
35.714286,28,0.5,1,12,100,4.6060469,383.83724,8.1667855,188.39222,6.5221531,0.66503334,305,2,0,0,0,0,0,15905,16.514457,12
35.714286,28,0.5,1,13,100,4.6780041,389.83367,8.4018497,193.81471,6.6570315,0.68894013,325.3,2,0,0,0,0,0,16117,16.303623,12
35.714286,28,0.5,1,14,100,4.5965909,383.04924,8.0291405,185.21702,6.4260992,0.63427065,291.6,2,0,0,0,0,0,16174,16.762906,12
35.714286,28,0.5,1,15,100,4.511279,375.93992,7.9251195,182.81745,6.2560768,0.61813805,279.5,2,0,0,0,0,0,17333,16.66778,12
35.714286,28,0.5,1,16,100,4.5729975,381.08313,7.9842802,184.18218,6.32693,0.62007732,278.7,2.0000001,0,0,0,0,0,16725,16.770166,12
35.714286,28,0.5,1,17,100,4.6296039,385.80032,8.1308339,187.56289,6.4653556,0.64511748,293.6,2,0,0,0,0,0,18084,16.67238,12
35.714286,28,0.5,1,18,100,4.6203435,385.02863,8.1229675,187.38143,6.4658568,0.65268974,292.2,2,0,0,0,0,0,16030,16.654809,12
35.714286,28,0.5,1,19,100,4.6004277,383.36898,8.1035707,186.93398,6.4712818,0.64827599,292.5,2,0,0,0,0,0,16928,16.623076,12
35.714286,28,0.5,2,0,100,4.4307437,369.22864,7.6984504,177.58862,6.0665612,0.57111424,250.7,2.0000002,0,0,0,0,0,16665,16.85152,12
35.714286,28,0.5,2,1,100,4.4166107,368.05089,7.6986267,177.59269,6.027236,0.57040715,249.4,2.0000002,0,0,0,0,0,17148,16.797503,12
35.714286,28,0.5,2,2,100,4.4673121,372.27601,7.7320953,178.36475,6.0981568,0.57210077,250.1,2.0000002,0,0,0,0,0,17081,16.916594,12
35.714286,28,0.5,2,3,100,4.4965376,374.71146,7.7322555,178.36844,6.1581836,0.57522753,250,2.0000002,0,0,0,0,0,16592,17.026814,12
35.714286,28,0.5,2,4,100,4.3983149,366.52624,7.6957227,177.5257,6.021668,0.57294634,251.8,2.0000002,0,0,0,0,0,17372,16.734216,12
35.714286,28,0.5,2,5,100,4.4717635,372.64696,7.7353481,178.43978,6.0877138,0.57464447,250,2.0000002,0,0,0,0,0,17736,16.926414,12
35.714286,28,0.5,2,6,100,4.4375696,369.79747,7.7029581,177.69261,6.0609408,0.57611335,250.1,2.0000002,0,0,0,0,0,17719,16.867653,12
35.714286,28,0.5,2,7,100,4.5190421,376.58684,7.7430902,178.61838,6.1953854,0.57715636,249.3,2.0000002,0,0,0,0,0,16389,17.088049,12
35.714286,28,0.5,2,8,100,4.4709036,372.5753,7.732903,178.38338,6.0954536,0.57598939,251,2.0000002,0,0,0,0,0,17696,16.928512,12
35.714286,28,0.5,2,9,100,4.4092218,367.43515,7.680463,177.17369,6.0039342,0.56542736,247.6,2.0000003,0,0,0,0,0,17574,16.808945,12
35.714286,28,0.5,2,10,100,4.4471305,370.59421,7.7217066,178.1251,6.0441558,0.5730279,249.3,2.0000002,0,0,0,0,0,18404,16.862981,12
35.714286,28,0.5,2,11,100,4.4619201,371.82667,7.7282079,178.27507,6.0885689,0.58139056,248.2,2.0000002,0,0,0,0,0,16855,16.904718,12
35.714286,28,0.5,2,12,100,4.434867,369.57225,7.7014138,177.65698,6.0641102,0.57644939,249.4,2.0000002,0,0,0,0,0,16721,16.860723,12
35.714286,28,0.5,2,13,100,4.43925,369.9375,7.7216316,178.12337,6.0564881,0.57354048,251.3,2.0000002,0,0,0,0,0,17040,16.833225,12
35.714286,28,0.5,2,14,100,4.4732769,372.77308,7.7212606,178.11481,6.123153,0.57006472,250.3,2.0000002,0,0,0,0,0,16806,16.962883,12
35.714286,28,0.5,2,15,100,4.4187964,368.23303,7.6991606,177.60501,6.0198455,0.57015539,249.4,2.0000002,0,0,0,0,0,17570,16.804535,12
35.714286,28,0.5,2,16,100,4.4599791,371.66493,7.7206254,178.10016,6.087111,0.5746253,249.2,2.0000002,0,0,0,0,0,16898,16.913926,12
35.714286,28,0.5,2,17,100,4.4962516,374.68763,7.7518297,178.81998,6.1071243,0.57392834,249.2,2.0000002,0,0,0,0,0,18705,16.982858,12
35.714286,28,0.5,2,18,100,4.4455368,370.4614,7.7096813,177.8477,6.0755904,0.57412726,250.1,2.0000002,0,0,0,0,0,16840,16.883143,12
35.714286,28,0.5,2,19,100,4.4624943,371.87453,7.7228396,178.15124,6.0844865,0.57476289,249.2,2.0000002,0,0,0,0,0,17518,16.918716,12
35.714286,28,0.75,1,0,100,4.7828968,398.57473,8.1608165,188.25453,6.647842,0.65774067,299.5,2,0,0,0,0,0,20543,17.160319,12
35.714286,28,0.75,1,1,100,4.7638016,396.98347,8.1179211,187.26502,6.5687736,0.64656337,284.5,2,0,0,0,0,0,20400,17.182298,12
35.714286,28,0.75,1,2,100,4.7247425,393.72855,8.1915862,188.96433,6.6145125,0.64669229,292.9,2,0,0,0,0,0,20605,16.888538,12
35.714286,28,0.75,1,3,100,4.8032227,400.26856,8.4469019,194.85398,6.8093515,0.69327015,322.4,2,0,0,0,0,0,19073,16.650433,12
35.714286,28,0.75,1,4,100,4.6935288,391.1274,8.1769503,188.62671,6.6431912,0.64866717,307.4,2,0,0,0,0,0,20771,16.807048,12
35.714286,28,0.75,1,5,100,4.7320629,394.33857,8.1804968,188.70852,6.603146,0.65191073,293.7,2,0,0,0,0,0,20256,16.937565,12
35.714286,28,0.75,1,6,100,4.7643485,397.02904,8.2811103,191.02948,6.6692476,0.67046895,308.6,2,0,0,0,0,0,21314,16.84612,12
35.714286,28,0.75,1,7,100,4.7325872,394.38227,8.1243049,187.41228,6.6143997,0.65029897,293.4,2,0,0,0,0,0,20040,17.056266,12
35.714286,28,0.75,1,8,100,4.7245521,393.71268,8.1534721,188.08511,6.573074,0.65690507,288,2,0,0,0,0,0,21019,16.96654,12
35.714286,28,0.75,1,9,100,4.7668792,397.23993,8.1459459,187.9115,6.6092001,0.64228743,285.6,2,0,0,0,0,0,20372,17.134422,12
35.714286,28,0.75,1,10,100,4.8267218,402.22682,8.4430276,194.7646,6.8166543,0.69153273,320.5,2,0,0,0,0,0,21178,16.739303,12
35.714286,28,0.75,1,11,100,4.6709407,389.24506,8.0340402,185.33004,6.4447967,0.63551457,281,2,0,0,0,0,0,20801,17.023515,12
35.714286,28,0.75,1,12,100,4.7939149,399.49291,8.3050932,191.58272,6.7314105,0.67204239,298,2,0,0,0,0,0,19145,16.901746,12
35.714286,28,0.75,1,13,100,4.8048909,400.40758,8.4703473,195.39482,6.8108808,0.69230076,323.7,2,0,0,0,0,0,19564,16.610066,12
35.714286,28,0.75,1,14,100,4.8342578,402.85482,8.3504114,192.62813,6.7758047,0.68194128,314.9,2,0,0,0,0,0,19717,16.95144,12
35.714286,28,0.75,1,15,100,4.800135,400.01125,8.4367081,194.61883,6.7823506,0.68615747,321.6,2,0,0,0,0,0,19872,16.659981,12
35.714286,28,0.75,1,16,100,4.7644091,397.03409,8.3155702,191.8244,6.754859,0.67248845,305.4,2,0,0,0,0,0,19815,16.776841,12
35.714286,28,0.75,1,17,100,4.8032413,400.27011,8.3580315,192.80391,6.7671953,0.67743823,303.4,2,0,0,0,0,0,19140,16.827339,12
35.714286,28,0.75,1,18,100,4.7429326,395.24439,8.2331377,189.92284,6.7108635,0.66857312,300.3,2,0,0,0,0,0,20064,16.867764,12
35.714286,28,0.75,1,19,100,4.8551032,404.59194,8.4727664,195.45062,6.8578302,0.69633398,320.6,2,0,0,0,0,0,20326,16.778654,12
35.714286,28,0.75,2,0,100,4.6730597,389.42165,7.8596752,181.30777,6.2659262,0.57161335,244.7,2.0000003,0,0,0,0,0,21213,17.408388,12
35.714286,28,0.75,2,1,100,4.6787461,389.89551,7.8589744,181.29161,6.2538625,0.57262691,242.2,2.0000003,0,0,0,0,0,21204,17.431123,12
35.714286,28,0.75,2,2,100,4.6636148,388.63456,7.8704399,181.5561,6.2347195,0.57123988,244.1,2.0000003,0,0,0,0,0,21657,17.349472,12
35.714286,28,0.75,2,3,100,4.6985237,391.54364,7.8720894,181.59415,6.2995937,0.5748786,244,2.0000003,0,0,0,0,0,21026,17.475563,12
35.714286,28,0.75,2,4,100,4.6161354,384.67795,7.8504246,181.09438,6.2023853,0.57300534,247,2.0000003,0,0,0,0,0,21253,17.216775,12
35.714286,28,0.75,2,5,100,4.6411962,386.76635,7.8565199,181.23499,6.2165412,0.57452223,245.2,2.0000003,0,0,0,0,0,21357,17.296756,12
35.714286,28,0.75,2,6,100,4.6485174,387.37645,7.8486215,181.05278,6.2150587,0.57572875,244.1,2.0000003,0,0,0,0,0,22437,17.341468,12
35.714286,28,0.75,2,7,100,4.7069303,392.24419,7.8760153,181.68471,6.3116675,0.57616815,243.3,2.0000003,0,0,0,0,0,20956,17.498101,12
35.714286,28,0.75,2,8,100,4.6280055,385.66713,7.8505212,181.09661,6.2005675,0.57489492,246.2,2.0000003,0,0,0,0,0,21540,17.260822,12
35.714286,28,0.75,2,9,100,4.6700188,389.16823,7.8544236,181.18663,6.247951,0.56654878,242.8,2.0000003,0,0,0,0,0,21323,17.408664,12
35.714286,28,0.75,2,10,100,4.6744207,389.53506,7.8649742,181.43001,6.2221967,0.5731456,242.1,2.0000004,0,0,0,0,0,23226,17.401763,12
35.714286,28,0.75,2,11,100,4.6241062,385.34218,7.8600941,181.31744,6.1954329,0.57942653,244.6,2.0000003,0,0,0,0,0,21250,17.225312,12
35.714286,28,0.75,2,12,100,4.6882429,390.68691,7.8665038,181.4653,6.2832294,0.5774403,243.4,2.0000003,0,0,0,0,0,21210,17.449766,12
35.714286,28,0.75,2,13,100,4.6645143,388.70953,7.8721123,181.59467,6.2486134,0.57404867,245.3,2.0000003,0,0,0,0,0,21376,17.34916,12
35.714286,28,0.75,2,14,100,4.6853346,390.44455,7.8673877,181.48569,6.280317,0.57004602,244.3,2.0000003,0,0,0,0,0,21163,17.436932,12
35.714286,28,0.75,2,15,100,4.6599338,388.32782,7.8637061,181.40076,6.2281308,0.5699385,244.6,2.0000003,0,0,0,0,0,21630,17.350614,12
35.714286,28,0.75,2,16,100,4.7269645,393.91371,7.891809,182.04904,6.3197986,0.57565437,243.2,2.0000003,0,0,0,0,0,21490,17.537368,12
35.714286,28,0.75,2,17,100,4.7926921,399.391,7.9230223,182.76907,6.4010663,0.57964688,242,2.0000004,0,0,0,0,0,21801,17.711011,12
35.714286,28,0.75,2,18,100,4.619619,384.96825,7.8423364,180.9078,6.1944517,0.57248364,245.3,2.0000003,0,0,0,0,0,21288,17.247526,12
35.714286,28,0.75,2,19,100,4.6913279,390.94399,7.8674527,181.48719,6.2574973,0.57502918,242,2.0000003,0,0,0,0,0,22387,17.459167,12
35.714286,28,1,1,0,100,4.9810885,415.0907,8.49654,195.99903,6.9801297,0.6948167,313.7,2,0,0,0,0,0,21770,17.165607,12
35.714286,28,1,1,1,100,4.9339942,411.16618,8.3915159,193.57633,6.9068494,0.67960256,298.3,2,0,0,0,0,0,21050,17.216078,12
35.714286,28,1,1,2,100,4.9404637,411.7053,8.4176519,194.17924,6.9116679,0.68018469,298.3,2,0,0,0,0,0,21845,17.185102,12
35.714286,28,1,1,3,100,4.9824807,415.20672,8.5010012,196.10195,6.9841598,0.69683443,314.6,2,0,0,0,0,0,21738,17.161315,12
35.714286,28,1,1,4,100,4.9770582,414.75485,8.5070179,196.24074,6.9889073,0.69651245,315.5,2,0,0,0,0,0,21781,17.130699,12
35.714286,28,1,1,5,100,4.9257448,410.47874,8.4054802,193.89846,6.927659,0.68069788,302.1,2,0,0,0,0,0,21106,17.15903,12
35.714286,28,1,1,6,100,4.9826092,415.21743,8.5015959,196.11566,6.9877048,0.70040763,314.9,2,0,0,0,0,0,21724,17.160659,12
35.714286,28,1,1,7,100,4.918417,409.86808,8.3926963,193.60356,6.9288536,0.67983946,302.6,2,0,0,0,0,0,21069,17.159365,12
35.714286,28,1,1,8,100,4.9806826,415.05688,8.5125295,196.36788,6.9887384,0.69870422,315.7,2,0,0,0,0,0,21767,17.132071,12
35.714286,28,1,1,9,100,4.9375201,411.46001,8.3935335,193.62287,6.8991523,0.67521866,296.8,2,0,0,0,0,0,21822,17.224275,12
35.714286,28,1,1,10,100,4.9809022,415.07519,8.4937994,195.93581,6.9783876,0.69854455,313.3,2,0,0,0,0,0,21740,17.170307,12
35.714286,28,1,1,11,100,4.9212209,410.10174,8.3890983,193.52056,6.9088032,0.68504709,299.8,2,0,0,0,0,0,22634,17.176472,12
35.714286,28,1,1,12,100,4.9167432,409.7286,8.3897673,193.53599,6.9266542,0.68127621,302.5,2,0,0,0,0,0,21134,17.159735,12
35.714286,28,1,1,13,100,4.9830419,415.25349,8.5172805,196.47748,6.9884027,0.69778236,315.2,2,0,0,0,0,0,21768,17.130511,12
35.714286,28,1,1,14,100,4.9840197,415.33498,8.5001559,196.08245,6.9787542,0.69305857,313.6,2,0,0,0,0,0,21740,17.168208,12
35.714286,28,1,1,15,100,4.9865446,415.54539,8.5008031,196.09738,6.9786993,0.69521848,313.2,2,0,0,0,0,0,21702,17.175602,12
35.714286,28,1,1,16,100,4.9194779,409.95649,8.3830898,193.38195,6.908779,0.67929117,299.1,2,0,0,0,0,0,21930,17.182697,12
35.714286,28,1,1,17,100,4.9452234,412.10195,8.4208453,194.2529,6.9049803,0.68269357,297.4,2,0,0,0,0,0,21815,17.195213,12
35.714286,28,1,1,18,100,4.9778176,414.81814,8.4880119,195.80231,6.9781915,0.69641328,313.3,2,0,0,0,0,0,21747,17.171821,12
35.714286,28,1,1,19,100,4.9827733,415.23111,8.4953145,195.97076,6.9811292,0.69943465,313.4,2,0,0,0,0,0,21760,17.173749,12
35.714286,28,1,2,0,100,4.9442757,412.02298,7.9573819,183.56168,6.4517809,0.57839676,226.7,2.0000008,0,0,0,0,0,25391,18.191844,12
35.714286,28,1,2,1,100,4.947707,412.30891,7.9550753,183.50847,6.4483426,0.580396,225.4,2.0000009,0,0,0,0,0,24464,18.209741,12
35.714286,28,1,2,2,100,4.9489529,412.41274,7.9720885,183.90093,6.4516786,0.58006053,226.1,2.0000009,0,0,0,0,0,25346,18.175441,12
35.714286,28,1,2,3,100,4.9482937,412.3578,7.9615693,183.65828,6.4459645,0.580623,226,2.0000009,0,0,0,0,0,25359,18.197036,12
35.714286,28,1,2,4,100,4.9435704,411.9642,7.9726257,183.91333,6.4650652,0.58160048,229,2.0000007,0,0,0,0,0,25442,18.154512,12
35.714286,28,1,2,5,100,4.9462587,412.18823,7.9680914,183.80873,6.4549148,0.58303368,227.2,2.0000009,0,0,0,0,0,25371,18.174712,12
35.714286,28,1,2,6,100,4.9465147,412.20956,7.9579077,183.57381,6.4503003,0.58440422,226.1,2.0000009,0,0,0,0,0,25313,18.19892,12
35.714286,28,1,2,7,100,4.9485819,412.38183,7.9615803,183.65853,6.4460511,0.58155899,225.3,2.0000009,0,0,0,0,0,25341,18.198087,12
35.714286,28,1,2,8,100,4.9418306,411.81922,7.9688659,183.8266,6.4645245,0.58382866,229.4,2.0000007,0,0,0,0,0,25396,18.156711,12
35.714286,28,1,2,9,100,4.9442461,412.02051,7.9521613,183.44125,6.442058,0.57389293,224.8,2.000001,0,0,0,0,0,25361,18.203631,12
35.714286,28,1,2,10,100,4.94519,412.09917,7.9638634,183.7112,6.4520141,0.58191569,226.5,2.0000009,0,0,0,0,0,25377,18.180424,12
35.714286,28,1,2,11,100,4.9483714,412.36429,7.9811401,184.10974,6.453876,0.58773406,226.6,2.0000009,0,0,0,0,0,25459,18.152794,12
35.714286,28,1,2,12,100,4.9426487,411.88739,7.9604022,183.63135,6.4519758,0.58351639,226.6,2.0000009,0,0,0,0,0,25421,18.178997,12
35.714286,28,1,2,13,100,4.945093,412.09108,7.9764585,184.00174,6.4606269,0.58127471,228.5,2.0000008,0,0,0,0,0,25462,18.151385,12
35.714286,28,1,2,14,100,4.944305,412.02541,7.9627078,183.68454,6.4561417,0.57630268,227.5,2.0000008,0,0,0,0,0,25392,18.179759,12
35.714286,28,1,2,15,100,4.9511555,412.59629,7.9645689,183.72747,6.4473375,0.57909025,225.4,2.0000009,0,0,0,0,0,25284,18.200655,12
35.714286,28,1,2,16,100,4.9452421,412.10351,7.9689546,183.82864,6.4494029,0.58115928,226.4,2.0000009,0,0,0,0,0,25448,18.168994,12
35.714286,28,1,2,17,100,4.9503138,412.52615,7.9737036,183.93819,6.4532146,0.58311718,226.4,2.0000009,0,0,0,0,0,25344,18.176784,12
35.714286,28,1,2,18,100,4.9435557,411.96297,7.9618844,183.66555,6.4574672,0.5811651,227.3,2.0000008,0,0,0,0,0,25405,18.178935,12
35.714286,28,1,2,19,100,4.9451098,412.09248,7.9563033,183.5368,6.4468297,0.58284174,225.2,2.0000009,0,0,0,0,0,25368,18.197404,12
41.666667,24,0,1,0,100,4.3386392,361.55327,7.9497701,183.38609,5.8957909,0.68304341,251.9,2.0000002,0,0,0,0,0,10541,15.98018,12
41.666667,24,0,1,1,100,4.339956,361.663,7.9511317,183.4175,5.9033093,0.68288427,251.8,2.0000002,0,0,0,0,0,10571,15.982311,12
41.666667,24,0,1,2,100,4.3422304,361.85253,7.9688272,183.8257,5.8949096,0.68433243,251.3,2.0000002,0,0,0,0,0,10640,15.955153,12
41.666667,24,0,1,3,100,4.3394584,361.62153,7.958229,183.58122,5.8992443,0.68377131,252.4,2.0000002,0,0,0,0,0,10707,15.966224,12
41.666667,24,0,1,4,100,4.3370111,361.4176,7.9661843,183.76474,5.8971325,0.68556391,253,2.0000002,0,0,0,0,0,10790,15.941315,12
41.666667,24,0,1,5,100,4.3384023,361.53352,7.9621933,183.67267,5.8976095,0.68459126,252.4,2.0000002,0,0,0,0,0,10705,15.954415,12
41.666667,24,0,1,6,100,4.339201,361.60009,7.9548161,183.50249,5.9055985,0.68760704,252.5,2.0000002,0,0,0,0,0,10637,15.972183,12
41.666667,24,0,1,7,100,4.3422429,361.85357,7.9540129,183.48397,5.8893546,0.68535627,250.5,2.0000002,0,0,0,0,0,10536,15.98493,12
41.666667,24,0,1,8,100,4.3366062,361.38385,7.9601541,183.62563,5.8979693,0.68654468,253.4,2.0000002,0,0,0,0,0,10687,15.951912,12
41.666667,24,0,1,9,100,4.3390281,361.58567,7.945443,183.28627,5.8858768,0.67905802,250,2.0000002,0,0,0,0,0,10585,15.990274,12
41.666667,24,0,1,10,100,4.3384473,361.53727,7.9561092,183.53232,5.8835503,0.68572823,250.5,2.0000002,0,0,0,0,0,10689,15.96677,12
41.666667,24,0,1,11,100,4.3437823,361.98186,7.9747352,183.96199,5.8867369,0.69097856,250.6,2.0000002,0,0,0,0,0,10681,15.949107,12
41.666667,24,0,1,12,100,4.3373145,361.44288,7.9518934,183.43507,5.8853941,0.6878519,250.6,2.0000002,0,0,0,0,0,10647,15.971075,12
41.666667,24,0,1,13,100,4.3407731,361.73109,7.9673,183.79047,5.8941689,0.68402652,252.5,2.0000002,0,0,0,0,0,10661,15.952889,12
41.666667,24,0,1,14,100,4.339033,361.58608,7.9548664,183.50365,5.8900034,0.68087152,251.5,2.0000002,0,0,0,0,0,10611,15.971359,12
41.666667,24,0,1,15,100,4.3446638,362.05532,7.9622908,183.67492,5.9020647,0.68280397,251.8,2.0000002,0,0,0,0,0,10553,15.977167,12
41.666667,24,0,1,16,100,4.3384562,361.53802,7.9622682,183.6744,5.8909501,0.68401862,251.6,2.0000002,0,0,0,0,0,10721,15.954442,12
41.666667,24,0,1,17,100,4.3425194,361.87662,7.9740131,183.94533,5.906179,0.68588087,252.8,2.0000002,0,0,0,0,0,10727,15.945885,12
41.666667,24,0,1,18,100,4.3374846,361.45705,7.9524925,183.44889,5.8907834,0.68456256,251.3,2.0000002,0,0,0,0,0,10612,15.97048,12
41.666667,24,0,1,19,100,4.3388015,361.56679,7.949218,183.37336,5.8910092,0.68570043,250.4,2.0000002,0,0,0,0,0,10573,15.981918,12
41.666667,24,0,2,0,100,4.3386392,361.55327,7.9497701,183.38609,5.8957909,0.68304341,251.9,2.0000002,0,0,0,0,0,10541,15.98018,12
41.666667,24,0,2,1,100,4.339956,361.663,7.9511317,183.4175,5.9033093,0.68288427,251.8,2.0000002,0,0,0,0,0,10571,15.982311,12
41.666667,24,0,2,2,100,4.3422304,361.85253,7.9688272,183.8257,5.8949096,0.68433243,251.3,2.0000002,0,0,0,0,0,10640,15.955153,12
41.666667,24,0,2,3,100,4.3394584,361.62153,7.958229,183.58122,5.8992443,0.68377131,252.4,2.0000002,0,0,0,0,0,10707,15.966224,12
41.666667,24,0,2,4,100,4.3370111,361.4176,7.9661843,183.76474,5.8971325,0.68556391,253,2.0000002,0,0,0,0,0,10790,15.941315,12
41.666667,24,0,2,5,100,4.3384023,361.53352,7.9621933,183.67267,5.8976095,0.68459126,252.4,2.0000002,0,0,0,0,0,10705,15.954415,12
41.666667,24,0,2,6,100,4.339201,361.60009,7.9548161,183.50249,5.9055985,0.68760704,252.5,2.0000002,0,0,0,0,0,10637,15.972183,12
41.666667,24,0,2,7,100,4.3422429,361.85357,7.9540129,183.48397,5.8893546,0.68535627,250.5,2.0000002,0,0,0,0,0,10536,15.98493,12
41.666667,24,0,2,8,100,4.3366062,361.38385,7.9601541,183.62563,5.8979693,0.68654468,253.4,2.0000002,0,0,0,0,0,10687,15.951912,12
41.666667,24,0,2,9,100,4.3390281,361.58567,7.945443,183.28627,5.8858768,0.67905802,250,2.0000002,0,0,0,0,0,10585,15.990274,12
41.666667,24,0,2,10,100,4.3384473,361.53727,7.9561092,183.53232,5.8835503,0.68572823,250.5,2.0000002,0,0,0,0,0,10689,15.96677,12
41.666667,24,0,2,11,100,4.3437823,361.98186,7.9747352,183.96199,5.8867369,0.69097856,250.6,2.0000002,0,0,0,0,0,10681,15.949107,12
41.666667,24,0,2,12,100,4.3373145,361.44288,7.9518934,183.43507,5.8853941,0.6878519,250.6,2.0000002,0,0,0,0,0,10647,15.971075,12
41.666667,24,0,2,13,100,4.3407731,361.73109,7.9673,183.79047,5.8941689,0.68402652,252.5,2.0000002,0,0,0,0,0,10661,15.952889,12
41.666667,24,0,2,14,100,4.339033,361.58608,7.9548664,183.50365,5.8900034,0.68087152,251.5,2.0000002,0,0,0,0,0,10611,15.971359,12
41.666667,24,0,2,15,100,4.3446638,362.05532,7.9622908,183.67492,5.9020647,0.68280397,251.8,2.0000002,0,0,0,0,0,10553,15.977167,12
41.666667,24,0,2,16,100,4.3384562,361.53802,7.9622682,183.6744,5.8909501,0.68401862,251.6,2.0000002,0,0,0,0,0,10721,15.954442,12
41.666667,24,0,2,17,100,4.3425194,361.87662,7.9740131,183.94533,5.906179,0.68588087,252.8,2.0000002,0,0,0,0,0,10727,15.945885,12
41.666667,24,0,2,18,100,4.3374846,361.45705,7.9524925,183.44889,5.8907834,0.68456256,251.3,2.0000002,0,0,0,0,0,10612,15.97048,12
41.666667,24,0,2,19,100,4.3388015,361.56679,7.949218,183.37336,5.8910092,0.68570043,250.4,2.0000002,0,0,0,0,0,10573,15.981918,12
41.666667,24,0.25,1,0,100,4.578439,381.53658,8.4842056,195.7145,6.5583815,0.73130469,316.7,2,0,0,0,0,0,12255,15.802221,12
41.666667,24,0.25,1,1,100,4.4760277,373.00231,8.1000858,186.85359,6.1673347,0.7045475,270.4,2.0000001,0,0,0,0,0,13848,16.180441,12
41.666667,24,0.25,1,2,100,4.5956666,382.97222,8.3834296,193.38979,6.341029,0.72167997,281.8,2,0,0,0,0,0,13295,16.051816,12
41.666667,24,0.25,1,3,100,4.5074274,375.61895,8.09274,186.68414,6.1241237,0.69836388,256,2.0000002,0,0,0,0,0,14268,16.308433,12
41.666667,24,0.25,1,4,100,4.5497273,379.14394,8.3273677,192.09655,6.3091499,0.71874105,285.4,2,0,0,0,0,0,13935,15.998378,12
41.666667,24,0.25,1,5,100,4.5679713,380.66427,8.31498,191.81079,6.303361,0.72933052,277.7,2,0,0,0,0,0,14433,16.086556,12
41.666667,24,0.25,1,6,100,4.5526841,379.39034,8.3496278,192.61005,6.4081605,0.72575939,292.1,2,0,0,0,0,0,14710,15.966141,12
41.666667,24,0.25,1,7,100,4.5703382,380.86152,8.3496237,192.60995,6.3533223,0.71964571,288.9,2,0,0,0,0,0,13479,16.028085,12
41.666667,24,0.25,1,8,100,4.5633493,380.27911,8.3621167,192.89814,6.3953644,0.72322733,294.2,2,0,0,0,0,0,14624,15.979738,12
41.666667,24,0.25,1,9,100,4.5625335,380.21113,8.3508232,192.63763,6.260185,0.72538824,275.7,2.0000001,0,0,0,0,0,13965,15.998177,12
41.666667,24,0.25,1,10,100,4.5287067,377.39222,8.2557674,190.44487,6.282479,0.72406291,272.6,2.0000001,0,0,0,0,0,14976,16.062524,12
41.666667,24,0.25,1,11,100,4.4753965,372.94971,8.0861586,186.53232,6.1180129,0.70637265,256.1,2.0000003,0,0,0,0,0,13694,16.205907,12
41.666667,24,0.25,1,12,100,4.6276632,385.6386,8.5031171,196.15075,6.4011775,0.74392899,280.9,2,0,0,0,0,0,13763,15.936285,12
41.666667,24,0.25,1,13,100,4.4871583,373.92986,8.1729403,188.5342,6.128821,0.70781835,263.1,2.0000002,0,0,0,0,0,13717,16.076069,12
41.666667,24,0.25,1,14,100,4.5265716,377.2143,8.1595869,188.22617,6.2300833,0.70743992,262.5,2.0000001,0,0,0,0,0,14761,16.243889,12
41.666667,24,0.25,1,15,100,4.5768009,381.40008,8.3717942,193.12138,6.2889994,0.72360984,281.2,2,0,0,0,0,0,13392,16.008117,12
41.666667,24,0.25,1,16,100,4.4709694,372.58078,8.1392019,187.75592,6.1552542,0.71084536,269.8,2.0000001,0,0,0,0,0,13637,16.084406,12
41.666667,24,0.25,1,17,100,4.5249216,377.0768,8.1637203,188.32152,6.1977113,0.70174322,257.8,2.0000001,0,0,0,0,0,15038,16.229606,12
41.666667,24,0.25,1,18,100,4.5646363,380.38636,8.3085493,191.66245,6.3047932,0.72971398,278.3,2,0,0,0,0,0,14194,16.08711,12
41.666667,24,0.25,1,19,100,4.4909816,374.24847,8.1468654,187.9327,6.1855157,0.71095077,263.1,2.0000001,0,0,0,0,0,13478,16.141648,12
41.666667,24,0.25,2,0,100,4.4013404,366.77837,7.9857443,184.21595,5.9878355,0.68315003,251.9,2.0000002,0,0,0,0,0,13255,16.138054,12
41.666667,24,0.25,2,1,100,4.4285714,369.04762,7.9992327,184.5271,6.0200031,0.68284864,250.6,2.0000002,0,0,0,0,0,14138,16.210495,12
41.666667,24,0.25,2,2,100,4.4309824,369.24853,8.0182145,184.96497,6.0227478,0.68458824,251.3,2.0000002,0,0,0,0,0,14082,16.180907,12
41.666667,24,0.25,2,3,100,4.4628956,371.90796,8.0091656,184.75623,6.0625019,0.686973,250,2.0000002,0,0,0,0,0,14525,16.315722,12
41.666667,24,0.25,2,4,100,4.4090398,367.41999,8.0053921,184.66918,5.9931333,0.68517961,253,2.0000002,0,0,0,0,0,14428,16.126638,12
41.666667,24,0.25,2,5,100,4.4358223,369.65186,8.0142862,184.87436,6.0115649,0.68410831,251.2,2.0000002,0,0,0,0,0,15270,16.206555,12
41.666667,24,0.25,2,6,100,4.4373557,369.77964,8.0042826,184.64359,6.0304435,0.68836864,251.3,2.0000002,0,0,0,0,0,14640,16.232412,12
41.666667,24,0.25,2,7,100,4.4161626,368.01355,7.9905947,184.32784,5.982895,0.68533881,249.3,2.0000002,0,0,0,0,0,14210,16.18254,12
41.666667,24,0.25,2,8,100,4.4244799,368.70666,8.0066681,184.69862,6.0023256,0.68601962,252.2,2.0000002,0,0,0,0,0,15094,16.180526,12
41.666667,24,0.25,2,9,100,4.3979443,366.49536,7.9793951,184.06948,5.9464184,0.67786078,248.8,2.0000002,0,0,0,0,0,14730,16.138429,12
41.666667,24,0.25,2,10,100,4.4401287,370.01073,8.0137462,184.8619,6.0098663,0.6850906,250.5,2.0000002,0,0,0,0,0,15300,16.22338,12
41.666667,24,0.25,2,11,100,4.4460805,370.50671,8.025498,185.13299,6.0362647,0.69271021,249.4,2.0000002,0,0,0,0,0,14006,16.221322,12
41.666667,24,0.25,2,12,100,4.4144096,367.86747,7.9941915,184.41081,5.9885502,0.68785312,250.6,2.0000002,0,0,0,0,0,14398,16.168886,12
41.666667,24,0.25,2,13,100,4.4054809,367.12341,8.0029913,184.6138,5.9635032,0.68333134,251.3,2.0000002,0,0,0,0,0,14445,16.118454,12
41.666667,24,0.25,2,14,100,4.4673596,372.27996,8.0170576,184.93829,6.0628408,0.68182111,250.3,2.0000002,0,0,0,0,0,15265,16.315964,12
41.666667,24,0.25,2,15,100,4.4058722,367.15602,7.9947625,184.42398,5.969883,0.68221106,250.6,2.0000002,0,0,0,0,0,14206,16.136412,12
41.666667,24,0.25,2,16,100,4.405727,367.14392,7.9995238,184.53381,5.9632522,0.68332271,250.4,2.0000002,0,0,0,0,0,14539,16.12633,12
41.666667,24,0.25,2,17,100,4.4667587,372.22989,8.0314414,185.27009,6.0610257,0.68681157,250.4,2.0000002,0,0,0,0,0,15316,16.284627,12
41.666667,24,0.25,2,18,100,4.4297756,369.14796,8.0036309,184.62856,6.0125041,0.68438855,251.3,2.0000002,0,0,0,0,0,15004,16.206008,12
41.666667,24,0.25,2,19,100,4.4262111,368.85092,7.9994019,184.531,6.0133839,0.68564222,250.4,2.0000002,0,0,0,0,0,14100,16.201544,12
41.666667,24,0.5,1,0,100,4.638418,386.53483,8.3347638,192.26717,6.3718003,0.72155797,273.2,2.0000001,0,0,0,0,0,16587,16.295713,12
41.666667,24,0.5,1,1,100,4.5749364,381.2447,8.2390776,190.05987,6.2775411,0.71056891,265.7,2.0000001,0,0,0,0,0,16983,16.259341,12
41.666667,24,0.5,1,2,100,4.6644276,388.7023,8.3452544,192.50916,6.4075233,0.72678331,271,2.0000001,0,0,0,0,0,16758,16.366378,12
41.666667,24,0.5,1,3,100,4.6633102,388.60918,8.2766104,190.92568,6.4123668,0.72677842,269.1,2,0,0,0,0,0,16104,16.497987,12
41.666667,24,0.5,1,4,100,4.6609117,388.40931,8.6876383,200.40731,6.864722,0.7596158,349,2,0,0,0,0,0,15221,15.710448,12
41.666667,24,0.5,1,5,100,4.6934849,391.12374,8.4441357,194.79017,6.4851156,0.73728131,276.5,2,0,0,0,0,0,17329,16.275559,12
41.666667,24,0.5,1,6,100,4.5986096,383.21747,8.2222039,189.67062,6.2797736,0.70951459,263.5,2.0000002,0,0,0,0,0,17904,16.376917,12
41.666667,24,0.5,1,7,100,4.6745389,389.54491,8.2466516,190.23458,6.4154521,0.71739829,260.6,2.0000001,0,0,0,0,0,16507,16.597476,12
41.666667,24,0.5,1,8,100,4.6393569,386.61307,8.2971652,191.39984,6.3719389,0.7255517,271.6,2,0,0,0,0,0,17748,16.37255,12
41.666667,24,0.5,1,9,100,4.6542887,387.8574,8.3994813,193.76008,6.3606648,0.72642091,273.7,2.0000001,0,0,0,0,0,17313,16.225604,12
41.666667,24,0.5,1,10,100,4.6273187,385.60989,8.3352084,192.27742,6.3914111,0.72527401,273,2.0000001,0,0,0,0,0,18248,16.255687,12
41.666667,24,0.5,1,11,100,4.5900499,382.50416,8.1626563,188.29697,6.2268619,0.70640965,253.9,2.0000003,0,0,0,0,0,17016,16.46534,12
41.666667,24,0.5,1,12,100,4.7030718,391.92265,8.6441963,199.40519,6.6618627,0.76583086,295.1,2,0,0,0,0,0,16435,15.932175,12
41.666667,24,0.5,1,13,100,4.6725378,389.37815,8.4815666,195.65363,6.4994292,0.74065632,282.5,2,0,0,0,0,0,16918,16.131671,12
41.666667,24,0.5,1,14,100,4.6616314,388.46928,8.3221389,191.97593,6.4330378,0.71918756,268.1,2.0000001,0,0,0,0,0,16691,16.401669,12
41.666667,24,0.5,1,15,100,4.6374894,386.45745,8.3442698,192.48645,6.308803,0.71900244,268.8,2.0000001,0,0,0,0,0,17378,16.273598,12
41.666667,24,0.5,1,16,100,4.6761259,389.67716,8.3778653,193.26144,6.4443176,0.73107243,276.9,2,0,0,0,0,0,16612,16.343408,12
41.666667,24,0.5,1,17,100,4.6998507,391.65422,8.4452718,194.81638,6.5227946,0.74171967,281.3,2,0,0,0,0,0,18581,16.295695,12
41.666667,24,0.5,1,18,100,4.7043898,392.03249,8.4758007,195.52062,6.5117269,0.74510217,276.7,2,0,0,0,0,0,16634,16.252331,12
41.666667,24,0.5,1,19,100,4.7008799,391.73999,8.5071313,196.24335,6.5448603,0.74457886,281.7,2,0,0,0,0,0,17480,16.180757,12
41.666667,24,0.5,2,0,100,4.5209204,376.74337,8.0499248,185.69647,6.1249432,0.68320885,249.5,2.0000002,0,0,0,0,0,17152,16.44424,12
41.666667,24,0.5,2,1,100,4.5025291,375.21076,8.052227,185.74958,6.0915627,0.68117064,249.4,2.0000002,0,0,0,0,0,17539,16.372799,12
41.666667,24,0.5,2,2,100,4.5558199,379.65166,8.0833928,186.46851,6.1631663,0.6850822,248.9,2.0000002,0,0,0,0,0,17557,16.502499,12
41.666667,24,0.5,2,3,100,4.5858531,382.15442,8.0792058,186.37193,6.2225838,0.68852251,248.8,2.0000002,0,0,0,0,0,16352,16.619793,12
41.666667,24,0.5,2,4,100,4.4889002,374.07502,8.0496296,185.68966,6.0799598,0.68484322,250.6,2.0000002,0,0,0,0,0,17786,16.328479,12
41.666667,24,0.5,2,5,100,4.5582555,379.85463,8.0883459,186.58277,6.1621679,0.68423364,250,2.0000002,0,0,0,0,0,18207,16.501311,12
41.666667,24,0.5,2,6,100,4.5293037,377.44197,8.0548731,185.81062,6.1257927,0.68785336,248.9,2.0000002,0,0,0,0,0,18188,16.464659,12
41.666667,24,0.5,2,7,100,4.6101,384.175,8.0796759,186.38277,6.2445939,0.69130907,245.7,2.0000003,0,0,0,0,0,16922,16.706609,12
41.666667,24,0.5,2,8,100,4.5601418,380.01182,8.0867135,186.54512,6.1699246,0.68661146,251,2.0000002,0,0,0,0,0,18129,16.511475,12
41.666667,24,0.5,2,9,100,4.5044532,375.3711,8.0407306,185.48438,6.0721901,0.67763103,247.6,2.0000003,0,0,0,0,0,18019,16.403103,12
41.666667,24,0.5,2,10,100,4.5362762,378.02302,8.0715856,186.19614,6.1075117,0.68425719,248.1,2.0000002,0,0,0,0,0,18854,16.45589,12
41.666667,24,0.5,2,11,100,4.5544803,379.54003,8.0856056,186.51956,6.1627248,0.69271013,248.2,2.0000002,0,0,0,0,0,17272,16.493199,12
41.666667,24,0.5,2,12,100,4.5278049,377.31707,8.0596493,185.9208,6.134597,0.68874118,249.4,2.0000002,0,0,0,0,0,17138,16.449451,12
41.666667,24,0.5,2,13,100,4.5287961,377.39968,8.0729825,186.22837,6.1181211,0.6838486,250.1,2.0000002,0,0,0,0,0,17474,16.425877,12
41.666667,24,0.5,2,14,100,4.5634868,380.29057,8.0715238,186.19472,6.1865515,0.68293574,249.1,2.0000002,0,0,0,0,0,17340,16.554504,12
41.666667,24,0.5,2,15,100,4.5138867,376.15722,8.0592149,185.91077,6.0925365,0.68154238,249.4,2.0000002,0,0,0,0,0,17980,16.399753,12
41.666667,24,0.5,2,16,100,4.5490914,379.09095,8.0712142,186.18758,6.1500274,0.68592975,248,2.0000002,0,0,0,0,0,17354,16.503,12
41.666667,24,0.5,2,17,100,4.5864827,382.20689,8.1008493,186.8712,6.1822821,0.68626473,248,2.0000002,0,0,0,0,0,19171,16.577777,12
41.666667,24,0.5,2,18,100,4.53824,378.18667,8.0670475,186.09146,6.148222,0.68547784,250.1,2.0000002,0,0,0,0,0,17272,16.472214,12
41.666667,24,0.5,2,19,100,4.550139,379.17825,8.0705024,186.17116,6.147733,0.68539625,248,2.0000002,0,0,0,0,0,17978,16.508349,12
41.666667,24,0.75,1,0,100,4.8860869,407.1739,8.6361059,199.21855,6.8139761,0.76364741,286.9,2,0,0,0,0,0,20340,16.566547,12
41.666667,24,0.75,1,1,100,4.8560617,404.67181,8.5266887,196.69451,6.7186876,0.7443904,273.9,2.0000001,0,0,0,0,0,20670,16.675948,12
41.666667,24,0.75,1,2,100,4.8346546,402.88788,8.5425433,197.06024,6.7103053,0.74696795,278.1,2,0,0,0,0,0,21115,16.572031,12
41.666667,24,0.75,1,3,100,4.802308,400.19233,8.3971855,193.70712,6.6227107,0.73235312,269,2.0000001,0,0,0,0,0,19440,16.745885,12
41.666667,24,0.75,1,4,100,4.7501011,395.84176,8.3700261,193.0806,6.5133899,0.7277104,263.9,2.0000001,0,0,0,0,0,21098,16.617567,12
41.666667,24,0.75,1,5,100,4.8082298,400.68581,8.4956613,195.97876,6.6382239,0.74117805,274.9,2,0,0,0,0,0,20138,16.57237,12
41.666667,24,0.75,1,6,100,4.8241065,402.00888,8.4934573,195.92792,6.6544653,0.7465434,275.1,2,0,0,0,0,0,21820,16.631011,12
41.666667,24,0.75,1,7,100,4.854647,404.55391,8.541146,197.02801,6.7412759,0.74958016,279.2,2,0,0,0,0,0,19827,16.643128,12
41.666667,24,0.75,1,8,100,4.798821,399.90175,8.4689639,195.36291,6.6121549,0.74761263,277.3,2,0,0,0,0,0,21259,16.592048,12
41.666667,24,0.75,1,9,100,4.8876059,407.30049,8.6357806,199.21105,6.8149788,0.76135963,287.6,2,0,0,0,0,0,19726,16.572748,12
41.666667,24,0.75,1,10,100,4.8416153,403.46794,8.6860669,200.37106,6.8069542,0.76484735,291.2,2,0,0,0,0,0,21802,16.322087,12
41.666667,24,0.75,1,11,100,4.764134,397.01116,8.391751,193.58175,6.5133141,0.73313464,269.4,2.0000001,0,0,0,0,0,21047,16.623279,12
41.666667,24,0.75,1,12,100,4.8556926,404.64105,8.710511,200.93494,6.850314,0.77184055,292.4,2,0,0,0,0,0,20136,16.32325,12
41.666667,24,0.75,1,13,100,4.8294531,402.45443,8.5503408,197.24012,6.720649,0.74602167,281.3,2,0,0,0,0,0,20822,16.539071,12
41.666667,24,0.75,1,14,100,4.8446011,403.71675,8.6835987,200.31412,6.827554,0.7626939,291.9,2,0,0,0,0,0,20135,16.336674,12
41.666667,24,0.75,1,15,100,4.8304407,402.53673,8.524808,196.65112,6.703844,0.74470621,277.2,2,0,0,0,0,0,21056,16.59175,12
41.666667,24,0.75,1,16,100,4.8572347,404.76956,8.6879501,200.4145,6.8339667,0.76636916,290.2,2,0,0,0,0,0,20255,16.371135,12
41.666667,24,0.75,1,17,100,4.871903,405.99191,8.5732224,197.76795,6.7742949,0.7529358,278.1,2,0,0,0,0,0,20002,16.639603,12
41.666667,24,0.75,1,18,100,4.8635417,405.29514,8.7137004,201.00851,6.854753,0.76793887,289.1,2,0,0,0,0,0,20132,16.343928,12
41.666667,24,0.75,1,19,100,4.8627564,405.2297,8.6975255,200.63539,6.8420714,0.76646435,291.2,2,0,0,0,0,0,21088,16.371782,12
41.666667,24,0.75,2,0,100,4.7708486,397.57072,8.2072881,189.32654,6.3557654,0.68685638,243.5,2.0000003,0,0,0,0,0,21400,17.020419,12
41.666667,24,0.75,2,1,100,4.7719018,397.65848,8.2139256,189.47966,6.3577363,0.68624538,243.4,2.0000003,0,0,0,0,0,21357,17.010471,12
41.666667,24,0.75,2,2,100,4.7590861,396.59051,8.2250866,189.73712,6.3356177,0.6857374,244.1,2.0000003,0,0,0,0,0,21837,16.941778,12
41.666667,24,0.75,2,3,100,4.7932412,399.43676,8.2164409,189.53768,6.3881091,0.69016781,242.8,2.0000003,0,0,0,0,0,20480,17.081179,12
41.666667,24,0.75,2,4,100,4.7107328,392.56106,8.2061006,189.29915,6.2968688,0.68690202,247,2.0000003,0,0,0,0,0,21381,16.808602,12
41.666667,24,0.75,2,5,100,4.7341723,394.51436,8.209839,189.38539,6.3134835,0.68611822,245.2,2.0000003,0,0,0,0,0,20853,16.884483,12
41.666667,24,0.75,2,6,100,4.7484659,395.70549,8.1981589,189.11595,6.3058602,0.69013719,242.9,2.0000003,0,0,0,0,0,22594,16.95955,12
41.666667,24,0.75,2,7,100,4.805529,400.46075,8.2170366,189.55142,6.3939772,0.6917875,240.9,2.0000004,0,0,0,0,0,21180,17.123698,12
41.666667,24,0.75,2,8,100,4.7220911,393.50759,8.208667,189.35835,6.3037584,0.68663093,247.4,2.0000002,0,0,0,0,0,21710,16.843867,12
41.666667,24,0.75,2,9,100,4.7668134,397.23445,8.2030335,189.2284,6.3361869,0.68234187,241.6,2.0000004,0,0,0,0,0,20833,17.014822,12
41.666667,24,0.75,2,10,100,4.7750992,397.92494,8.2218983,189.66357,6.3272502,0.6864649,242.1,2.0000004,0,0,0,0,0,23357,17.005386,12
41.666667,24,0.75,2,11,100,4.719075,393.25625,8.2153354,189.51218,6.2891122,0.69191972,244.6,2.0000003,0,0,0,0,0,21391,16.819462,12
41.666667,24,0.75,2,12,100,4.7864672,398.87227,8.21364,189.47307,6.3736871,0.69296492,242.2,2.0000003,0,0,0,0,0,21410,17.062919,12
41.666667,24,0.75,2,13,100,4.7603342,396.69452,8.223464,189.69969,6.3463932,0.68666094,245.3,2.0000003,0,0,0,0,0,21556,16.949583,12
41.666667,24,0.75,2,14,100,4.7830903,398.59086,8.2147497,189.49867,6.3697135,0.68530419,243.1,2.0000003,0,0,0,0,0,21417,17.048519,12
41.666667,24,0.75,2,15,100,4.7559442,396.32868,8.218878,189.5939,6.3283459,0.68336163,244.6,2.0000003,0,0,0,0,0,21825,16.943377,12
41.666667,24,0.75,2,16,100,4.8238504,401.98753,8.236978,190.01143,6.4162331,0.69021461,242,2.0000004,0,0,0,0,0,21653,17.147351,12
41.666667,24,0.75,2,17,100,4.888731,407.39425,8.2685878,190.74061,6.4998917,0.695964,240.8,2.0000004,0,0,0,0,0,21250,17.311407,12
41.666667,24,0.75,2,18,100,4.715196,392.933,8.1970395,189.09013,6.2888556,0.68525035,245.3,2.0000003,0,0,0,0,0,21429,16.843106,12
41.666667,24,0.75,2,19,100,4.7891864,399.09887,8.2220599,189.6673,6.3604885,0.68750742,242,2.0000003,0,0,0,0,0,22531,17.055184,12
41.666667,24,1,1,0,100,5.0254312,418.78594,8.7454383,201.74065,7.0128648,0.77543382,284.1,2,0,0,0,0,0,22229,16.8262,12
41.666667,24,1,1,1,100,5.0183006,418.19172,8.7402925,201.62194,7.0148458,0.77435566,284.7,2,0,0,0,0,0,21459,16.811955,12
41.666667,24,1,1,2,100,5.0286541,419.05451,8.761439,202.10975,7.0189396,0.77779799,284.5,2,0,0,0,0,0,22227,16.8062,12
41.666667,24,1,1,3,100,5.0147239,417.89366,8.7365915,201.53657,7.0137025,0.77463571,284.9,2,0,0,0,0,0,21426,16.807071,12
41.666667,24,1,1,4,100,5.0170656,418.0888,8.7566006,201.99814,7.0207623,0.77655055,285.7,2,0,0,0,0,0,22962,16.776754,12
41.666667,24,1,1,5,100,5.0214476,418.45397,8.7622843,202.12925,7.021555,0.77685676,285.6,2,0,0,0,0,0,21433,16.780504,12
41.666667,24,1,1,6,100,5.0235355,418.62796,8.7403203,201.62258,7.0144629,0.78045922,284.1,2,0,0,0,0,0,22165,16.829736,12
41.666667,24,1,1,7,100,5.0281821,419.01517,8.7468514,201.77324,7.0119296,0.77804897,284.1,2,0,0,0,0,0,22161,16.832678,12
41.666667,24,1,1,8,100,5.0194689,418.28908,8.7497185,201.83938,7.0150778,0.77802596,284.6,2,0,0,0,0,0,22985,16.798019,12
41.666667,24,1,1,9,100,5.0249195,418.74329,8.7412745,201.64459,7.011043,0.77285795,284.3,2,0,0,0,0,0,21423,16.83212,12
41.666667,24,1,1,10,100,5.0173937,418.11614,8.7405744,201.62844,7.0140986,0.77676745,284.7,2,0,0,0,0,0,22874,16.808421,12
41.666667,24,1,1,11,100,5.0211743,418.43119,8.7643066,202.1759,7.0186379,0.78117302,285.3,2,0,0,0,0,0,23059,16.775696,12
41.666667,24,1,1,12,100,5.0193151,418.27626,8.7437667,201.70208,7.0131647,0.7784756,284.9,2,0,0,0,0,0,22927,16.808776,12
41.666667,24,1,1,13,100,5.0189769,418.24808,8.7593088,202.06061,7.0178987,0.77446311,285.6,2,0,0,0,0,0,22995,16.777948,12
41.666667,24,1,1,14,100,5.0206852,418.39043,8.7467294,201.77043,7.0140352,0.7722061,285.1,2,0,0,0,0,0,22984,16.807656,12
41.666667,24,1,1,15,100,5.0233753,418.61461,8.7479552,201.7987,7.015953,0.77391514,284.7,2,0,0,0,0,0,21412,16.814271,12
41.666667,24,1,1,16,100,5.0213803,418.44836,8.7499609,201.84497,7.015285,0.77600016,284.5,2,0,0,0,0,0,22914,16.803903,12
41.666667,24,1,1,17,100,5.0246417,418.72014,8.768735,202.27805,7.0225808,0.7775387,285.1,2,0,0,0,0,0,22130,16.778571,12
41.666667,24,1,1,18,100,5.0159229,417.99357,8.7388928,201.58965,7.0161086,0.77501275,284.7,2,0,0,0,0,0,22247,16.806734,12
41.666667,24,1,1,19,100,5.0244691,418.70576,8.745369,201.73905,7.0120695,0.77753774,283.5,2,0,0,0,0,0,21442,16.823044,12
41.666667,24,1,2,0,100,5.0420135,420.16779,8.2942139,191.33176,6.5766293,0.69696507,226.7,2.0000008,0,0,0,0,0,25442,17.798569,12
41.666667,24,1,2,1,100,5.0396347,419.96956,8.2937457,191.32096,6.5783772,0.69752746,226.6,2.0000009,0,0,0,0,0,24594,17.791199,12
41.666667,24,1,2,2,100,5.046827,420.56891,8.3105119,191.70772,6.5795595,0.69966835,226.1,2.0000009,0,0,0,0,0,25397,17.780605,12
41.666667,24,1,2,3,100,5.0415642,420.13035,8.3001316,191.46827,6.5779667,0.6985202,227.2,2.0000008,0,0,0,0,0,24578,17.784307,12
41.666667,24,1,2,4,100,5.0405576,420.04647,8.3110543,191.72023,6.5921609,0.70023935,229,2.0000007,0,0,0,0,0,25481,17.757428,12
41.666667,24,1,2,5,100,5.0401624,420.01353,8.3072083,191.63151,6.5896539,0.69927099,228.4,2.0000008,0,0,0,0,0,24578,17.764256,12
41.666667,24,1,2,6,100,5.0444281,420.36901,8.2942954,191.33364,6.5761027,0.70343598,226.1,2.0000009,0,0,0,0,0,25359,17.80696,12
41.666667,24,1,2,7,100,5.0460795,420.50663,8.2978463,191.41555,6.5704791,0.6995873,225.3,2.0000009,0,0,0,0,0,25397,17.80513,12
41.666667,24,1,2,8,100,5.0382953,419.85794,8.3061651,191.60745,6.590092,0.70054842,229.4,2.0000007,0,0,0,0,0,25481,17.759928,12
41.666667,24,1,2,9,100,5.042108,420.17566,8.2895119,191.22329,6.5648814,0.69359615,224.8,2.000001,0,0,0,0,0,24604,17.808955,12
41.666667,24,1,2,10,100,5.0427206,420.22672,8.3018017,191.50679,6.5766112,0.70015841,226.5,2.0000009,0,0,0,0,0,25451,17.784829,12
41.666667,24,1,2,11,100,5.0446845,420.39038,8.3196394,191.91827,6.5796721,0.70424697,226.6,2.0000009,0,0,0,0,0,25514,17.753667,12
41.666667,24,1,2,12,100,5.0405701,420.04751,8.2979658,191.4183,6.5761227,0.70196626,226.6,2.0000009,0,0,0,0,0,25485,17.785477,12
41.666667,24,1,2,13,100,5.041314,420.1095,8.3132162,191.7701,6.5862306,0.69730432,228.5,2.0000008,0,0,0,0,0,25520,17.755474,12
41.666667,24,1,2,14,100,5.0417025,420.14188,8.3003833,191.47407,6.5793899,0.6945015,227.5,2.0000008,0,0,0,0,0,25501,17.78422,12
41.666667,24,1,2,15,100,5.0468741,420.57284,8.3036276,191.54891,6.5804176,0.69759808,226.6,2.0000009,0,0,0,0,0,24556,17.795484,12
41.666667,24,1,2,16,100,5.0410245,420.08537,8.307763,191.64431,6.5846603,0.6985078,227.6,2.0000008,0,0,0,0,0,25438,17.766087,12
41.666667,24,1,2,17,100,5.0426304,420.2192,8.3152527,191.81708,6.5878075,0.70079216,227.6,2.0000008,0,0,0,0,0,24632,17.755756,12
41.666667,24,1,2,18,100,5.0405087,420.04239,8.2987904,191.43733,6.5823712,0.69859142,227.3,2.0000008,0,0,0,0,0,25461,17.783477,12
41.666667,24,1,2,19,100,5.0431307,420.26089,8.2934051,191.3131,6.5731384,0.70019834,225.2,2.0000009,0,0,0,0,0,24558,17.804274,12
50,20,0,1,0,100,4.4096353,367.46961,8.3109244,191.71724,6.1032652,0.78280774,254.3,2.0000002,0,0,0,0,0,11012,15.536505,12
50,20,0,1,1,100,4.4098462,367.48718,8.312343,191.74996,6.1116919,0.78244485,254.2,2.0000002,0,0,0,0,0,11010,15.534619,12
50,20,0,1,2,100,4.4118022,367.65018,8.336037,192.29654,6.1163362,0.78404394,254.9,2.0000002,0,0,0,0,0,11099,15.497329,12
50,20,0,1,3,100,4.4079953,367.33294,8.3235885,192.00937,6.1168366,0.78251532,256,2.0000002,0,0,0,0,0,11187,15.507137,12
50,20,0,1,4,100,4.4061936,367.1828,8.3341609,192.25326,6.1165486,0.7846852,256.6,2.0000001,0,0,0,0,0,11261,15.481168,12
50,20,0,1,5,100,4.4083994,367.36661,8.3229476,191.99459,6.1054399,0.78360484,254.8,2.0000002,0,0,0,0,0,11132,15.509754,12
50,20,0,1,6,100,4.4090845,367.42371,8.3267766,192.08292,6.1378055,0.78653047,257.3,2.0000001,0,0,0,0,0,11134,15.505103,12
50,20,0,1,7,100,4.4135884,367.79903,8.3156637,191.82656,6.0954701,0.78459331,252.9,2.0000002,0,0,0,0,0,11011,15.541577,12
50,20,0,1,8,100,4.4073579,367.27982,8.3197882,191.92171,6.1044266,0.78516997,255.8,2.0000002,0,0,0,0,0,11101,15.51199,12
50,20,0,1,9,100,4.40975,367.47917,8.3067969,191.62202,6.0907041,0.77881613,252.4,2.0000002,0,0,0,0,0,11067,15.544589,12
50,20,0,1,10,100,4.4102554,367.52128,8.3210129,191.94996,6.1008897,0.78440969,254.1,2.0000002,0,0,0,0,0,11120,15.519888,12
50,20,0,1,11,100,4.4138286,367.81905,8.3414109,192.4205,6.1087052,0.78966079,254.2,2.0000002,0,0,0,0,0,11122,15.494533,12
50,20,0,1,12,100,4.4093455,367.44545,8.3160275,191.83495,6.1039803,0.78684649,254.2,2.0000002,0,0,0,0,0,11055,15.525998,12
50,20,0,1,13,100,4.411478,367.62317,8.3285172,192.12307,6.1026521,0.78345421,254.9,2.0000002,0,0,0,0,0,11082,15.510193,12
50,20,0,1,14,100,4.4109483,367.57903,8.319354,191.91169,6.1093845,0.7806541,255.1,2.0000002,0,0,0,0,0,11039,15.525361,12
50,20,0,1,15,100,4.4146465,367.88721,8.3246336,192.03348,6.1110101,0.78231504,254.2,2.0000002,0,0,0,0,0,11034,15.528514,12
50,20,0,1,16,100,4.4086531,367.38776,8.3216906,191.96559,6.0968333,0.78259532,254,2.0000002,0,0,0,0,0,11160,15.512965,12
50,20,0,1,17,100,4.4118154,367.65128,8.3365007,192.30723,6.1148769,0.78473523,255.2,2.0000002,0,0,0,0,0,11168,15.496545,12
50,20,0,1,18,100,4.4090494,367.42078,8.31228,191.74851,6.0980183,0.7834395,253.7,2.0000002,0,0,0,0,0,11034,15.531923,12
50,20,0,1,19,100,4.4096082,367.46735,8.3107298,191.71275,6.0991004,0.78462985,252.8,2.0000002,0,0,0,0,0,11051,15.536805,12
50,20,0,2,0,100,4.4096353,367.46961,8.3109244,191.71724,6.1032652,0.78280774,254.3,2.0000002,0,0,0,0,0,11012,15.536505,12
50,20,0,2,1,100,4.4098462,367.48718,8.312343,191.74996,6.1116919,0.78244485,254.2,2.0000002,0,0,0,0,0,11010,15.534619,12
50,20,0,2,2,100,4.4118022,367.65018,8.336037,192.29654,6.1163362,0.78404394,254.9,2.0000002,0,0,0,0,0,11099,15.497329,12
50,20,0,2,3,100,4.4079953,367.33294,8.3235885,192.00937,6.1168366,0.78251532,256,2.0000002,0,0,0,0,0,11187,15.507137,12
50,20,0,2,4,100,4.4061936,367.1828,8.3341609,192.25326,6.1165486,0.7846852,256.6,2.0000001,0,0,0,0,0,11261,15.481168,12
50,20,0,2,5,100,4.4083994,367.36661,8.3229476,191.99459,6.1054399,0.78360484,254.8,2.0000002,0,0,0,0,0,11132,15.509754,12
50,20,0,2,6,100,4.4090845,367.42371,8.3267766,192.08292,6.1378055,0.78653047,257.3,2.0000001,0,0,0,0,0,11134,15.505103,12
50,20,0,2,7,100,4.4135884,367.79903,8.3156637,191.82656,6.0954701,0.78459331,252.9,2.0000002,0,0,0,0,0,11011,15.541577,12
50,20,0,2,8,100,4.4073579,367.27982,8.3197882,191.92171,6.1044266,0.78516997,255.8,2.0000002,0,0,0,0,0,11101,15.51199,12
50,20,0,2,9,100,4.40975,367.47917,8.3067969,191.62202,6.0907041,0.77881613,252.4,2.0000002,0,0,0,0,0,11067,15.544589,12
50,20,0,2,10,100,4.4102554,367.52128,8.3210129,191.94996,6.1008897,0.78440969,254.1,2.0000002,0,0,0,0,0,11120,15.519888,12
50,20,0,2,11,100,4.4138286,367.81905,8.3414109,192.4205,6.1087052,0.78966079,254.2,2.0000002,0,0,0,0,0,11122,15.494533,12
50,20,0,2,12,100,4.4093455,367.44545,8.3160275,191.83495,6.1039803,0.78684649,254.2,2.0000002,0,0,0,0,0,11055,15.525998,12
50,20,0,2,13,100,4.411478,367.62317,8.3285172,192.12307,6.1026521,0.78345421,254.9,2.0000002,0,0,0,0,0,11082,15.510193,12
50,20,0,2,14,100,4.4109483,367.57903,8.319354,191.91169,6.1093845,0.7806541,255.1,2.0000002,0,0,0,0,0,11039,15.525361,12
50,20,0,2,15,100,4.4146465,367.88721,8.3246336,192.03348,6.1110101,0.78231504,254.2,2.0000002,0,0,0,0,0,11034,15.528514,12
50,20,0,2,16,100,4.4086531,367.38776,8.3216906,191.96559,6.0968333,0.78259532,254,2.0000002,0,0,0,0,0,11160,15.512965,12
50,20,0,2,17,100,4.4118154,367.65128,8.3365007,192.30723,6.1148769,0.78473523,255.2,2.0000002,0,0,0,0,0,11168,15.496545,12
50,20,0,2,18,100,4.4090494,367.42078,8.31228,191.74851,6.0980183,0.7834395,253.7,2.0000002,0,0,0,0,0,11034,15.531923,12
50,20,0,2,19,100,4.4096082,367.46735,8.3107298,191.71275,6.0991004,0.78462985,252.8,2.0000002,0,0,0,0,0,11051,15.536805,12
50,20,0.25,1,0,100,4.66352,388.62666,8.7918943,202.8123,6.430537,0.82917134,248.9,2,0,0,0,0,0,13489,15.532825,12
50,20,0.25,1,1,100,4.6299944,385.83286,8.6587238,199.74031,6.4301388,0.80886503,252.5,2,0,0,0,0,0,14390,15.658142,12
50,20,0.25,1,2,100,4.6948071,391.23392,8.9572722,206.62725,6.6582008,0.83703377,268.1,2.0000001,0,0,0,0,0,14564,15.348747,12
50,20,0.25,1,3,100,4.5772102,381.43419,8.4430923,194.7661,6.3446385,0.79860903,258.4,2.0000001,0,0,0,0,0,14562,15.874308,12
50,20,0.25,1,4,100,4.6191417,384.92848,8.6895759,200.45201,6.43404,0.81465425,262,2,0,0,0,0,0,14716,15.566036,12
50,20,0.25,1,5,100,4.6677206,388.97671,8.8209417,203.48237,6.5391636,0.83243896,249.4,2.0000002,0,0,0,0,0,15582,15.495652,12
50,20,0.25,1,6,100,4.6260031,385.50026,8.635727,199.20981,6.3573592,0.81875796,226.5,2,0,0,0,0,0,15339,15.686129,12
50,20,0.25,1,7,100,4.6580924,388.17437,8.7226401,201.21473,6.392957,0.82173148,246.1,2,0,0,0,0,0,14519,15.637755,12
50,20,0.25,1,8,100,4.6334476,386.12063,8.6751247,200.11864,6.4074014,0.81414671,251.8,2,0,0,0,0,0,15452,15.640177,12
50,20,0.25,1,9,100,4.6421667,386.84723,8.7556326,201.97581,6.3876777,0.82923507,228.4,2.0000004,0,0,0,0,0,14818,15.5256,12
50,20,0.25,1,10,100,4.6447036,387.05863,8.7049774,200.80729,6.3778883,0.81975093,238.4,2.0000005,0,0,0,0,0,16340,15.624481,12
50,20,0.25,1,11,100,4.6006216,383.38513,8.5761112,197.83459,6.3169976,0.8220589,234.4,2.0000001,0,0,0,0,0,14496,15.708339,12
50,20,0.25,1,12,100,4.5946322,382.88601,8.6309267,199.09908,6.3800117,0.81944851,239.1,2.0000005,0,0,0,0,0,15213,15.58876,12
50,20,0.25,1,13,100,4.5763212,381.3601,8.5965688,198.30651,6.3254351,0.81113091,242.9,2.0000005,0,0,0,0,0,15294,15.588651,12
50,20,0.25,1,14,100,4.556509,379.70909,8.4097898,193.99787,6.3074031,0.78858199,242.4,2.0000006,0,0,0,0,0,15789,15.865187,12
50,20,0.25,1,15,100,4.6855307,390.46089,8.8764419,204.76265,6.4988748,0.83449669,244.6,2.0000001,0,0,0,0,0,14463,15.457607,12
50,20,0.25,1,16,100,4.6120666,384.33888,8.6573041,199.70756,6.2723084,0.8233161,227.3,2.0000006,0,0,0,0,0,15480,15.600107,12
50,20,0.25,1,17,100,4.5787446,381.56205,8.4681589,195.34434,6.2408452,0.79533281,221.7,2.0000021,0,0,0,0,0,16556,15.83284,12
50,20,0.25,1,18,100,4.6724222,389.36852,8.7728362,202.37266,6.4416649,0.83629872,227.8,2.0000004,0,0,0,0,0,15115,15.596145,12
50,20,0.25,1,19,100,4.5106618,375.88848,8.3994056,193.75833,6.2560343,0.79070755,244.5,2.0000005,0,0,0,0,0,14646,15.725208,12
50,20,0.25,2,0,100,4.4669783,372.24819,8.342553,192.44685,6.1943259,0.78319311,254.3,2.0000002,0,0,0,0,0,13627,15.678837,12
50,20,0.25,2,1,100,4.4952446,374.60372,8.3579787,192.80269,6.2426492,0.78286341,254.2,2.0000002,0,0,0,0,0,14436,15.748914,12
50,20,0.25,2,2,100,4.4943785,374.53154,8.3794946,193.29902,6.2446453,0.78469981,254.9,2.0000002,0,0,0,0,0,14437,15.705447,12
50,20,0.25,2,3,100,4.5330505,377.75421,8.3575534,192.79288,6.2736646,0.78856989,251.2,2.0000002,0,0,0,0,0,14877,15.881969,12
50,20,0.25,2,4,100,4.4772582,373.10485,8.3657862,192.98279,6.2105135,0.78494514,255.4,2.0000002,0,0,0,0,0,14790,15.671305,12
50,20,0.25,2,5,100,4.5061407,375.51172,8.3702011,193.08464,6.2321167,0.78371519,253.6,2.0000002,0,0,0,0,0,15572,15.764026,12
50,20,0.25,2,6,100,4.5035078,375.29232,8.3682822,193.04037,6.2613196,0.78826484,254.9,2.0000002,0,0,0,0,0,15067,15.758463,12
50,20,0.25,2,7,100,4.4880933,374.00777,8.347722,192.56609,6.1983393,0.78524031,251.7,2.0000002,0,0,0,0,0,14544,15.743143,12
50,20,0.25,2,8,100,4.4954815,374.62346,8.3616801,192.88807,6.2195218,0.78522071,254.6,2.0000002,0,0,0,0,0,15374,15.742789,12
50,20,0.25,2,9,100,4.4700673,372.50561,8.3415265,192.42317,6.1700111,0.77785214,252.4,2.0000002,0,0,0,0,0,15015,15.691607,12
50,20,0.25,2,10,100,4.5108666,375.90555,8.3711148,193.10571,6.2295167,0.78440814,252.9,2.0000002,0,0,0,0,0,15630,15.778836,12
50,20,0.25,2,11,100,4.5101459,375.84549,8.3889644,193.51747,6.2696388,0.79209162,254.2,2.0000002,0,0,0,0,0,14313,15.742782,12
50,20,0.25,2,12,100,4.4845082,373.70902,8.3515662,192.65476,6.2043697,0.78766556,253,2.0000002,0,0,0,0,0,14718,15.723382,12
50,20,0.25,2,13,100,4.4780874,373.17395,8.3645119,192.9534,6.191943,0.78306715,254.9,2.0000002,0,0,0,0,0,14712,15.676593,12
50,20,0.25,2,14,100,4.538858,378.23817,8.3705469,193.09261,6.2857293,0.78300971,252.7,2.0000002,0,0,0,0,0,15581,15.877644,12
50,20,0.25,2,15,100,4.4777863,373.14885,8.3569213,192.7783,6.1977939,0.78208705,254.2,2.0000002,0,0,0,0,0,14515,15.689715,12
50,20,0.25,2,16,100,4.4758841,372.99034,8.3561422,192.76033,6.1777678,0.78223749,252.8,2.0000002,0,0,0,0,0,14859,15.684551,12
50,20,0.25,2,17,100,4.5379418,378.16182,8.3858945,193.44665,6.286302,0.78675987,252.8,2.0000002,0,0,0,0,0,15620,15.845463,12
50,20,0.25,2,18,100,4.4995645,374.9637,8.35499,192.73374,6.2193815,0.7842493,252.5,2.0000002,0,0,0,0,0,15309,15.769659,12
50,20,0.25,2,19,100,4.4910325,374.25271,8.355131,192.737,6.2227452,0.78499212,252.8,2.0000002,0,0,0,0,0,14468,15.739541,12
50,20,0.5,1,0,100,4.7427231,395.22693,8.7322923,201.43739,6.4006744,0.83354801,228.2,2.0000004,0,0,0,0,0,17744,15.904208,12
50,20,0.5,1,1,100,4.7014408,391.78674,8.7060196,200.83133,6.3825416,0.8250295,224,2.0000003,0,0,0,0,0,17862,15.813536,12
50,20,0.5,1,2,100,4.7807585,398.39655,8.9063104,205.45166,6.6513025,0.84267391,243.2,2.0000002,0,0,0,0,0,18056,15.718574,12
50,20,0.5,1,3,100,4.7449639,395.41366,8.6422368,199.35998,6.4954308,0.81022797,229.8,2.0000013,0,0,0,0,0,17287,16.077228,12
50,20,0.5,1,4,100,4.7369338,394.74449,9.0730458,209.29793,6.9539851,0.85302033,324.5,2,0,0,0,0,0,16094,15.289088,12
50,20,0.5,1,5,100,4.7681701,397.34751,8.8768006,204.77092,6.6835488,0.83522842,248.3,2.0000002,0,0,0,0,0,18352,15.729551,12
50,20,0.5,1,6,100,4.7308261,394.23551,8.7162883,201.06821,6.4759324,0.83258946,230.5,2.0000001,0,0,0,0,0,18459,15.893223,12
50,20,0.5,1,7,100,4.7862643,398.85536,8.6516436,199.57698,6.4938653,0.82428,225,2.0000004,0,0,0,0,0,16853,16.199344,12
50,20,0.5,1,8,100,4.7750632,397.92193,8.8088138,203.2026,6.5685461,0.83963067,228.1,2.0000001,0,0,0,0,0,18369,15.873519,12
50,20,0.5,1,9,100,4.7440563,395.33803,8.9381055,206.18511,6.6593129,0.84171204,250.8,2.0000001,0,0,0,0,0,18189,15.542762,12
50,20,0.5,1,10,100,4.7611387,396.76156,8.8523651,204.20724,6.5678968,0.83284321,241.3,2.0000003,0,0,0,0,0,19302,15.749538,12
50,20,0.5,1,11,100,4.7125947,392.71622,8.6449063,199.42156,6.4354095,0.8235849,232.6,2.0000001,0,0,0,0,0,17834,15.962595,12
50,20,0.5,1,12,100,4.7290567,394.08806,8.8278164,203.64095,6.6293948,0.83391167,250.4,2.0000002,0,0,0,0,0,16686,15.686935,12
50,20,0.5,1,13,100,4.712867,392.73891,8.7368616,201.5428,6.5282722,0.81847042,239.4,2.0000005,0,0,0,0,0,18151,15.795955,12
50,20,0.5,1,14,100,4.6926478,391.05398,8.5519471,197.27717,6.3879215,0.8046638,229.4,2.0000008,0,0,0,0,0,18292,16.067693,12
50,20,0.5,1,15,100,4.7550059,396.2505,8.9519896,206.50539,6.681085,0.84594689,254.7,2.0000001,0,0,0,0,0,18032,15.554672,12
50,20,0.5,1,16,100,4.7782984,398.19153,8.8788328,204.8178,6.6209093,0.84293784,238.6,2.0000002,0,0,0,0,0,17283,15.759302,12
50,20,0.5,1,17,100,4.7964542,399.70452,8.7845564,202.64303,6.5187478,0.83430938,223.4,2.0000005,0,0,0,0,0,19762,15.988599,12
50,20,0.5,1,18,100,4.7853671,398.78059,8.9999575,207.61192,6.7900991,0.85627007,249.6,2.0000001,0,0,0,0,0,16284,15.570402,12
50,20,0.5,1,19,100,4.7163797,393.03164,8.6742587,200.09867,6.4820443,0.81661005,237.6,2.0000005,0,0,0,0,0,18888,15.921634,12
50,20,0.5,2,0,100,4.5865823,382.21519,8.3983352,193.73364,6.3450774,0.78408843,251.9,2.0000002,0,0,0,0,0,17389,15.991581,12
50,20,0.5,2,1,100,4.5673921,380.61601,8.4064346,193.92047,6.3217089,0.78153689,253,2.0000002,0,0,0,0,0,17705,15.90949,12
50,20,0.5,2,2,100,4.6197048,384.9754,8.4374749,194.63652,6.3999916,0.78595742,252.5,2.0000002,0,0,0,0,0,17810,16.032304,12
50,20,0.5,2,3,100,4.6460849,387.17374,8.4209929,194.25631,6.4417015,0.78951787,251.2,2.0000002,0,0,0,0,0,16659,16.155282,12
50,20,0.5,2,4,100,4.5589916,379.91596,8.4083536,193.96474,6.3178908,0.78570688,254.2,2.0000002,0,0,0,0,0,17960,15.876574,12
50,20,0.5,2,5,100,4.6208373,385.06978,8.4346516,194.57139,6.3873899,0.78435121,252.4,2.0000002,0,0,0,0,0,18440,16.041676,12
50,20,0.5,2,6,100,4.5983807,383.19839,8.4172964,194.17104,6.3805776,0.78838913,253.7,2.0000002,0,0,0,0,0,18426,15.99669,12
50,20,0.5,2,7,100,4.6764528,389.7044,8.4221702,194.28346,6.4672297,0.7933136,248.1,2.0000002,0,0,0,0,0,16457,16.258502,12
50,20,0.5,2,8,100,4.6240564,385.33803,8.4320307,194.51093,6.3938829,0.78638621,253.4,2.0000002,0,0,0,0,0,18356,16.057837,12
50,20,0.5,2,9,100,4.5759305,381.32754,8.3919294,193.58587,6.2972279,0.77857134,250,2.0000002,0,0,0,0,0,18216,15.966636,12
50,20,0.5,2,10,100,4.6068221,383.90184,8.4221261,194.28245,6.338234,0.78422387,250.5,2.0000002,0,0,0,0,0,19049,16.01684,12
50,20,0.5,2,11,100,4.6165893,384.71577,8.4383501,194.6567,6.397845,0.7929054,251.8,2.0000002,0,0,0,0,0,17501,16.019898,12
50,20,0.5,2,12,100,4.5886347,382.38622,8.4071175,193.93623,6.3518976,0.78893343,251.8,2.0000002,0,0,0,0,0,16683,15.982076,12
50,20,0.5,2,13,100,4.5948651,382.90543,8.4228228,194.29852,6.3440441,0.78431809,252.5,2.0000002,0,0,0,0,0,17703,15.973925,12
50,20,0.5,2,14,100,4.6271058,385.59215,8.4177684,194.18192,6.4106894,0.78464222,251.5,2.0000002,0,0,0,0,0,17571,16.09548,12
50,20,0.5,2,15,100,4.5842187,382.01823,8.4103375,194.01051,6.3225591,0.78227784,251.8,2.0000002,0,0,0,0,0,18198,15.960545,12
50,20,0.5,2,16,100,4.6109373,384.24477,8.4166692,194.15657,6.3681813,0.7856674,250.4,2.0000002,0,0,0,0,0,16959,16.041422,12
50,20,0.5,2,17,100,4.6575897,388.13247,8.4488979,194.90002,6.4226259,0.78691451,250.4,2.0000002,0,0,0,0,0,19361,16.141889,12
50,20,0.5,2,18,100,4.6018902,383.49085,8.4140676,194.09655,6.3681288,0.78558686,252.5,2.0000002,0,0,0,0,0,16801,16.014969,12
50,20,0.5,2,19,100,4.6132675,384.43896,8.4168164,194.15996,6.3715038,0.78548783,250.4,2.0000002,0,0,0,0,0,18225,16.049333,12
50,20,0.75,1,0,100,4.9232956,410.27463,9.0575086,208.93951,6.9777908,0.85997701,252.1,2.0000001,0,0,0,0,0,20023,15.917083,12
50,20,0.75,1,1,100,4.9383835,411.53196,8.9482157,206.41834,6.8833025,0.84968444,226.8,2.0000003,0,0,0,0,0,21303,16.160418,12
50,20,0.75,1,2,100,4.9284592,410.70493,8.9584635,206.65473,6.8217568,0.84934722,237.2,2.0000002,0,0,0,0,0,22005,16.109525,12
50,20,0.75,1,3,100,4.9378006,411.48339,8.8192419,203.44315,6.7600279,0.82973363,233.6,2.0000008,0,0,0,0,0,20939,16.394798,12
50,20,0.75,1,4,100,4.8572702,404.77252,8.8169119,203.38941,6.6753486,0.83657968,241,2.0000003,0,0,0,0,0,21002,16.131857,12
50,20,0.75,1,5,100,4.8825462,406.87885,8.9066356,205.45916,6.8464819,0.84031943,245.9,2.0000003,0,0,0,0,0,20940,16.052476,12
50,20,0.75,1,6,100,4.913893,409.49108,8.8770565,204.77683,6.7788418,0.8506124,230.4,2.0000002,0,0,0,0,0,22721,16.20949,12
50,20,0.75,1,7,100,4.956746,413.06217,8.8340407,203.78453,6.7395242,0.8454065,223.6,2.0000004,0,0,0,0,0,21126,16.429826,12
50,20,0.75,1,8,100,4.9145178,409.54315,9.0477248,208.71382,6.9194288,0.8556716,244.2,2.0000001,0,0,0,0,0,21275,15.905872,12
50,20,0.75,1,9,100,4.9185468,409.8789,9.0295236,208.29395,6.9490631,0.85404263,248.6,2.0000001,0,0,0,0,0,20250,15.951061,12
50,20,0.75,1,10,100,4.9022469,408.52057,9.040857,208.55539,6.9007415,0.85516943,248.2,2.0000001,0,0,0,0,0,22500,15.87839,12
50,20,0.75,1,11,100,4.879873,406.65608,8.9102616,205.54281,6.7814034,0.84857585,234.7,2.0000003,0,0,0,0,0,21724,16.037244,12
50,20,0.75,1,12,100,4.919318,409.94316,8.8899001,205.07311,6.8803419,0.84416921,247.3,2.0000002,0,0,0,0,0,20690,16.203737,12
50,20,0.75,1,13,100,4.9232723,410.27269,8.9151166,205.6548,6.8774688,0.84415045,246.4,2.0000003,0,0,0,0,0,21668,16.170905,12
50,20,0.75,1,14,100,4.9292904,410.7742,8.8654562,204.50923,6.7798341,0.84280307,227.8,2.0000004,0,0,0,0,0,20690,16.281254,12
50,20,0.75,1,15,100,4.9268838,410.57365,9.0326157,208.36528,6.9127584,0.85323579,242.8,2.0000001,0,0,0,0,0,21348,15.972622,12
50,20,0.75,1,16,100,4.9526636,412.72196,8.9192276,205.74963,6.8352501,0.84722769,235,2.0000003,0,0,0,0,0,21186,16.259931,12
50,20,0.75,1,17,100,5.0118605,417.65505,8.8632137,204.4575,6.8121389,0.84557636,221.2,2.0000007,0,0,0,0,0,21329,16.558014,12
50,20,0.75,1,18,100,4.895081,407.92341,9.0329748,208.37357,6.9098922,0.85655948,247,2.0000001,0,0,0,0,0,20092,15.869043,12
50,20,0.75,1,19,100,4.949278,412.43984,8.9648316,206.80163,6.8672003,0.84878706,228.5,2.0000002,0,0,0,0,0,22175,16.166122,12
50,20,0.75,2,0,100,4.839075,403.25625,8.5481146,197.18876,6.5992096,0.7901362,245.9,2.0000003,0,0,0,0,0,20761,16.576099,12
50,20,0.75,2,1,100,4.8386659,403.22216,8.5581614,197.42052,6.6037401,0.78850094,245.8,2.0000003,0,0,0,0,0,21424,16.555311,12
50,20,0.75,2,2,100,4.8265326,402.21105,8.5751229,197.81179,6.5951266,0.78770018,247.7,2.0000003,0,0,0,0,0,21939,16.481157,12
50,20,0.75,2,3,100,4.8577053,404.80878,8.5534875,197.3127,6.6279936,0.79271168,245.2,2.0000003,0,0,0,0,0,20631,16.629391,12
50,20,0.75,2,4,100,4.7715883,397.63236,8.5607344,197.47988,6.5515986,0.78783674,251.8,2.0000002,0,0,0,0,0,20789,16.321119,12
50,20,0.75,2,5,100,4.7989827,399.91522,8.5569959,197.39364,6.5623556,0.78725146,248.8,2.0000002,0,0,0,0,0,20940,16.421892,12
50,20,0.75,2,6,100,4.8254779,402.12316,8.5481172,197.18882,6.575475,0.79502474,246.5,2.0000003,0,0,0,0,0,22607,16.529634,12
50,20,0.75,2,7,100,4.8730219,406.08516,8.5545053,197.33618,6.6337481,0.79502491,243.3,2.0000003,0,0,0,0,0,20556,16.6798,12
50,20,0.75,2,8,100,4.7901915,399.18263,8.5539268,197.32284,6.5470328,0.78715542,249.8,2.0000002,0,0,0,0,0,21791,16.397736,12
50,20,0.75,2,9,100,4.8326399,402.71999,8.5439918,197.09366,6.5765396,0.78487699,244,2.0000003,0,0,0,0,0,20948,16.562031,12
50,20,0.75,2,10,100,4.8515612,404.29677,8.5665443,197.6139,6.5832307,0.78832559,244.5,2.0000003,0,0,0,0,0,23417,16.583172,12
50,20,0.75,2,11,100,4.784793,398.73275,8.5666691,197.61678,6.544063,0.79290041,248.2,2.0000002,0,0,0,0,0,21450,16.354938,12
50,20,0.75,2,12,100,4.8554991,404.62493,8.5525886,197.29197,6.6167828,0.79598608,244.6,2.0000003,0,0,0,0,0,20717,16.623636,12
50,20,0.75,2,13,100,4.8306312,402.5526,8.5655188,197.59025,6.5923857,0.78957883,247.7,2.0000003,0,0,0,0,0,21612,16.513627,12
50,20,0.75,2,14,100,4.854751,404.56259,8.5548932,197.34513,6.6180254,0.79039212,245.5,2.0000003,0,0,0,0,0,20603,16.616532,12
50,20,0.75,2,15,100,4.8253675,402.11396,8.5643957,197.56434,6.5798937,0.78526931,247,2.0000003,0,0,0,0,0,21940,16.497786,12
50,20,0.75,2,16,100,4.8892919,407.44099,8.5728624,197.75965,6.6610539,0.79218525,244.4,2.0000003,0,0,0,0,0,21076,16.699639,12
50,20,0.75,2,17,100,4.9571146,413.09289,8.6000217,198.38616,6.7411227,0.79956651,242,2.0000004,0,0,0,0,0,21367,16.877658,12
50,20,0.75,2,18,100,4.782054,398.5045,8.5451066,197.11937,6.5361185,0.78624032,248.9,2.0000002,0,0,0,0,0,20795,16.386768,12
50,20,0.75,2,19,100,4.8602786,405.02322,8.5672673,197.63058,6.613364,0.78895165,244.4,2.0000003,0,0,0,0,0,22602,16.611559,12
50,20,1,1,0,100,5.0955012,424.6251,9.0853831,209.58253,7.1501828,0.87054006,245.5,2.0000001,0,0,0,0,0,21950,16.423,12
50,20,1,1,1,100,5.0885956,424.04964,9.0777988,209.40757,7.1423326,0.86889345,243.7,2.0000001,0,0,0,0,0,22782,16.414166,12
50,20,1,1,2,100,5.0926473,424.38727,9.1014978,209.95426,7.1549062,0.87130267,243.8,2.0000001,0,0,0,0,0,22688,16.384411,12
50,20,1,1,3,100,5.0854274,423.78562,9.0621539,209.04667,7.1659678,0.86350574,251.8,2.0000001,0,0,0,0,0,22736,16.432412,12
50,20,1,1,4,100,5.0838142,423.65119,9.0869239,209.61807,7.1913471,0.86676937,255.9,2.0000001,0,0,0,0,0,22000,16.382564,12
50,20,1,1,5,100,5.0858417,423.82015,9.0758427,209.36245,7.1767412,0.8656099,252.5,2.0000001,0,0,0,0,0,22674,16.408864,12
50,20,1,1,6,100,5.0841428,423.67857,9.0885652,209.65593,7.1634191,0.87429956,245.9,2.0000001,0,0,0,0,0,21221,16.380842,12
50,20,1,1,7,100,5.0965599,424.71333,9.0671096,209.16099,7.1645267,0.86623571,251.2,2.0000001,0,0,0,0,0,22621,16.459348,12
50,20,1,1,8,100,5.0895371,424.12809,9.088507,209.65459,7.1517632,0.87150626,245.5,2.0000001,0,0,0,0,0,22020,16.39808,12
50,20,1,1,9,100,5.0956886,424.64072,9.0746914,209.33589,7.1313727,0.86685772,241.9,2.0000001,0,0,0,0,0,22687,16.442555,12
50,20,1,1,10,100,5.0924619,424.37183,9.0876331,209.63443,7.143159,0.87127971,243.5,2.0000001,0,0,0,0,0,22750,16.408821,12
50,20,1,1,11,100,5.0994293,424.95244,9.109889,210.14783,7.1539627,0.87887449,243.9,2.0000001,0,0,0,0,0,23532,16.391541,12
50,20,1,1,12,100,5.0912979,424.27483,9.0575082,208.9395,7.1614193,0.86825894,251.5,2.0000001,0,0,0,0,0,22654,16.459815,12
50,20,1,1,13,100,5.0943084,424.5257,9.0812238,209.48658,7.1769521,0.86671042,254.8,2.0000001,0,0,0,0,0,22771,16.426426,12
50,20,1,1,14,100,5.0965678,424.71398,9.0837368,209.54455,7.1486234,0.86982369,245.4,2.0000001,0,0,0,0,0,21780,16.429393,12
50,20,1,1,15,100,5.0996187,424.96822,9.093952,209.78019,7.1477988,0.87085664,244.9,2.0000001,0,0,0,0,0,21896,16.420541,12
50,20,1,1,16,100,5.0900708,424.17257,9.0963182,209.83478,7.1492594,0.86972916,243.9,2.0000001,0,0,0,0,0,22774,16.385673,12
50,20,1,1,17,100,5.0919549,424.32958,9.1131227,210.22243,7.1601923,0.87255445,244.2,2.0000001,0,0,0,0,0,22689,16.361674,12
50,20,1,1,18,100,5.0947028,424.55857,9.0902386,209.69453,7.1480174,0.87193953,243.8,2.0000001,0,0,0,0,0,22697,16.411539,12
50,20,1,1,19,100,5.0982873,424.85727,9.0910508,209.71327,7.1429489,0.87231802,242.2,2.0000001,0,0,0,0,0,22748,16.421543,12
50,20,1,2,0,100,5.1107147,425.89289,8.6177645,198.79545,6.8401655,0.8034442,229.1,2.0000007,0,0,0,0,0,24653,17.364325,12
50,20,1,2,1,100,5.1065126,425.54271,8.6170847,198.77977,6.839675,0.80296303,229,2.0000007,0,0,0,0,0,24693,17.351447,12
50,20,1,2,2,100,5.110456,425.87134,8.6389441,199.28403,6.852564,0.80522478,229.7,2.0000007,0,0,0,0,0,24653,17.320896,12
50,20,1,2,3,100,5.1046557,425.38798,8.626912,199.00647,6.847628,0.80311541,230.8,2.0000007,0,0,0,0,0,24689,17.325395,12
50,20,1,2,4,100,5.1044403,425.37002,8.6407577,199.32586,6.8653473,0.80532837,232.6,2.0000006,0,0,0,0,0,24752,17.296947,12
50,20,1,2,5,100,5.1061356,425.5113,8.6317578,199.11825,6.8527805,0.80395192,230.8,2.0000007,0,0,0,0,0,24705,17.320708,12
50,20,1,2,6,100,5.1038522,425.32102,8.6269571,199.00751,6.8582815,0.80835858,230.9,2.0000007,0,0,0,0,0,23819,17.322642,12
50,20,1,2,7,100,5.1128428,426.07023,8.6232278,198.92148,6.8326712,0.80474649,227.7,2.0000008,0,0,0,0,0,24668,17.360569,12
50,20,1,2,8,100,5.1064455,425.53712,8.6295847,199.06812,6.8536269,0.8055562,231.8,2.0000006,0,0,0,0,0,24670,17.32613,12
50,20,1,2,9,100,5.1093988,425.78324,8.6132428,198.69115,6.8239277,0.79941817,227.2,2.0000009,0,0,0,0,0,24687,17.368931,12
50,20,1,2,10,100,5.1098532,425.8211,8.6269047,199.0063,6.8383603,0.80483045,228.9,2.0000008,0,0,0,0,0,24665,17.343048,12
50,20,1,2,11,100,5.1182022,426.51685,8.6408456,199.32789,6.8414373,0.81184582,227.8,2.0000008,0,0,0,0,0,25472,17.343374,12
50,20,1,2,12,100,5.110876,425.90634,8.6191767,198.82803,6.8308894,0.80774093,227.8,2.0000008,0,0,0,0,0,24676,17.362063,12
50,20,1,2,13,100,5.1143407,426.19506,8.6328614,199.14371,6.8412946,0.80397658,229.7,2.0000007,0,0,0,0,0,25546,17.346276,12
50,20,1,2,14,100,5.1157342,426.31118,8.620509,198.85876,6.8381971,0.80333091,228.7,2.0000008,0,0,0,0,0,24464,17.375788,12
50,20,1,2,15,100,5.1154216,426.28513,8.6254212,198.97208,6.8352771,0.80361087,227.8,2.0000008,0,0,0,0,0,24602,17.364839,12
50,20,1,2,16,100,5.1067482,425.56235,8.6317732,199.11861,6.8467197,0.80267332,230,2.0000007,0,0,0,0,0,24708,17.322734,12
50,20,1,2,17,100,5.1087024,425.7252,8.6410265,199.33206,6.8530051,0.80530914,230,2.0000007,0,0,0,0,0,24678,17.310824,12
50,20,1,2,18,100,5.1105444,425.8787,8.6198476,198.84351,6.8376981,0.803963,228.5,2.0000008,0,0,0,0,0,24684,17.359568,12
50,20,1,2,19,100,5.1082921,425.69101,8.6198738,198.84411,6.8429722,0.80497936,228.8,2.0000008,0,0,0,0,0,24690,17.351896,12
